base_date,date,etf_code,etf_name,etf_type,base_index,cu_size,listing_date,delisting_date,mktcap,close,ret,nav,disparity,shares_out,num_cu,cu_value
20260702,20260703,A0000J0,PLUS 한화그룹주,일반,FnGuide 한화그룹주 지수,50000.0,20241224,,116828.25,30345.0,1.4,30265.98,0.26,3850000.0,77.0,1513299000.0
20260702,20260706,A0000J0,PLUS 한화그룹주,일반,FnGuide 한화그룹주 지수,50000.0,20241224,,119600.25,31065.0,2.37,31055.78,0.03,3850000.0,77.0,1552789000.0
20260702,20260707,A0000J0,PLUS 한화그룹주,일반,FnGuide 한화그룹주 지수,50000.0,20241224,,112220.0,28055.0,-9.69,28159.42,-0.37,4000000.0,80.0,1407971000.0
20260702,20260708,A0000J0,PLUS 한화그룹주,일반,FnGuide 한화그룹주 지수,50000.0,20241224,,103780.0,25945.0,-7.52,26150.96,-0.79,4000000.0,80.0,1307548000.0
20260702,20260709,A0000J0,PLUS 한화그룹주,일반,FnGuide 한화그룹주 지수,50000.0,20241224,,104140.0,25400.0,-2.1,25346.02,0.21,4100000.0,82.0,1267301000.0
20260702,20260703,A0000Z0,RISE 바이오TOP10액티브,일반,KRX 바이오 TOP 10 지수,50000.0,20241224,,62002.0,10690.0,-2.33,10622.18,0.64,5800000.0,116.0,531109000.0
20260702,20260706,A0000Z0,RISE 바이오TOP10액티브,일반,KRX 바이오 TOP 10 지수,50000.0,20241224,,60392.5,10150.0,-5.05,10093.89,0.56,5950000.0,119.0,504694500.0
20260702,20260707,A0000Z0,RISE 바이오TOP10액티브,일반,KRX 바이오 TOP 10 지수,50000.0,20241224,,61389.5,10405.0,2.51,10404.17,0.01,5900000.0,118.0,520208500.0
20260702,20260708,A0000Z0,RISE 바이오TOP10액티브,일반,KRX 바이오 TOP 10 지수,50000.0,20241224,,57377.5,9725.0,-6.54,9683.24,0.43,5900000.0,118.0,484162000.0
20260702,20260709,A0000Z0,RISE 바이오TOP10액티브,일반,KRX 바이오 TOP 10 지수,50000.0,20241224,,56964.5,9655.0,-0.72,9544.99,1.15,5900000.0,118.0,477249500.0
20260702,20260703,A0001P0,마이티 바이오시밀러&CDMO액티브,일반,FnGuide 바이오시밀러&CDMO 지수,40000.0,20241224,,10931.2,9760.0,-0.41,9838.99,-0.8,1120000.0,28.0,393559600.0
20260702,20260706,A0001P0,마이티 바이오시밀러&CDMO액티브,일반,FnGuide 바이오시밀러&CDMO 지수,40000.0,20241224,,10556.0,9425.0,-3.43,9507.03,-0.86,1120000.0,28.0,380281200.0
20260702,20260707,A0001P0,마이티 바이오시밀러&CDMO액티브,일반,FnGuide 바이오시밀러&CDMO 지수,40000.0,20241224,,10824.8,9665.0,2.55,9682.73,-0.18,1120000.0,28.0,387309200.0
20260702,20260708,A0001P0,마이티 바이오시밀러&CDMO액티브,일반,FnGuide 바이오시밀러&CDMO 지수,40000.0,20241224,,10360.0,9250.0,-4.29,9156.91,1.02,1120000.0,28.0,366276400.0
20260702,20260709,A0001P0,마이티 바이오시밀러&CDMO액티브,일반,FnGuide 바이오시밀러&CDMO 지수,40000.0,20241224,,10164.0,9075.0,-1.89,9014.1,0.68,1120000.0,28.0,360564000.0
20260702,20260703,A0005D0,SOL 전고체배터리&실리콘음극재,일반,FnGuide 전고체배터리&실리콘음극재 지수(PR),50000.0,20250107,,141027.5,14845.0,0.75,14845.19,0.0,9500000.0,190.0,742259500.0
20260702,20260706,A0005D0,SOL 전고체배터리&실리콘음극재,일반,FnGuide 전고체배터리&실리콘음극재 지수(PR),50000.0,20250107,,133083.0,14310.0,-3.6,14328.08,-0.13,9300000.0,186.0,716404000.0
20260702,20260707,A0005D0,SOL 전고체배터리&실리콘음극재,일반,FnGuide 전고체배터리&실리콘음극재 지수(PR),50000.0,20250107,,131741.5,14090.0,-1.54,14044.01,0.33,9350000.0,187.0,702200500.0
20260702,20260708,A0005D0,SOL 전고체배터리&실리콘음극재,일반,FnGuide 전고체배터리&실리콘음극재 지수(PR),50000.0,20250107,,120989.0,12940.0,-8.16,12957.8,-0.14,9350000.0,187.0,647890000.0
20260702,20260709,A0005D0,SOL 전고체배터리&실리콘음극재,일반,FnGuide 전고체배터리&실리콘음극재 지수(PR),50000.0,20250107,,121316.25,12975.0,0.27,12920.9,0.42,9350000.0,187.0,646045000.0
20260702,20260703,A0005G0,IBK K-AI반도체코어테크,일반,FnGuide K-AI반도체 코어테크 지수,50000.0,20250121,,219958.0,61960.0,6.51,61743.31,0.35,3550000.0,71.0,3087165500.0
20260702,20260706,A0005G0,IBK K-AI반도체코어테크,일반,FnGuide K-AI반도체 코어테크 지수,50000.0,20250121,,211136.25,59475.0,-4.01,59444.29,0.05,3550000.0,71.0,2972214500.0
20260702,20260707,A0005G0,IBK K-AI반도체코어테크,일반,FnGuide K-AI반도체 코어테크 지수,50000.0,20250121,,198252.0,55070.0,-7.41,55461.7,-0.71,3600000.0,72.0,2773085000.0
20260702,20260708,A0005G0,IBK K-AI반도체코어테크,일반,FnGuide K-AI반도체 코어테크 지수,50000.0,20250121,,185076.0,51410.0,-6.65,51564.34,-0.3,3600000.0,72.0,2578217000.0
20260702,20260709,A0005G0,IBK K-AI반도체코어테크,일반,FnGuide K-AI반도체 코어테크 지수,50000.0,20250121,,191178.0,53105.0,3.3,53290.32,-0.35,3600000.0,72.0,2664516000.0
20260702,20260703,A0007N0,아이엠에셋 200,일반,코스피 200,50000.0,20250211,,118750.5,131945.0,5.78,131302.55,0.49,900000.0,18.0,6565127499.999999
20260702,20260706,A0007N0,아이엠에셋 200,일반,코스피 200,50000.0,20250211,,117999.0,131110.0,-0.63,130678.79,0.33,900000.0,18.0,6533939500.0
20260702,20260707,A0007N0,아이엠에셋 200,일반,코스피 200,50000.0,20250211,,112284.0,124760.0,-4.84,123873.53,0.72,900000.0,18.0,6193676500.0
20260702,20260708,A0007N0,아이엠에셋 200,일반,코스피 200,50000.0,20250211,,106299.0,118110.0,-5.33,117077.45,0.88,900000.0,18.0,5853872500.0
20260702,20260709,A0007N0,아이엠에셋 200,일반,코스피 200,50000.0,20250211,,107140.5,119045.0,0.79,118222.07,0.7,900000.0,18.0,5911103500.0
20260702,20260703,A0008T0,SOL 화장품TOP3플러스,일반,FnGuide 화장품TOP3 플러스 지수(PR),50000.0,20250121,,69145.5,14870.0,-0.4,14835.06,0.24,4650000.0,93.0,741753000.0
20260702,20260706,A0008T0,SOL 화장품TOP3플러스,일반,FnGuide 화장품TOP3 플러스 지수(PR),50000.0,20250121,,69796.5,15010.0,0.94,15041.87,-0.21,4650000.0,93.0,752093500.0
20260702,20260707,A0008T0,SOL 화장품TOP3플러스,일반,FnGuide 화장품TOP3 플러스 지수(PR),50000.0,20250121,,78250.0,15650.0,4.26,15680.61,-0.2,5000000.0,100.0,784030500.0
20260702,20260708,A0008T0,SOL 화장품TOP3플러스,일반,FnGuide 화장품TOP3 플러스 지수(PR),50000.0,20250121,,72677.25,14985.0,-4.25,15043.35,-0.39,4850000.0,97.0,752167500.0
20260702,20260709,A0008T0,SOL 화장품TOP3플러스,일반,FnGuide 화장품TOP3 플러스 지수(PR),50000.0,20250121,,70179.5,14470.0,-3.44,14489.41,-0.13,4850000.0,97.0,724470500.0
20260702,20260703,A0018C0,PLUS 고배당주위클리고정커버드콜,일반,코스피 고배당 위클리 고정 커버드콜 지수,50000.0,20250305,,78548.0,10760.0,1.32,10740.64,0.18,7300000.0,146.0,537032000.0
20260702,20260706,A0018C0,PLUS 고배당주위클리고정커버드콜,일반,코스피 고배당 위클리 고정 커버드콜 지수,50000.0,20250305,,79170.0,10920.0,1.49,10912.81,0.07,7250000.0,145.0,545640500.0
20260702,20260707,A0018C0,PLUS 고배당주위클리고정커버드콜,일반,코스피 고배당 위클리 고정 커버드콜 지수,50000.0,20250305,,78936.0,11040.0,1.1,11066.97,-0.24,7150000.0,143.0,553348500.0
20260702,20260708,A0018C0,PLUS 고배당주위클리고정커버드콜,일반,코스피 고배당 위클리 고정 커버드콜 지수,50000.0,20250305,,78840.0,10950.0,-0.82,10901.33,0.45,7200000.0,144.0,545066500.0
20260702,20260709,A0018C0,PLUS 고배당주위클리고정커버드콜,일반,코스피 고배당 위클리 고정 커버드콜 지수,50000.0,20250305,,77031.25,10625.0,-2.97,10695.28,-0.66,7250000.0,145.0,534764000.00000006
20260702,20260703,A0052D0,TIGER 코리아배당다우존스,일반,Dow Jones Korea Dividend 30 지수 (Price Return),50000.0,20250520,,356511.0,15740.0,2.74,15785.28,-0.29,22650000.0,453.0,789264000.0
20260702,20260706,A0052D0,TIGER 코리아배당다우존스,일반,Dow Jones Korea Dividend 30 지수 (Price Return),50000.0,20250520,,357643.5,15790.0,0.32,15879.48,-0.56,22650000.0,453.0,793974000.0
20260702,20260707,A0052D0,TIGER 코리아배당다우존스,일반,Dow Jones Korea Dividend 30 지수 (Price Return),50000.0,20250520,,358319.5,15890.0,0.63,15967.37,-0.48,22550000.0,451.0,798368500.0
20260702,20260708,A0052D0,TIGER 코리아배당다우존스,일반,Dow Jones Korea Dividend 30 지수 (Price Return),50000.0,20250520,,353584.0,15680.0,-1.32,15653.47,0.17,22550000.0,451.0,782673500.0
20260702,20260709,A0052D0,TIGER 코리아배당다우존스,일반,Dow Jones Korea Dividend 30 지수 (Price Return),50000.0,20250520,,343549.25,15235.0,-2.84,15481.88,-1.59,22550000.0,451.0,774094000.0
20260702,20260703,A0053M0,더제이 중소형포커스액티브,일반,코스피 200 중소형주지수,50000.0,20250722,,6502.5,14450.0,-0.28,14581.96,-0.9,450000.0,9.0,729098000.0
20260702,20260706,A0053M0,더제이 중소형포커스액티브,일반,코스피 200 중소형주지수,50000.0,20250722,,6423.75,14275.0,-1.21,14374.01,-0.69,450000.0,9.0,718700500.0
20260702,20260707,A0053M0,더제이 중소형포커스액티브,일반,코스피 200 중소형주지수,50000.0,20250722,,6329.25,14065.0,-1.47,14149.15,-0.59,450000.0,9.0,707457500.0
20260702,20260708,A0053M0,더제이 중소형포커스액티브,일반,코스피 200 중소형주지수,50000.0,20250722,,5985.0,13300.0,-5.44,13390.9,-0.68,450000.0,9.0,669545000.0
20260702,20260709,A0053M0,더제이 중소형포커스액티브,일반,코스피 200 중소형주지수,50000.0,20250722,,5922.0,13160.0,-1.05,13253.34,-0.7,450000.0,9.0,662667000.0
20260702,20260703,A0074K0,KoAct K수출핵심기업TOP30액티브,일반,KEDI K수출핵심기업TOP30 지수(PR),50000.0,20250708,,155867.0,19730.0,2.1,19684.76,0.23,7900000.0,158.0,984237999.9999999
20260702,20260706,A0074K0,KoAct K수출핵심기업TOP30액티브,일반,KEDI K수출핵심기업TOP30 지수(PR),50000.0,20250708,,153220.5,19395.0,-1.7,19356.74,0.2,7900000.0,158.0,967837000.0000001
20260702,20260707,A0074K0,KoAct K수출핵심기업TOP30액티브,일반,KEDI K수출핵심기업TOP30 지수(PR),50000.0,20250708,,145360.0,18400.0,-5.13,18368.96,0.17,7900000.0,158.0,918448000.0
20260702,20260708,A0074K0,KoAct K수출핵심기업TOP30액티브,일반,KEDI K수출핵심기업TOP30 지수(PR),50000.0,20250708,,134932.0,17080.0,-7.17,17070.55,0.06,7900000.0,158.0,853527500.0
20260702,20260709,A0074K0,KoAct K수출핵심기업TOP30액티브,일반,KEDI K수출핵심기업TOP30 지수(PR),50000.0,20250708,,137018.25,17235.0,0.91,17127.79,0.63,7950000.0,159.0,856389500.0
20260702,20260703,A0080G0,KODEX 방산TOP10,일반,iSelect 방산 TOP10 지수(Price Return),100000.0,20250715,,408811.0,12095.0,2.85,12084.83,0.08,33800000.0,338.0,1208483000.0
20260702,20260706,A0080G0,KODEX 방산TOP10,일반,iSelect 방산 TOP10 지수(Price Return),100000.0,20250715,,412529.0,12205.0,0.91,12238.97,-0.28,33800000.0,338.0,1223897000.0
20260702,20260707,A0080G0,KODEX 방산TOP10,일반,iSelect 방산 TOP10 지수(Price Return),100000.0,20250715,,398664.0,11760.0,-3.65,11750.99,0.08,33900000.0,339.0,1175099000.0
20260702,20260708,A0080G0,KODEX 방산TOP10,일반,iSelect 방산 TOP10 지수(Price Return),100000.0,20250715,,356714.5,10585.0,-9.99,10678.98,-0.88,33700000.0,337.0,1067898000.0
20260702,20260709,A0080G0,KODEX 방산TOP10,일반,iSelect 방산 TOP10 지수(Price Return),100000.0,20250715,,352602.0,10310.0,-2.6,10428.24,-1.13,34200000.0,342.0,1042824000.0
20260702,20260703,A0080Y0,SOL 조선TOP3플러스레버리지,레버리지,FnGuide 조선 TOP3 플러스레버리지(2x) 지수,100000.0,20250715,,148132.0,12770.0,1.83,12697.78,0.57,11600000.0,116.0,1269778000.0
20260702,20260706,A0080Y0,SOL 조선TOP3플러스레버리지,레버리지,FnGuide 조선 TOP3 플러스레버리지(2x) 지수,100000.0,20250715,,156838.5,13405.0,4.97,13464.32,-0.44,11700000.0,117.0,1346432000.0
20260702,20260707,A0080Y0,SOL 조선TOP3플러스레버리지,레버리지,FnGuide 조선 TOP3 플러스레버리지(2x) 지수,100000.0,20250715,,127822.5,10925.0,-18.5,10882.98,0.39,11700000.0,117.0,1088298000.0
20260702,20260708,A0080Y0,SOL 조선TOP3플러스레버리지,레버리지,FnGuide 조선 TOP3 플러스레버리지(2x) 지수,100000.0,20250715,,110448.0,9360.0,-14.32,9489.48,-1.36,11800000.0,118.0,948948000.0
20260702,20260709,A0080Y0,SOL 조선TOP3플러스레버리지,레버리지,FnGuide 조선 TOP3 플러스레버리지(2x) 지수,100000.0,20250715,,106177.5,9075.0,-3.04,8959.39,1.29,11700000.0,117.0,895939000.0
20260702,20260703,A0088N0,WON K-글로벌수급상위,일반,DeepSearch 외인수급 Top20 지수,50000.0,20250812,,17110.0,11800.0,0.08,11778.81,0.18,1450000.0,29.0,588940500.0
20260702,20260706,A0088N0,WON K-글로벌수급상위,일반,DeepSearch 외인수급 Top20 지수,50000.0,20250812,,16580.75,11435.0,-3.09,11472.54,-0.33,1450000.0,29.0,573627000.0
20260702,20260707,A0088N0,WON K-글로벌수급상위,일반,DeepSearch 외인수급 Top20 지수,50000.0,20250812,,16319.75,11255.0,-1.57,11233.33,0.19,1450000.0,29.0,561666500.0
20260702,20260708,A0088N0,WON K-글로벌수급상위,일반,DeepSearch 외인수급 Top20 지수,50000.0,20250812,,15283.0,10540.0,-6.35,10523.88,0.15,1450000.0,29.0,526193999.99999994
20260702,20260709,A0088N0,WON K-글로벌수급상위,일반,DeepSearch 외인수급 Top20 지수,50000.0,20250812,,15225.0,10500.0,-0.38,10445.65,0.52,1450000.0,29.0,522282500.0
20260702,20260703,A0089D0,KODEX 금융고배당TOP10,일반,코스피 200 금융 고배당 TOP 10 지수,100000.0,20250812,,234900.0,13500.0,3.85,13553.25,-0.39,17400000.0,174.0,1355325000.0
20260702,20260706,A0089D0,KODEX 금융고배당TOP10,일반,코스피 200 금융 고배당 TOP 10 지수,100000.0,20250812,,238728.0,13720.0,1.63,13750.96,-0.23,17400000.0,174.0,1375096000.0
20260702,20260707,A0089D0,KODEX 금융고배당TOP10,일반,코스피 200 금융 고배당 TOP 10 지수,100000.0,20250812,,238902.0,13730.0,0.07,13792.92,-0.46,17400000.0,174.0,1379292000.0
20260702,20260708,A0089D0,KODEX 금융고배당TOP10,일반,코스피 200 금융 고배당 TOP 10 지수,100000.0,20250812,,234726.0,13490.0,-1.75,13474.35,0.12,17400000.0,174.0,1347435000.0
20260702,20260709,A0089D0,KODEX 금융고배당TOP10,일반,코스피 200 금융 고배당 TOP 10 지수,100000.0,20250812,,227853.0,13095.0,-2.93,13141.63,-0.35,17400000.0,174.0,1314163000.0
20260702,20260703,A0090B0,PLUS K방산소부장,일반,Akros K방산소부장 지수(PR),50000.0,20250826,,13356.75,8095.0,2.08,8061.24,0.42,1650000.0,33.0,403062000.0
20260702,20260706,A0090B0,PLUS K방산소부장,일반,Akros K방산소부장 지수(PR),50000.0,20250826,,14586.0,8580.0,5.99,8544.63,0.41,1700000.0,34.0,427231499.99999994
20260702,20260707,A0090B0,PLUS K방산소부장,일반,Akros K방산소부장 지수(PR),50000.0,20250826,,13625.5,8015.0,-6.59,8055.02,-0.5,1700000.0,34.0,402751000.0
20260702,20260708,A0090B0,PLUS K방산소부장,일반,Akros K방산소부장 지수(PR),50000.0,20250826,,11936.0,7460.0,-6.92,7515.13,-0.73,1600000.0,32.0,375756500.0
20260702,20260709,A0090B0,PLUS K방산소부장,일반,Akros K방산소부장 지수(PR),50000.0,20250826,,11896.0,7435.0,-0.34,7379.52,0.75,1600000.0,32.0,368976000.0
20260702,20260703,A0091P0,TIGER 코리아원자력,일반,iSelect 코리아 원자력 지수 (Price Return),50000.0,20250819,,570475.75,16705.0,0.75,16639.28,0.39,34150000.0,683.0,831964000.0
20260702,20260706,A0091P0,TIGER 코리아원자력,일반,iSelect 코리아 원자력 지수 (Price Return),50000.0,20250819,,564984.0,16520.0,-1.11,16585.52,-0.4,34200000.0,684.0,829276000.0
20260702,20260707,A0091P0,TIGER 코리아원자력,일반,iSelect 코리아 원자력 지수 (Price Return),50000.0,20250819,,543312.0,15840.0,-4.12,15798.62,0.26,34300000.0,686.0,789931000.0
20260702,20260708,A0091P0,TIGER 코리아원자력,일반,iSelect 코리아 원자력 지수 (Price Return),50000.0,20250819,,498933.75,14525.0,-8.3,14579.92,-0.38,34350000.0,687.0,728996000.0
20260702,20260709,A0091P0,TIGER 코리아원자력,일반,iSelect 코리아 원자력 지수 (Price Return),50000.0,20250819,,498036.0,14520.0,-0.03,14604.13,-0.58,34300000.0,686.0,730206500.0
20260702,20260703,A0092B0,SOL 한국원자력SMR,일반,FnGuide 한국원자력 SMR 지수(PR),50000.0,20250819,,129842.5,15550.0,0.06,15576.78,-0.17,8350000.0,167.0,778839000.0
20260702,20260706,A0092B0,SOL 한국원자력SMR,일반,FnGuide 한국원자력 SMR 지수(PR),50000.0,20250819,,129425.0,15500.0,-0.32,15549.06,-0.32,8350000.0,167.0,777453000.0
20260702,20260707,A0092B0,SOL 한국원자력SMR,일반,FnGuide 한국원자력 SMR 지수(PR),50000.0,20250819,,123090.0,14920.0,-3.74,14916.0,0.03,8250000.0,165.0,745800000.0
20260702,20260708,A0092B0,SOL 한국원자력SMR,일반,FnGuide 한국원자력 SMR 지수(PR),50000.0,20250819,,113478.75,13755.0,-7.81,13810.78,-0.4,8250000.0,165.0,690539000.0
20260702,20260709,A0092B0,SOL 한국원자력SMR,일반,FnGuide 한국원자력 SMR 지수(PR),50000.0,20250819,,111492.0,13680.0,-0.55,13743.04,-0.46,8150000.0,163.0,687152000.0
20260702,20260703,A0093A0,RISE AI반도체TOP10,일반,FnGuide AI반도체TOP10 지수,50000.0,20250826,,198952.0,38260.0,5.57,38251.03,0.02,5200000.0,104.0,1912551500.0
20260702,20260706,A0093A0,RISE AI반도체TOP10,일반,FnGuide AI반도체TOP10 지수,50000.0,20250826,,192582.0,37035.0,-3.2,36978.9,0.15,5200000.0,104.0,1848945000.0
20260702,20260707,A0093A0,RISE AI반도체TOP10,일반,FnGuide AI반도체TOP10 지수,50000.0,20250826,,185270.5,34630.0,-6.49,34766.79,-0.39,5350000.0,107.0,1738339500.0
20260702,20260708,A0093A0,RISE AI반도체TOP10,일반,FnGuide AI반도체TOP10 지수,50000.0,20250826,,177125.0,32500.0,-6.15,32442.16,0.18,5450000.0,109.0,1622108000.0
20260702,20260709,A0093A0,RISE AI반도체TOP10,일반,FnGuide AI반도체TOP10 지수,50000.0,20250826,,185259.0,33380.0,2.71,33363.82,0.05,5550000.0,111.0,1668191000.0
20260702,20260703,A0094M0,RISE 코리아밸류업위클리고정커버드콜,일반,코리아 밸류업 위클리 커버드콜 30% 지수,50000.0,20250902,,155125.0,21250.0,3.16,21127.34,0.58,7300000.0,146.0,1056367000.0
20260702,20260706,A0094M0,RISE 코리아밸류업위클리고정커버드콜,일반,코리아 밸류업 위클리 커버드콜 30% 지수,50000.0,20250902,,156214.0,21110.0,-0.66,21099.81,0.05,7400000.0,148.0,1054990500.0000001
20260702,20260707,A0094M0,RISE 코리아밸류업위클리고정커버드콜,일반,코리아 밸류업 위클리 커버드콜 30% 지수,50000.0,20250902,,154660.0,20350.0,-3.6,20424.11,-0.36,7600000.0,152.0,1021205500.0
20260702,20260708,A0094M0,RISE 코리아밸류업위클리고정커버드콜,일반,코리아 밸류업 위클리 커버드콜 30% 지수,50000.0,20250902,,152248.75,19645.0,-3.46,19570.55,0.38,7750000.0,155.0,978527500.0
20260702,20260709,A0094M0,RISE 코리아밸류업위클리고정커버드콜,일반,코리아 밸류업 위클리 커버드콜 30% 지수,50000.0,20250902,,155037.5,19750.0,0.53,19634.09,0.59,7850000.0,157.0,981704500.0
20260702,20260703,A0098F0,KODEX 원자력SMR,일반,iSelect 원자력SMR 지수(Price Return),50000.0,20250916,,219518.75,15965.0,0.73,15930.55,0.22,13750000.0,275.0,796527500.0
20260702,20260706,A0098F0,KODEX 원자력SMR,일반,iSelect 원자력SMR 지수(Price Return),50000.0,20250916,,219282.0,15890.0,-0.47,15961.6,-0.45,13800000.0,276.0,798080000.0
20260702,20260707,A0098F0,KODEX 원자력SMR,일반,iSelect 원자력SMR 지수(Price Return),50000.0,20250916,,210312.25,15185.0,-4.44,15245.65,-0.4,13850000.0,277.0,762282500.0
20260702,20260708,A0098F0,KODEX 원자력SMR,일반,iSelect 원자력SMR 지수(Price Return),50000.0,20250916,,195573.0,14070.0,-7.34,14115.34,-0.32,13900000.0,278.0,705767000.0
20260702,20260709,A0098F0,KODEX 원자력SMR,일반,iSelect 원자력SMR 지수(Price Return),50000.0,20250916,,190895.25,13985.0,-0.6,14051.32,-0.47,13650000.0,273.0,702566000.0
20260702,20260703,A0098N0,PLUS 자사주매입고배당주,일반,FnGuide 고배당주 플러스 자사주 지수 (PR),50000.0,20250916,,82592.25,12805.0,2.73,12827.39,-0.17,6450000.0,129.0,641369500.0
20260702,20260706,A0098N0,PLUS 자사주매입고배당주,일반,FnGuide 고배당주 플러스 자사주 지수 (PR),50000.0,20250916,,81081.0,12870.0,0.51,12909.8,-0.31,6300000.0,126.0,645490000.0
20260702,20260707,A0098N0,PLUS 자사주매입고배당주,일반,FnGuide 고배당주 플러스 자사주 지수 (PR),50000.0,20250916,,81931.5,13005.0,1.05,13058.72,-0.41,6300000.0,126.0,652936000.0
20260702,20260708,A0098N0,PLUS 자사주매입고배당주,일반,FnGuide 고배당주 플러스 자사주 지수 (PR),50000.0,20250916,,81207.0,12890.0,-0.88,12869.54,0.16,6300000.0,126.0,643477000.0
20260702,20260709,A0098N0,PLUS 자사주매입고배당주,일반,FnGuide 고배당주 플러스 자사주 지수 (PR),50000.0,20250916,,78939.0,12530.0,-2.79,12690.47,-1.26,6300000.0,126.0,634523500.0
20260702,20260703,A0098Z0,FOCUS 200,일반,코스피 200,50000.0,20250923,,67374.0,112290.0,6.99,111567.99,0.65,600000.0,12.0,5578399500.0
20260702,20260706,A0098Z0,FOCUS 200,일반,코스피 200,50000.0,20250923,,77364.0,110520.0,-1.58,111067.87,-0.49,700000.0,14.0,5553393500.0
20260702,20260707,A0098Z0,FOCUS 200,일반,코스피 200,50000.0,20250923,,72943.5,104205.0,-5.71,105338.23,-1.08,700000.0,14.0,5266911500.0
20260702,20260708,A0098Z0,FOCUS 200,일반,코스피 200,50000.0,20250923,,69776.0,99680.0,-4.34,99630.8,0.05,700000.0,14.0,4981540000.0
20260702,20260709,A0098Z0,FOCUS 200,일반,코스피 200,50000.0,20250923,,75386.25,100515.0,0.84,100538.41,-0.02,750000.0,15.0,5026920500.0
20260702,20260703,A0100K0,KODEX 방산TOP10레버리지,레버리지,iSelect 방산 TOP10 레버리지 지수,100000.0,20250916,,52110.0,9650.0,5.93,9688.91,-0.4,5400000.0,54.0,968891000.0
20260702,20260706,A0100K0,KODEX 방산TOP10레버리지,레버리지,iSelect 방산 TOP10 레버리지 지수,100000.0,20250916,,54000.0,10000.0,3.63,9917.38,0.83,5400000.0,54.0,991737999.9999999
20260702,20260707,A0100K0,KODEX 방산TOP10레버리지,레버리지,iSelect 방산 TOP10 레버리지 지수,100000.0,20250916,,49140.0,9100.0,-9.0,9069.64,0.33,5400000.0,54.0,906964000.0
20260702,20260708,A0100K0,KODEX 방산TOP10레버리지,레버리지,iSelect 방산 TOP10 레버리지 지수,100000.0,20250916,,40203.0,7445.0,-18.19,7411.62,0.45,5400000.0,54.0,741162000.0
20260702,20260709,A0100K0,KODEX 방산TOP10레버리지,레버리지,iSelect 방산 TOP10 레버리지 지수,100000.0,20250916,,37260.0,6900.0,-7.32,7020.11,-1.71,5400000.0,54.0,702011000.0
20260702,20260703,A0101N0,RISE AI전력인프라,일반,KRX-Akros AI 전력인프라 지수,50000.0,20250923,,688297.5,22275.0,-2.11,22172.31,0.46,30900000.0,618.0,1108615500.0
20260702,20260706,A0101N0,RISE AI전력인프라,일반,KRX-Akros AI 전력인프라 지수,50000.0,20250923,,674406.0,21720.0,-2.49,21660.97,0.27,31050000.0,621.0,1083048500.0
20260702,20260707,A0101N0,RISE AI전력인프라,일반,KRX-Akros AI 전력인프라 지수,50000.0,20250923,,635536.0,20240.0,-6.81,20321.62,-0.4,31400000.0,628.0,1016081000.0
20260702,20260708,A0101N0,RISE AI전력인프라,일반,KRX-Akros AI 전력인프라 지수,50000.0,20250923,,582454.0,18520.0,-8.5,18664.79,-0.78,31450000.0,629.0,933239500.0
20260702,20260709,A0101N0,RISE AI전력인프라,일반,KRX-Akros AI 전력인프라 지수,50000.0,20250923,,576076.5,18405.0,-0.62,18624.45,-1.18,31300000.0,626.0,931222500.0
20260702,20260703,A0103T0,1Q K소버린AI,일반,iSelect K소버린AI 지수,50000.0,20250930,,24300.0,8100.0,-1.1,8115.47,-0.19,3000000.0,60.0,405773500.0
20260702,20260706,A0103T0,1Q K소버린AI,일반,iSelect K소버린AI 지수,50000.0,20250930,,24120.0,8040.0,-0.74,8071.36,-0.39,3000000.0,60.0,403568000.0
20260702,20260707,A0103T0,1Q K소버린AI,일반,iSelect K소버린AI 지수,50000.0,20250930,,23985.0,7995.0,-0.56,8090.46,-1.18,3000000.0,60.0,404523000.0
20260702,20260708,A0103T0,1Q K소버린AI,일반,iSelect K소버린AI 지수,50000.0,20250930,,23400.0,7800.0,-2.44,7787.24,0.16,3000000.0,60.0,389362000.0
20260702,20260709,A0103T0,1Q K소버린AI,일반,iSelect K소버린AI 지수,50000.0,20250930,,22785.0,7595.0,-2.63,7577.53,0.23,3000000.0,60.0,378876500.0
20260702,20260703,A0104G0,PLUS K방산레버리지,레버리지,FnGuide K-방위산업 레버리지 (2x) 지수,50000.0,20250930,,23147.5,9850.0,7.36,9773.88,0.78,2350000.0,47.0,488693999.99999994
20260702,20260706,A0104G0,PLUS K방산레버리지,레버리지,FnGuide K-방위산업 레버리지 (2x) 지수,50000.0,20250930,,23711.5,10090.0,2.44,10194.58,-1.03,2350000.0,47.0,509729000.0
20260702,20260707,A0104G0,PLUS K방산레버리지,레버리지,FnGuide K-방위산업 레버리지 (2x) 지수,50000.0,20250930,,19939.75,8485.0,-15.91,8639.27,-1.79,2350000.0,47.0,431963500.0
20260702,20260708,A0104G0,PLUS K방산레버리지,레버리지,FnGuide K-방위산업 레버리지 (2x) 지수,50000.0,20250930,,16755.5,7130.0,-15.97,7073.47,0.8,2350000.0,47.0,353673500.0
20260702,20260709,A0104G0,PLUS K방산레버리지,레버리지,FnGuide K-방위산업 레버리지 (2x) 지수,50000.0,20250930,,15275.0,6500.0,-8.84,6599.18,-1.5,2350000.0,47.0,329959000.0
20260702,20260703,A0104N0,TIGER 200타겟위클리커버드콜,일반,코스피 200 타겟 7% 위클리 커버드콜 지수(Price Return),100000.0,20250923,,262959.0,25530.0,5.45,25495.25,0.14,10300000.0,103.0,2549525000.0
20260702,20260706,A0104N0,TIGER 200타겟위클리커버드콜,일반,코스피 200 타겟 7% 위클리 커버드콜 지수(Price Return),100000.0,20250923,,264420.0,25425.0,-0.41,25381.12,0.17,10400000.0,104.0,2538112000.0
20260702,20260707,A0104N0,TIGER 200타겟위클리커버드콜,일반,코스피 200 타겟 7% 위클리 커버드콜 지수(Price Return),100000.0,20250923,,254100.0,24200.0,-4.82,24069.67,0.54,10500000.0,105.0,2406967000.0
20260702,20260708,A0104N0,TIGER 200타겟위클리커버드콜,일반,코스피 200 타겟 7% 위클리 커버드콜 지수(Price Return),100000.0,20250923,,240082.5,22865.0,-5.52,22728.38,0.6,10500000.0,105.0,2272838000.0
20260702,20260709,A0104N0,TIGER 200타겟위클리커버드콜,일반,코스피 200 타겟 7% 위클리 커버드콜 지수(Price Return),100000.0,20250923,,236797.0,22990.0,0.55,22978.94,0.05,10300000.0,103.0,2297894000.0
20260702,20260703,A0104P0,TIGER 코리아배당다우존스위클리커버드콜,일반,KRX 다우존스 코리아 배당 30 타겟 7% 위클리 커버드콜 지수,100000.0,20250923,,20304.0,11280.0,2.27,11334.16,-0.48,1800000.0,18.0,1133416000.0
20260702,20260706,A0104P0,TIGER 코리아배당다우존스위클리커버드콜,일반,KRX 다우존스 코리아 배당 30 타겟 7% 위클리 커버드콜 지수,100000.0,20250923,,20511.0,11395.0,1.02,11400.7,-0.05,1800000.0,18.0,1140070000.0
20260702,20260707,A0104P0,TIGER 코리아배당다우존스위클리커버드콜,일반,KRX 다우존스 코리아 배당 30 타겟 7% 위클리 커버드콜 지수,100000.0,20250923,,20592.0,11440.0,0.39,11471.56,-0.28,1800000.0,18.0,1147156000.0
20260702,20260708,A0104P0,TIGER 코리아배당다우존스위클리커버드콜,일반,KRX 다우존스 코리아 배당 30 타겟 7% 위클리 커버드콜 지수,100000.0,20250923,,20259.0,11255.0,-1.62,11251.75,0.03,1800000.0,18.0,1125175000.0
20260702,20260709,A0104P0,TIGER 코리아배당다우존스위클리커버드콜,일반,KRX 다우존스 코리아 배당 30 타겟 7% 위클리 커버드콜 지수,100000.0,20250923,,19755.0,10975.0,-2.49,11125.45,-1.35,1800000.0,18.0,1112545000.0
20260702,20260703,A0105D0,SOL 한국AI소프트웨어,일반,KEDI 한국AI소프트웨어 지수(PR),50000.0,20250923,,17205.0,9300.0,-1.17,9274.48,0.28,1850000.0,37.0,463724000.0
20260702,20260706,A0105D0,SOL 한국AI소프트웨어,일반,KEDI 한국AI소프트웨어 지수(PR),50000.0,20250923,,17103.25,9245.0,-0.59,9222.03,0.25,1850000.0,37.0,461101500.00000006
20260702,20260707,A0105D0,SOL 한국AI소프트웨어,일반,KEDI 한국AI소프트웨어 지수(PR),50000.0,20250923,,16560.0,9200.0,-0.49,9266.89,-0.72,1800000.0,36.0,463344500.0
20260702,20260708,A0105D0,SOL 한국AI소프트웨어,일반,KEDI 한국AI소프트웨어 지수(PR),50000.0,20250923,,16029.0,8905.0,-3.21,8888.84,0.18,1800000.0,36.0,444442000.0
20260702,20260709,A0105D0,SOL 한국AI소프트웨어,일반,KEDI 한국AI소프트웨어 지수(PR),50000.0,20250923,,15516.0,8620.0,-3.2,8636.83,-0.19,1800000.0,36.0,431841500.0
20260702,20260703,A0105E0,SOL 코리아고배당,일반,FnGuide 코리아 고배당 지수(PR),50000.0,20250923,,555720.0,13200.0,3.04,13217.2,-0.13,42100000.0,842.0,660860000.0
20260702,20260706,A0105E0,SOL 코리아고배당,일반,FnGuide 코리아 고배당 지수(PR),50000.0,20250923,,560140.5,13305.0,0.8,13322.07,-0.13,42100000.0,842.0,666103500.0
20260702,20260707,A0105E0,SOL 코리아고배당,일반,FnGuide 코리아 고배당 지수(PR),50000.0,20250923,,557860.5,13330.0,0.19,13366.84,-0.28,41850000.0,837.0,668342000.0
20260702,20260708,A0105E0,SOL 코리아고배당,일반,FnGuide 코리아 고배당 지수(PR),50000.0,20250923,,547521.0,13130.0,-1.5,13169.52,-0.3,41700000.0,834.0,658476000.0
20260702,20260709,A0105E0,SOL 코리아고배당,일반,FnGuide 코리아 고배당 지수(PR),50000.0,20250923,,537657.0,12940.0,-1.45,12894.44,0.35,41550000.0,831.0,644722000.0
20260702,20260703,A0111J0,HANARO 증권고배당TOP3플러스,일반,FnGuide 증권 고배당 TOP3 플러스 지수,50000.0,20251028,,70889.0,15580.0,7.41,15631.86,-0.33,4550000.0,91.0,781593000.0
20260702,20260706,A0111J0,HANARO 증권고배당TOP3플러스,일반,FnGuide 증권 고배당 TOP3 플러스 지수,50000.0,20251028,,73596.25,16175.0,3.82,16146.96,0.17,4550000.0,91.0,807348000.0
20260702,20260707,A0111J0,HANARO 증권고배당TOP3플러스,일반,FnGuide 증권 고배당 TOP3 플러스 지수,50000.0,20251028,,70087.5,15575.0,-3.71,15523.95,0.33,4500000.0,90.0,776197500.0
20260702,20260708,A0111J0,HANARO 증권고배당TOP3플러스,일반,FnGuide 증권 고배당 TOP3 플러스 지수,50000.0,20251028,,67230.0,14940.0,-4.08,14918.66,0.14,4500000.0,90.0,745933000.0
20260702,20260709,A0111J0,HANARO 증권고배당TOP3플러스,일반,FnGuide 증권 고배당 TOP3 플러스 지수,50000.0,20251028,,66217.0,14395.0,-3.65,14311.18,0.59,4600000.0,92.0,715559000.0
20260702,20260703,A0112X0,마이티 200TR,일반,코스피 200 TR지수,50000.0,20251028,,41773.25,49145.0,6.12,49053.88,0.19,850000.0,17.0,2452694000.0
20260702,20260706,A0112X0,마이티 200TR,일반,코스피 200 TR지수,50000.0,20251028,,41395.0,48700.0,-0.91,48825.73,-0.26,850000.0,17.0,2441286500.0
20260702,20260707,A0112X0,마이티 200TR,일반,코스피 200 TR지수,50000.0,20251028,,39193.5,46110.0,-5.32,46275.7,-0.36,850000.0,17.0,2313785000.0
20260702,20260708,A0112X0,마이티 200TR,일반,코스피 200 TR지수,50000.0,20251028,,37234.25,43805.0,-5.0,43724.54,0.18,850000.0,17.0,2186227000.0
20260702,20260709,A0112X0,마이티 200TR,일반,코스피 200 TR지수,50000.0,20251028,,37587.0,44220.0,0.95,44163.64,0.13,850000.0,17.0,2208182000.0
20260702,20260703,A0115D0,KODEX 조선TOP10,일반,KRX 조선 TOP10 지수,50000.0,20251028,,206321.5,8855.0,0.17,8850.23,0.05,23300000.0,466.0,442511500.0
20260702,20260706,A0115D0,KODEX 조선TOP10,일반,KRX 조선 TOP10 지수,50000.0,20251028,,213598.5,9070.0,2.43,9065.84,0.05,23550000.0,471.0,453292000.0
20260702,20260707,A0115D0,KODEX 조선TOP10,일반,KRX 조선 TOP10 지수,50000.0,20251028,,197302.5,8325.0,-8.21,8299.97,0.3,23700000.0,474.0,414998499.99999994
20260702,20260708,A0115D0,KODEX 조선TOP10,일반,KRX 조선 TOP10 지수,50000.0,20251028,,183524.0,7760.0,-6.79,7756.79,0.04,23650000.0,473.0,387839500.0
20260702,20260709,A0115D0,KODEX 조선TOP10,일반,KRX 조선 TOP10 지수,50000.0,20251028,,182310.0,7725.0,-0.45,7544.34,2.39,23600000.0,472.0,377217000.0
20260702,20260703,A0115E0,KODEX 코리아소버린AI,일반,KRX 코리아 소버린 AI 지수,50000.0,20251021,,71181.0,14380.0,0.45,14392.83,-0.09,4950000.0,99.0,719641500.0
20260702,20260706,A0115E0,KODEX 코리아소버린AI,일반,KRX 코리아 소버린 AI 지수,50000.0,20251021,,70389.0,14220.0,-1.11,14198.47,0.15,4950000.0,99.0,709923500.0
20260702,20260707,A0115E0,KODEX 코리아소버린AI,일반,KRX 코리아 소버린 AI 지수,50000.0,20251021,,69300.0,14000.0,-1.55,13997.51,0.02,4950000.0,99.0,699875500.0
20260702,20260708,A0115E0,KODEX 코리아소버린AI,일반,KRX 코리아 소버린 AI 지수,50000.0,20251021,,66429.0,13420.0,-4.14,13397.49,0.17,4950000.0,99.0,669874500.0
20260702,20260709,A0115E0,KODEX 코리아소버린AI,일반,KRX 코리아 소버린 AI 지수,50000.0,20251021,,65909.25,13315.0,-0.78,13368.83,-0.4,4950000.0,99.0,668441500.0
20260702,20260703,A0117V0,TIGER 코리아AI전력기기TOP3플러스,일반,KEDI 코리아AI전력기기TOP3플러스 지수,50000.0,20251021,,1110500.0,22210.0,-2.86,22098.48,0.5,50000000.0,1000.0,1104924000.0
20260702,20260706,A0117V0,TIGER 코리아AI전력기기TOP3플러스,일반,KEDI 코리아AI전력기기TOP3플러스 지수,50000.0,20251021,,1073526.75,21195.0,-4.57,21206.58,-0.05,50650000.0,1013.0,1060329000.0000001
20260702,20260707,A0117V0,TIGER 코리아AI전력기기TOP3플러스,일반,KEDI 코리아AI전력기기TOP3플러스 지수,50000.0,20251021,,1026486.5,19990.0,-5.69,20049.44,-0.3,51350000.0,1027.0,1002471999.9999999
20260702,20260708,A0117V0,TIGER 코리아AI전력기기TOP3플러스,일반,KEDI 코리아AI전력기기TOP3플러스 지수,50000.0,20251021,,939771.75,18195.0,-8.98,18240.54,-0.25,51650000.0,1033.0,912027000.0
20260702,20260709,A0117V0,TIGER 코리아AI전력기기TOP3플러스,일반,KEDI 코리아AI전력기기TOP3플러스 지수,50000.0,20251021,,956228.0,18460.0,1.46,18522.73,-0.34,51800000.0,1036.0,926136500.0
20260702,20260703,A0120J0,BNK 카카오그룹포커스,일반,FnGuide 카카오그룹 포커스 지수,50000.0,20251202,,10146.5,7805.0,-1.33,7855.52,-0.64,1300000.0,26.0,392776000.0
20260702,20260706,A0120J0,BNK 카카오그룹포커스,일반,FnGuide 카카오그룹 포커스 지수,50000.0,20251202,,10166.0,7820.0,0.19,7865.27,-0.58,1300000.0,26.0,393263500.0
20260702,20260707,A0120J0,BNK 카카오그룹포커스,일반,FnGuide 카카오그룹 포커스 지수,50000.0,20251202,,10335.0,7950.0,1.66,7989.44,-0.49,1300000.0,26.0,399472000.0
20260702,20260708,A0120J0,BNK 카카오그룹포커스,일반,FnGuide 카카오그룹 포커스 지수,50000.0,20251202,,10049.0,7730.0,-2.77,7781.08,-0.66,1300000.0,26.0,389054000.0
20260702,20260709,A0120J0,BNK 카카오그룹포커스,일반,FnGuide 카카오그룹 포커스 지수,50000.0,20251202,,9802.0,7540.0,-2.46,7625.99,-1.13,1300000.0,26.0,381299500.0
20260702,20260703,A0138D0,RISE 동학개미,일반,FnGuide 동학개미 지수,50000.0,20251216,,11532.0,14415.0,0.98,14559.85,-0.99,800000.0,16.0,727992500.0
20260702,20260706,A0138D0,RISE 동학개미,일반,FnGuide 동학개미 지수,50000.0,20251216,,11324.0,14155.0,-1.8,14209.53,-0.38,800000.0,16.0,710476500.0
20260702,20260707,A0138D0,RISE 동학개미,일반,FnGuide 동학개미 지수,50000.0,20251216,,10796.0,13495.0,-4.66,13545.3,-0.37,800000.0,16.0,677265000.0
20260702,20260708,A0138D0,RISE 동학개미,일반,FnGuide 동학개미 지수,50000.0,20251216,,8806.0,12580.0,-6.78,12623.81,-0.35,700000.0,14.0,631190500.0
20260702,20260709,A0138D0,RISE 동학개미,일반,FnGuide 동학개미 지수,50000.0,20251216,,8981.0,12830.0,1.99,12912.35,-0.64,700000.0,14.0,645617500.0
20260702,20260703,A0139P0,ACE 고배당주,일반,KRX-Akros 고배당주 20 지수,50000.0,20251216,,54700.0,13675.0,3.4,13709.24,-0.25,4000000.0,80.0,685462000.0
20260702,20260706,A0139P0,ACE 고배당주,일반,KRX-Akros 고배당주 20 지수,50000.0,20251216,,55560.0,13890.0,1.57,13967.29,-0.55,4000000.0,80.0,698364500.0
20260702,20260707,A0139P0,ACE 고배당주,일반,KRX-Akros 고배당주 20 지수,50000.0,20251216,,55620.0,13905.0,0.11,13975.45,-0.5,4000000.0,80.0,698772500.0
20260702,20260708,A0139P0,ACE 고배당주,일반,KRX-Akros 고배당주 20 지수,50000.0,20251216,,54920.0,13730.0,-1.26,13736.9,-0.05,4000000.0,80.0,686845000.0
20260702,20260709,A0139P0,ACE 고배당주,일반,KRX-Akros 고배당주 20 지수,50000.0,20251216,,53220.0,13305.0,-3.1,13269.72,0.27,4000000.0,80.0,663486000.0
20260702,20260703,A0141S0,SOL 조선기자재,일반,FnGuide 조선기자재 지수(PR),50000.0,20251216,,69204.0,9480.0,-0.21,9458.39,0.23,7300000.0,146.0,472919500.0
20260702,20260706,A0141S0,SOL 조선기자재,일반,FnGuide 조선기자재 지수(PR),50000.0,20251216,,68072.5,9325.0,-1.64,9307.9,0.18,7300000.0,146.0,465395000.0
20260702,20260707,A0141S0,SOL 조선기자재,일반,FnGuide 조선기자재 지수(PR),50000.0,20251216,,64787.5,8875.0,-4.83,8871.31,0.04,7300000.0,146.0,443565500.0
20260702,20260708,A0141S0,SOL 조선기자재,일반,FnGuide 조선기자재 지수(PR),50000.0,20251216,,61371.25,8465.0,-4.62,8448.32,0.2,7250000.0,145.0,422416000.0
20260702,20260709,A0141S0,SOL 조선기자재,일반,FnGuide 조선기자재 지수(PR),50000.0,20251216,,59558.75,8215.0,-2.95,8194.86,0.25,7250000.0,145.0,409743000.0
20260702,20260703,A0148J0,TIGER 코리아휴머노이드로봇산업,일반,KEDI 코리아 휴머노이드로봇산업 지수 (PR),50000.0,20260106,,576006.75,9435.0,-0.26,9426.72,0.09,61050000.0,1221.0,471335999.99999994
20260702,20260706,A0148J0,TIGER 코리아휴머노이드로봇산업,일반,KEDI 코리아 휴머노이드로봇산업 지수 (PR),50000.0,20260106,,571485.0,9300.0,-1.43,9296.87,0.03,61450000.0,1229.0,464843500.00000006
20260702,20260707,A0148J0,TIGER 코리아휴머노이드로봇산업,일반,KEDI 코리아 휴머노이드로봇산업 지수 (PR),50000.0,20260106,,549711.0,8895.0,-4.35,8918.39,-0.26,61800000.0,1236.0,445919500.0
20260702,20260708,A0148J0,TIGER 코리아휴머노이드로봇산업,일반,KEDI 코리아 휴머노이드로봇산업 지수 (PR),50000.0,20260106,,512120.0,8260.0,-7.14,8275.21,-0.18,62000000.0,1240.0,413760499.99999994
20260702,20260709,A0148J0,TIGER 코리아휴머노이드로봇산업,일반,KEDI 코리아 휴머노이드로봇산업 지수 (PR),50000.0,20260106,,520817.0,8380.0,1.45,8392.71,-0.15,62150000.0,1243.0,419635499.99999994
20260702,20260703,A0150K0,KoAct 수소전력ESS인프라액티브,일반,FnGuide 수소전력ESS인프라 지수(PR),50000.0,20260113,,27783.0,10290.0,-1.48,10247.87,0.41,2700000.0,54.0,512393500.00000006
20260702,20260706,A0150K0,KoAct 수소전력ESS인프라액티브,일반,FnGuide 수소전력ESS인프라 지수(PR),50000.0,20260113,,27362.5,9950.0,-3.3,9920.5,0.3,2750000.0,55.0,496025000.0
20260702,20260707,A0150K0,KoAct 수소전력ESS인프라액티브,일반,FnGuide 수소전력ESS인프라 지수(PR),50000.0,20260113,,26698.0,9535.0,-4.17,9513.56,0.23,2800000.0,56.0,475678000.0
20260702,20260708,A0150K0,KoAct 수소전력ESS인프라액티브,일반,FnGuide 수소전력ESS인프라 지수(PR),50000.0,20260113,,24514.0,8755.0,-8.18,8813.2,-0.66,2800000.0,56.0,440660000.00000006
20260702,20260709,A0150K0,KoAct 수소전력ESS인프라액티브,일반,FnGuide 수소전력ESS인프라 지수(PR),50000.0,20260113,,24500.0,8750.0,-0.06,8792.22,-0.48,2800000.0,56.0,439610999.99999994
20260702,20260703,A0151P0,RISE 코리아전략산업액티브,일반,KAP 코리아전략산업지수,50000.0,20260120,,203202.0,18815.0,3.38,18718.7,0.51,10800000.0,216.0,935935000.0
20260702,20260706,A0151P0,RISE 코리아전략산업액티브,일반,KAP 코리아전략산업지수,50000.0,20260120,,197585.0,18380.0,-2.31,18344.26,0.19,10750000.0,215.0,917212999.9999999
20260702,20260707,A0151P0,RISE 코리아전략산업액티브,일반,KAP 코리아전략산업지수,50000.0,20260120,,185643.5,17110.0,-6.91,17169.58,-0.35,10850000.0,217.0,858479000.0000001
20260702,20260708,A0151P0,RISE 코리아전략산업액티브,일반,KAP 코리아전략산업지수,50000.0,20260120,,174034.0,16040.0,-6.25,16078.97,-0.24,10850000.0,217.0,803948500.0
20260702,20260709,A0151P0,RISE 코리아전략산업액티브,일반,KAP 코리아전략산업지수,50000.0,20260120,,176085.0,16380.0,2.12,16338.3,0.26,10750000.0,215.0,816915000.0
20260702,20260703,A0152E0,SOL 배당성향탑픽액티브,일반,FnGuide 배당성향탑픽 지수(PR),50000.0,20260113,,30753.0,11390.0,2.71,11465.98,-0.66,2700000.0,54.0,573299000.0
20260702,20260706,A0152E0,SOL 배당성향탑픽액티브,일반,FnGuide 배당성향탑픽 지수(PR),50000.0,20260113,,31212.0,11560.0,1.49,11613.21,-0.46,2700000.0,54.0,580660500.0
20260702,20260707,A0152E0,SOL 배당성향탑픽액티브,일반,FnGuide 배당성향탑픽 지수(PR),50000.0,20260113,,30620.75,11555.0,-0.04,11578.94,-0.21,2650000.0,53.0,578947000.0
20260702,20260708,A0152E0,SOL 배당성향탑픽액티브,일반,FnGuide 배당성향탑픽 지수(PR),50000.0,20260113,,29614.0,11390.0,-1.43,11361.55,0.25,2600000.0,52.0,568077500.0
20260702,20260709,A0152E0,SOL 배당성향탑픽액티브,일반,FnGuide 배당성향탑픽 지수(PR),50000.0,20260113,,28769.0,11065.0,-2.85,11072.86,-0.07,2600000.0,52.0,553643000.0
20260702,20260703,A0153K0,KODEX 주주환원고배당주,일반,Akros 주주환원 고배당 지수 (Price Return),100000.0,20260120,,166455.0,12150.0,2.14,12170.27,-0.17,13700000.0,137.0,1217027000.0
20260702,20260706,A0153K0,KODEX 주주환원고배당주,일반,Akros 주주환원 고배당 지수 (Price Return),100000.0,20260120,,166318.0,12140.0,-0.08,12199.66,-0.49,13700000.0,137.0,1219966000.0
20260702,20260707,A0153K0,KODEX 주주환원고배당주,일반,Akros 주주환원 고배당 지수 (Price Return),100000.0,20260120,,165892.0,12380.0,1.98,12425.18,-0.36,13400000.0,134.0,1242518000.0
20260702,20260708,A0153K0,KODEX 주주환원고배당주,일반,Akros 주주환원 고배당 지수 (Price Return),100000.0,20260120,,160475.0,12250.0,-1.05,12233.07,0.14,13100000.0,131.0,1223307000.0
20260702,20260709,A0153K0,KODEX 주주환원고배당주,일반,Akros 주주환원 고배당 지수 (Price Return),100000.0,20260120,,156650.0,12050.0,-1.63,12200.54,-1.23,13000000.0,130.0,1220054000.0
20260702,20260703,A0154F0,WON 초대형IB&금융지주,일반,iSelect 초대형IB&금융지주 지수,50000.0,20260120,,40808.25,12955.0,4.86,13002.25,-0.36,3150000.0,63.0,650112500.0
20260702,20260706,A0154F0,WON 초대형IB&금융지주,일반,iSelect 초대형IB&금융지주 지수,50000.0,20260120,,41391.0,13140.0,1.43,13189.11,-0.37,3150000.0,63.0,659455500.0
20260702,20260707,A0154F0,WON 초대형IB&금융지주,일반,iSelect 초대형IB&금융지주 지수,50000.0,20260120,,41091.75,13045.0,-0.72,13099.06,-0.41,3150000.0,63.0,654953000.0
20260702,20260708,A0154F0,WON 초대형IB&금융지주,일반,iSelect 초대형IB&금융지주 지수,50000.0,20260120,,40162.5,12750.0,-2.26,12736.71,0.1,3150000.0,63.0,636835500.0
20260702,20260709,A0154F0,WON 초대형IB&금융지주,일반,iSelect 초대형IB&금융지주 지수,50000.0,20260120,,39438.0,12520.0,-1.8,12432.89,0.7,3150000.0,63.0,621644500.0
20260702,20260703,A0155N0,HANARO K휴머노이드테마TOP10,일반,iSelect K휴머노이드테마TOP10 지수,50000.0,20260226,,31860.0,7965.0,1.46,7929.43,0.45,4000000.0,80.0,396471500.0
20260702,20260706,A0155N0,HANARO K휴머노이드테마TOP10,일반,iSelect K휴머노이드테마TOP10 지수,50000.0,20260226,,31620.0,7905.0,-0.75,7900.71,0.05,4000000.0,80.0,395035500.0
20260702,20260707,A0155N0,HANARO K휴머노이드테마TOP10,일반,iSelect K휴머노이드테마TOP10 지수,50000.0,20260226,,30040.0,7510.0,-5.0,7564.94,-0.73,4000000.0,80.0,378247000.0
20260702,20260708,A0155N0,HANARO K휴머노이드테마TOP10,일반,iSelect K휴머노이드테마TOP10 지수,50000.0,20260226,,28820.0,7205.0,-4.06,7198.92,0.08,4000000.0,80.0,359946000.0
20260702,20260709,A0155N0,HANARO K휴머노이드테마TOP10,일반,iSelect K휴머노이드테마TOP10 지수,50000.0,20260226,,28860.0,7215.0,0.14,7193.06,0.31,4000000.0,80.0,359653000.0
20260702,20260703,A0162Y0,TIME 코스닥액티브,일반,코스닥지수,50000.0,20260310,,338276.25,8775.0,0.29,8781.17,-0.07,38550000.0,771.0,439058500.0
20260702,20260706,A0162Y0,TIME 코스닥액티브,일반,코스닥지수,50000.0,20260310,,322311.25,8275.0,-5.7,8292.83,-0.22,38950000.0,779.0,414641500.0
20260702,20260707,A0162Y0,TIME 코스닥액티브,일반,코스닥지수,50000.0,20260310,,310660.0,7925.0,-4.23,7919.81,0.07,39200000.0,784.0,395990500.0
20260702,20260708,A0162Y0,TIME 코스닥액티브,일반,코스닥지수,50000.0,20260310,,291727.5,7275.0,-8.2,7317.25,-0.58,40100000.0,802.0,365862500.0
20260702,20260709,A0162Y0,TIME 코스닥액티브,일반,코스닥지수,50000.0,20260310,,255220.5,7430.0,2.13,7468.32,-0.51,34350000.0,687.0,373416000.0
20260702,20260703,A0163Y0,KoAct 코스닥액티브,일반,코스닥지수,50000.0,20260310,,535854.0,10120.0,0.1,10111.98,0.08,52950000.0,1059.0,505599000.0
20260702,20260706,A0163Y0,KoAct 코스닥액티브,일반,코스닥지수,50000.0,20260310,,510135.0,9580.0,-5.34,9573.08,0.07,53250000.0,1065.0,478654000.0
20260702,20260707,A0163Y0,KoAct 코스닥액티브,일반,코스닥지수,50000.0,20260310,,494890.5,9285.0,-3.08,9287.02,-0.02,53300000.0,1066.0,464351000.0
20260702,20260708,A0163Y0,KoAct 코스닥액티브,일반,코스닥지수,50000.0,20260310,,469101.0,8655.0,-6.79,8665.08,-0.12,54200000.0,1084.0,433254000.0
20260702,20260709,A0163Y0,KoAct 코스닥액티브,일반,코스닥지수,50000.0,20260310,,453824.0,8960.0,3.52,8896.28,0.72,50650000.0,1013.0,444814000.00000006
20260702,20260703,A0166N0,PLUS 코스닥150액티브,일반,코스닥 150,50000.0,20260317,,35880.0,8970.0,0.5,8927.36,0.48,4000000.0,80.0,446368000.0
20260702,20260706,A0166N0,PLUS 코스닥150액티브,일반,코스닥 150,50000.0,20260317,,34932.0,8520.0,-5.02,8481.94,0.45,4100000.0,82.0,424097000.0
20260702,20260707,A0166N0,PLUS 코스닥150액티브,일반,코스닥 150,50000.0,20260317,,34314.0,8170.0,-4.11,8175.25,-0.06,4200000.0,84.0,408762500.0
20260702,20260708,A0166N0,PLUS 코스닥150액티브,일반,코스닥 150,50000.0,20260317,,31857.0,7585.0,-7.16,7618.03,-0.43,4200000.0,84.0,380901500.0
20260702,20260709,A0166N0,PLUS 코스닥150액티브,일반,코스닥 150,50000.0,20260317,,32703.75,7695.0,1.45,7736.29,-0.53,4250000.0,85.0,386814500.0
20260702,20260703,A0166S0,PLUS K제조업핵심기업액티브,일반,Akros K제조업 50 지수,50000.0,20260324,,71020.0,13400.0,4.85,13372.4,0.21,5300000.0,106.0,668620000.0
20260702,20260706,A0166S0,PLUS K제조업핵심기업액티브,일반,Akros K제조업 50 지수,50000.0,20260324,,71021.25,13275.0,-0.93,13271.86,0.02,5350000.0,107.0,663593000.0
20260702,20260707,A0166S0,PLUS K제조업핵심기업액티브,일반,Akros K제조업 50 지수,50000.0,20260324,,66825.0,12375.0,-6.78,12420.48,-0.37,5400000.0,108.0,621024000.0
20260702,20260708,A0166S0,PLUS K제조업핵심기업액티브,일반,Akros K제조업 50 지수,50000.0,20260324,,62060.0,11600.0,-6.26,11579.32,0.18,5350000.0,107.0,578966000.0
20260702,20260709,A0166S0,PLUS K제조업핵심기업액티브,일반,Akros K제조업 50 지수,50000.0,20260324,,63263.75,11825.0,1.94,11730.97,0.8,5350000.0,107.0,586548500.0
20260702,20260703,A0167A0,SOL AI반도체TOP2플러스,일반,FnGuide AI반도체 TOP2 플러스 지수(PR),50000.0,20260317,,7717794.75,24435.0,4.65,24385.45,0.2,315850000.0,6317.0,1219272500.0
20260702,20260706,A0167A0,SOL AI반도체TOP2플러스,일반,FnGuide AI반도체 TOP2 플러스 지수(PR),50000.0,20260317,,7414550.0,23375.0,-4.34,23367.97,0.03,317200000.0,6344.0,1168398500.0
20260702,20260707,A0167A0,SOL AI반도체TOP2플러스,일반,FnGuide AI반도체 TOP2 플러스 지수(PR),50000.0,20260317,,6918707.5,21470.0,-8.15,21597.83,-0.59,322250000.0,6445.0,1079891500.0
20260702,20260708,A0167A0,SOL AI반도체TOP2플러스,일반,FnGuide AI반도체 TOP2 플러스 지수(PR),50000.0,20260317,,6488566.5,20045.0,-6.64,20035.7,0.05,323700000.0,6474.0,1001785000.0
20260702,20260709,A0167A0,SOL AI반도체TOP2플러스,일반,FnGuide AI반도체 TOP2 플러스 지수(PR),50000.0,20260317,,6665986.5,20555.0,2.54,20544.11,0.05,324300000.0,6486.0,1027205500.0
20260702,20260703,A0167B0,SOL 200타겟위클리커버드콜,일반,코스피 200 타겟 15% 위클리 커버드콜 지수,100000.0,20260317,,814900.0,14500.0,5.11,14500.96,-0.01,56200000.0,562.0,1450096000.0
20260702,20260706,A0167B0,SOL 200타겟위클리커버드콜,일반,코스피 200 타겟 15% 위클리 커버드콜 지수,100000.0,20260317,,805000.0,14375.0,-0.86,14441.34,-0.46,56000000.0,560.0,1444134000.0
20260702,20260707,A0167B0,SOL 200타겟위클리커버드콜,일반,코스피 200 타겟 15% 위클리 커버드콜 지수,100000.0,20260317,,769014.0,13635.0,-5.15,13700.78,-0.48,56400000.0,564.0,1370078000.0
20260702,20260708,A0167B0,SOL 200타겟위클리커버드콜,일반,코스피 200 타겟 15% 위클리 커버드콜 지수,100000.0,20260317,,733026.0,13020.0,-4.51,12952.41,0.52,56300000.0,563.0,1295241000.0
20260702,20260709,A0167B0,SOL 200타겟위클리커버드콜,일반,코스피 200 타겟 15% 위클리 커버드콜 지수,100000.0,20260317,,735841.0,13070.0,0.38,13075.83,-0.04,56300000.0,563.0,1307583000.0
20260702,20260703,A0168K0,TIGER 기술이전바이오액티브,일반,KRX 기술이전바이오 지수 (PR),10000.0,20260317,,160975.6,7180.0,-2.51,7147.51,0.45,22420000.0,2242.0,71475100.0
20260702,20260706,A0168K0,TIGER 기술이전바이오액티브,일반,KRX 기술이전바이오 지수 (PR),10000.0,20260317,,155601.0,6780.0,-5.57,6781.33,-0.02,22950000.0,2295.0,67813300.0
20260702,20260707,A0168K0,TIGER 기술이전바이오액티브,일반,KRX 기술이전바이오 지수 (PR),10000.0,20260317,,159433.0,6950.0,2.51,6926.31,0.34,22940000.0,2294.0,69263100.0
20260702,20260708,A0168K0,TIGER 기술이전바이오액티브,일반,KRX 기술이전바이오 지수 (PR),10000.0,20260317,,147347.2,6440.0,-7.34,6442.21,-0.03,22880000.0,2288.0,64422100.0
20260702,20260709,A0168K0,TIGER 기술이전바이오액티브,일반,KRX 기술이전바이오 지수 (PR),10000.0,20260317,,146115.0,6375.0,-1.01,6359.89,0.24,22920000.0,2292.0,63598900.0
20260702,20260703,A0172Y0,ACE K수출핵심TOP10산업액티브,일반,iSelect K수출핵심산업 지수 (시장가격),50000.0,20260331,,10450.0,11000.0,1.95,10994.78,0.05,950000.0,19.0,549739000.0
20260702,20260706,A0172Y0,ACE K수출핵심TOP10산업액티브,일반,iSelect K수출핵심산업 지수 (시장가격),50000.0,20260331,,10454.75,11005.0,0.05,11036.59,-0.29,950000.0,19.0,551829500.0
20260702,20260707,A0172Y0,ACE K수출핵심TOP10산업액티브,일반,iSelect K수출핵심산업 지수 (시장가격),50000.0,20260331,,10036.75,10565.0,-4.0,10545.9,0.18,950000.0,19.0,527295000.0
20260702,20260708,A0172Y0,ACE K수출핵심TOP10산업액티브,일반,iSelect K수출핵심산업 지수 (시장가격),50000.0,20260331,,9371.75,9865.0,-6.63,9903.76,-0.39,950000.0,19.0,495188000.0
20260702,20260709,A0172Y0,ACE K수출핵심TOP10산업액티브,일반,iSelect K수출핵심산업 지수 (시장가격),50000.0,20260331,,9295.75,9785.0,-0.81,9713.05,0.74,950000.0,19.0,485652499.99999994
20260702,20260703,A0176P0,FOCUS AI반도체위클리고정커버드콜,일반,AI 반도체 위클리 고정 30% 커버드콜 지수,50000.0,20260407,,8047.5,16095.0,4.85,16042.06,0.33,500000.0,10.0,802103000.0
20260702,20260706,A0176P0,FOCUS AI반도체위클리고정커버드콜,일반,AI 반도체 위클리 고정 30% 커버드콜 지수,50000.0,20260407,,7785.0,15570.0,-3.26,15514.08,0.36,500000.0,10.0,775704000.0
20260702,20260707,A0176P0,FOCUS AI반도체위클리고정커버드콜,일반,AI 반도체 위클리 고정 30% 커버드콜 지수,50000.0,20260407,,7310.0,14620.0,-6.1,14560.36,0.41,500000.0,10.0,728018000.0
20260702,20260708,A0176P0,FOCUS AI반도체위클리고정커버드콜,일반,AI 반도체 위클리 고정 30% 커버드콜 지수,50000.0,20260407,,6815.0,13630.0,-6.77,13571.4,0.43,500000.0,10.0,678570000.0
20260702,20260709,A0176P0,FOCUS AI반도체위클리고정커버드콜,일반,AI 반도체 위클리 고정 30% 커버드콜 지수,50000.0,20260407,,6940.0,13880.0,1.83,13934.19,-0.39,500000.0,10.0,696709500.0
20260702,20260703,A0177A0,WON 두산그룹포커스,일반,iSelect 두산그룹 포커스 지수,50000.0,20260331,,25398.0,9960.0,0.81,9995.27,-0.35,2550000.0,51.0,499763500.0
20260702,20260706,A0177A0,WON 두산그룹포커스,일반,iSelect 두산그룹 포커스 지수,50000.0,20260331,,25117.5,9850.0,-1.1,9848.12,0.02,2550000.0,51.0,492406000.00000006
20260702,20260707,A0177A0,WON 두산그룹포커스,일반,iSelect 두산그룹 포커스 지수,50000.0,20260331,,23829.75,9345.0,-5.13,9384.25,-0.42,2550000.0,51.0,469212500.0
20260702,20260708,A0177A0,WON 두산그룹포커스,일반,iSelect 두산그룹 포커스 지수,50000.0,20260331,,22185.0,8700.0,-6.9,8733.49,-0.38,2550000.0,51.0,436674500.0
20260702,20260709,A0177A0,WON 두산그룹포커스,일반,iSelect 두산그룹 포커스 지수,50000.0,20260331,,21840.75,8565.0,-1.55,8540.69,0.28,2550000.0,51.0,427034500.0
20260702,20260703,A0177R0,TIGER 반도체TOP10커버드콜액티브,일반,FnGuide 반도체 TOP10 Capped 지수(Price Return),100000.0,20260421,,893592.0,15120.0,3.56,15125.62,-0.04,59100000.0,591.0,1512562000.0
20260702,20260706,A0177R0,TIGER 반도체TOP10커버드콜액티브,일반,FnGuide 반도체 TOP10 Capped 지수(Price Return),100000.0,20260421,,878187.0,14710.0,-2.71,14680.87,0.2,59700000.0,597.0,1468087000.0
20260702,20260707,A0177R0,TIGER 반도체TOP10커버드콜액티브,일반,FnGuide 반도체 TOP10 Capped 지수(Price Return),100000.0,20260421,,837630.0,13620.0,-7.41,13705.18,-0.62,61500000.0,615.0,1370518000.0
20260702,20260708,A0177R0,TIGER 반도체TOP10커버드콜액티브,일반,FnGuide 반도체 TOP10 Capped 지수(Price Return),100000.0,20260421,,801875.0,12830.0,-5.8,12796.68,0.26,62500000.0,625.0,1279668000.0
20260702,20260709,A0177R0,TIGER 반도체TOP10커버드콜액티브,일반,FnGuide 반도체 TOP10 Capped 지수(Price Return),100000.0,20260421,,823606.0,13220.0,3.04,13205.5,0.11,62300000.0,623.0,1320550000.0
20260702,20260703,A0177X0,ACE K휴머노이드로봇산업TOP2+,일반,Akros K-휴머노이드 로봇 TOP2+ 지수 (시장가격),50000.0,20260407,,104275.0,9700.0,1.68,9664.33,0.37,10750000.0,215.0,483216500.0
20260702,20260706,A0177X0,ACE K휴머노이드로봇산업TOP2+,일반,Akros K-휴머노이드 로봇 TOP2+ 지수 (시장가격),50000.0,20260407,,103038.75,9585.0,-1.19,9660.27,-0.78,10750000.0,215.0,483013500.0
20260702,20260707,A0177X0,ACE K휴머노이드로봇산업TOP2+,일반,Akros K-휴머노이드 로봇 TOP2+ 지수 (시장가격),50000.0,20260407,,99735.0,9150.0,-4.54,9190.34,-0.44,10900000.0,218.0,459517000.0
20260702,20260708,A0177X0,ACE K휴머노이드로봇산업TOP2+,일반,Akros K-휴머노이드 로봇 TOP2+ 지수 (시장가격),50000.0,20260407,,94067.0,8630.0,-5.68,8637.61,-0.09,10900000.0,218.0,431880500.0
20260702,20260709,A0177X0,ACE K휴머노이드로봇산업TOP2+,일반,Akros K-휴머노이드 로봇 TOP2+ 지수 (시장가격),50000.0,20260407,,95157.0,8730.0,1.16,8801.32,-0.81,10900000.0,218.0,440066000.0
20260702,20260703,A0182R0,1Q K반도체TOP2+,일반,NICE K반도체 TOP2 MAX+ 지수,50000.0,20260414,,259885.5,14010.0,4.4,13995.88,0.1,18550000.0,371.0,699794000.0
20260702,20260706,A0182R0,1Q K반도체TOP2+,일반,NICE K반도체 TOP2 MAX+ 지수,50000.0,20260414,,258115.0,13585.0,-3.03,13548.61,0.27,19000000.0,380.0,677430500.0
20260702,20260707,A0182R0,1Q K반도체TOP2+,일반,NICE K반도체 TOP2 MAX+ 지수,50000.0,20260414,,264282.75,12555.0,-7.58,12527.07,0.22,21050000.0,421.0,626353500.0
20260702,20260708,A0182R0,1Q K반도체TOP2+,일반,NICE K반도체 TOP2 MAX+ 지수,50000.0,20260414,,246870.0,11700.0,-6.81,11661.17,0.33,21100000.0,422.0,583058500.0
20260702,20260709,A0182R0,1Q K반도체TOP2+,일반,NICE K반도체 TOP2 MAX+ 지수,50000.0,20260414,,261000.0,12000.0,2.56,12003.59,-0.03,21750000.0,435.0,600179500.0
20260702,20260703,A0184V0,UNICORN K바이오액티브,일반,FnGuide K-바이오 밸런스드 지수,50000.0,20260512,,7771.5,7065.0,-3.48,7030.68,0.49,1100000.0,22.0,351534000.0
20260702,20260706,A0184V0,UNICORN K바이오액티브,일반,FnGuide K-바이오 밸런스드 지수,50000.0,20260512,,7326.0,6660.0,-5.73,6697.84,-0.56,1100000.0,22.0,334892000.0
20260702,20260707,A0184V0,UNICORN K바이오액티브,일반,FnGuide K-바이오 밸런스드 지수,50000.0,20260512,,7513.0,6830.0,2.55,6866.41,-0.53,1100000.0,22.0,343320500.0
20260702,20260708,A0184V0,UNICORN K바이오액티브,일반,FnGuide K-바이오 밸런스드 지수,50000.0,20260512,,6952.0,6320.0,-7.47,6305.82,0.22,1100000.0,22.0,315291000.0
20260702,20260709,A0184V0,UNICORN K바이오액티브,일반,FnGuide K-바이오 밸런스드 지수,50000.0,20260512,,7040.0,6400.0,1.27,6279.86,1.91,1100000.0,22.0,313993000.0
20260702,20260703,A0189Z0,DAISHIN343 금융&지주고배당,일반,KRX-Akros 금융&지주고배당 지수,50000.0,20260609,,10180.0,10180.0,2.41,10298.55,-1.15,1000000.0,20.0,514927499.99999994
20260702,20260706,A0189Z0,DAISHIN343 금융&지주고배당,일반,KRX-Akros 금융&지주고배당 지수,50000.0,20260609,,10355.0,10355.0,1.72,10365.79,-0.1,1000000.0,20.0,518289500.00000006
20260702,20260707,A0189Z0,DAISHIN343 금융&지주고배당,일반,KRX-Akros 금융&지주고배당 지수,50000.0,20260609,,10320.0,10320.0,-0.34,10373.91,-0.52,1000000.0,20.0,518695500.0
20260702,20260708,A0189Z0,DAISHIN343 금융&지주고배당,일반,KRX-Akros 금융&지주고배당 지수,50000.0,20260609,,10075.0,10075.0,-2.37,10151.24,-0.75,1000000.0,20.0,507562000.0
20260702,20260709,A0189Z0,DAISHIN343 금융&지주고배당,일반,KRX-Akros 금융&지주고배당 지수,50000.0,20260609,,9910.0,9910.0,-1.64,9970.0,-0.6,1000000.0,20.0,498500000.0
20260702,20260703,A0190C0,RISE 현대차고정피지컬AI,일반,KEDI 현대차고정피지컬AI 지수,50000.0,20260512,,569579.25,9795.0,1.03,9788.46,0.07,58150000.0,1163.0,489422999.99999994
20260702,20260706,A0190C0,RISE 현대차고정피지컬AI,일반,KEDI 현대차고정피지컬AI 지수,50000.0,20260512,,580062.0,9865.0,0.71,9904.5,-0.4,58800000.0,1176.0,495225000.0
20260702,20260707,A0190C0,RISE 현대차고정피지컬AI,일반,KEDI 현대차고정피지컬AI 지수,50000.0,20260512,,556068.75,9465.0,-4.05,9510.58,-0.48,58750000.0,1175.0,475529000.0
20260702,20260708,A0190C0,RISE 현대차고정피지컬AI,일반,KEDI 현대차고정피지컬AI 지수,50000.0,20260512,,536152.5,9165.0,-3.17,9181.03,-0.17,58500000.0,1170.0,459051500.00000006
20260702,20260709,A0190C0,RISE 현대차고정피지컬AI,일반,KEDI 현대차고정피지컬AI 지수,50000.0,20260512,,520821.0,8820.0,-3.76,8857.21,-0.42,59050000.0,1181.0,442860499.99999994
20260702,20260703,A0190G0,KODEX 반도체타겟위클리커버드콜,일반,KRX 반도체 타겟9% 분배 위클리 커버드콜 지수,100000.0,20260512,,193320.0,10800.0,6.14,10744.06,0.52,17900000.0,179.0,1074406000.0
20260702,20260706,A0190G0,KODEX 반도체타겟위클리커버드콜,일반,KRX 반도체 타겟9% 분배 위클리 커버드콜 지수,100000.0,20260512,,189900.0,10550.0,-2.31,10532.41,0.17,18000000.0,180.0,1053241000.0
20260702,20260707,A0190G0,KODEX 반도체타겟위클리커버드콜,일반,KRX 반도체 타겟9% 분배 위클리 커버드콜 지수,100000.0,20260512,,185130.0,9900.0,-6.16,9967.24,-0.67,18700000.0,187.0,996724000.0
20260702,20260708,A0190G0,KODEX 반도체타겟위클리커버드콜,일반,KRX 반도체 타겟9% 분배 위클리 커버드콜 지수,100000.0,20260512,,174654.0,9390.0,-5.15,9383.25,0.07,18600000.0,186.0,938325000.0
20260702,20260709,A0190G0,KODEX 반도체타겟위클리커버드콜,일반,KRX 반도체 타겟9% 분배 위클리 커버드콜 지수,100000.0,20260512,,186893.5,9785.0,4.21,9762.77,0.23,19100000.0,191.0,976277000.0
20260702,20260703,A0191B0,MIDAS 코스닥액티브,일반,코스닥지수,25000.0,20260519,,6842.0,34210.0,1.29,34492.02,-0.82,200000.0,8.0,862300499.9999999
20260702,20260706,A0191B0,MIDAS 코스닥액티브,일반,코스닥지수,25000.0,20260519,,6528.0,32640.0,-4.59,32468.23,0.53,200000.0,8.0,811705750.0
20260702,20260707,A0191B0,MIDAS 코스닥액티브,일반,코스닥지수,25000.0,20260519,,6160.0,30800.0,-5.64,31021.68,-0.71,200000.0,8.0,775542000.0
20260702,20260708,A0191B0,MIDAS 코스닥액티브,일반,코스닥지수,25000.0,20260519,,5712.0,28560.0,-7.27,28789.67,-0.8,200000.0,8.0,719741750.0
20260702,20260709,A0191B0,MIDAS 코스닥액티브,일반,코스닥지수,25000.0,20260519,,5853.0,29265.0,2.47,29444.26,-0.61,200000.0,8.0,736106500.0
20260702,20260703,A0191S0,IBK 코스닥150,일반,코스닥 150,20000.0,20260519,,11344.2,15330.0,-1.6,15394.36,-0.42,740000.0,37.0,307887200.0
20260702,20260706,A0191S0,IBK 코스닥150,일반,코스닥 150,20000.0,20260519,,11033.4,14910.0,-2.74,14908.48,0.01,740000.0,37.0,298169600.0
20260702,20260707,A0191S0,IBK 코스닥150,일반,코스닥 150,20000.0,20260519,,10785.5,14575.0,-2.25,14672.54,-0.66,740000.0,37.0,293450800.0
20260702,20260708,A0191S0,IBK 코스닥150,일반,코스닥 150,20000.0,20260519,,10152.8,13720.0,-5.87,13713.45,0.05,740000.0,37.0,274269000.0
20260702,20260709,A0191S0,IBK 코스닥150,일반,코스닥 150,20000.0,20260519,,10308.2,13930.0,1.53,13906.56,0.17,740000.0,37.0,278131200.0
20260702,20260703,A0192L0,RISE SK하이닉스단일종목레버리지,레버리지,KRX SK하이닉스 레버리지 지수,25000.0,20260527,,125334.0,23210.0,27.35,23011.85,0.86,5400000.0,216.0,575296250.0
20260702,20260706,A0192L0,RISE SK하이닉스단일종목레버리지,레버리지,KRX SK하이닉스 레버리지 지수,25000.0,20260527,,116863.88,21345.0,-8.04,21423.37,-0.37,5475000.0,219.0,535584250.0
20260702,20260707,A0192L0,RISE SK하이닉스단일종목레버리지,레버리지,KRX SK하이닉스 레버리지 지수,25000.0,20260527,,104765.63,18625.0,-12.74,18945.21,-1.69,5625000.0,225.0,473630250.0
20260702,20260708,A0192L0,RISE SK하이닉스단일종목레버리지,레버리지,KRX SK하이닉스 레버리지 지수,25000.0,20260527,,93093.75,16550.0,-11.14,16546.27,0.02,5625000.0,225.0,413656750.0
20260702,20260709,A0192L0,RISE SK하이닉스단일종목레버리지,레버리지,KRX SK하이닉스 레버리지 지수,25000.0,20260527,,105640.13,18615.0,12.48,18784.25,-0.9,5675000.0,227.0,469606250.0
20260702,20260703,A0192M0,RISE 삼성전자단일종목레버리지,레버리지,KRX 삼성전자 레버리지 지수,25000.0,20260527,,90384.0,18830.0,16.06,18746.9,0.44,4800000.0,192.0,468672500.00000006
20260702,20260706,A0192M0,RISE 삼성전자단일종목레버리지,레버리지,KRX 삼성전자 레버리지 지수,25000.0,20260527,,91020.0,19680.0,4.51,19802.9,-0.62,4625000.0,185.0,495072500.00000006
20260702,20260707,A0192M0,RISE 삼성전자단일종목레버리지,레버리지,KRX 삼성전자 레버리지 지수,25000.0,20260527,,78463.13,16965.0,-13.8,17006.98,-0.25,4625000.0,185.0,425174500.0
20260702,20260708,A0192M0,RISE 삼성전자단일종목레버리지,레버리지,KRX 삼성전자 레버리지 지수,25000.0,20260527,,65932.5,14900.0,-12.17,14767.59,0.9,4425000.0,177.0,369189750.0
20260702,20260709,A0192M0,RISE 삼성전자단일종목레버리지,레버리지,KRX 삼성전자 레버리지 지수,25000.0,20260527,,66817.5,15100.0,1.34,15036.33,0.42,4425000.0,177.0,375908250.0
20260702,20260703,A0192T0,SOL 코스닥TOP10,일반,코스닥TOP10지수(PR),50000.0,20260519,,29568.0,7680.0,0.13,7648.12,0.42,3850000.0,77.0,382406000.0
20260702,20260706,A0192T0,SOL 코스닥TOP10,일반,코스닥TOP10지수(PR),50000.0,20260519,,29113.5,7465.0,-2.8,7450.86,0.19,3900000.0,78.0,372543000.0
20260702,20260707,A0192T0,SOL 코스닥TOP10,일반,코스닥TOP10지수(PR),50000.0,20260519,,29580.0,7395.0,-0.94,7382.64,0.17,4000000.0,80.0,369132000.0
20260702,20260708,A0192T0,SOL 코스닥TOP10,일반,코스닥TOP10지수(PR),50000.0,20260519,,27360.0,6840.0,-7.51,6867.08,-0.39,4000000.0,80.0,343354000.0
20260702,20260709,A0192T0,SOL 코스닥TOP10,일반,코스닥TOP10지수(PR),50000.0,20260519,,27500.0,6875.0,0.51,6855.95,0.28,4000000.0,80.0,342797500.0
20260702,20260703,A0193G0,KoAct 코스피액티브,일반,코스피지수,50000.0,20260519,,28421.25,10335.0,4.34,10299.78,0.34,2750000.0,55.0,514989000.00000006
20260702,20260706,A0193G0,KoAct 코스피액티브,일반,코스피지수,50000.0,20260519,,28201.25,10255.0,-0.77,10243.52,0.11,2750000.0,55.0,512176000.0
20260702,20260707,A0193G0,KoAct 코스피액티브,일반,코스피지수,50000.0,20260519,,27076.0,9670.0,-5.7,9673.16,-0.03,2800000.0,56.0,483658000.0
20260702,20260708,A0193G0,KoAct 코스피액티브,일반,코스피지수,50000.0,20260519,,25522.0,9115.0,-5.74,9098.17,0.18,2800000.0,56.0,454908500.0
20260702,20260709,A0193G0,KoAct 코스피액티브,일반,코스피지수,50000.0,20260519,,25858.0,9235.0,1.32,9180.6,0.59,2800000.0,56.0,459030000.0
20260702,20260703,A0193K0,PLUS 삼성전자단일종목레버리지,레버리지,KRX 삼성전자 레버리지 지수,25000.0,20260527,,22938.75,20390.0,15.75,20199.09,0.95,1125000.0,45.0,504977250.0
20260702,20260706,A0193K0,PLUS 삼성전자단일종목레버리지,레버리지,KRX 삼성전자 레버리지 지수,25000.0,20260527,,23788.13,21145.0,3.7,21356.88,-0.99,1125000.0,45.0,533922000.0
20260702,20260707,A0193K0,PLUS 삼성전자단일종목레버리지,레버리지,KRX 삼성전자 레버리지 지수,25000.0,20260527,,20812.5,18500.0,-12.51,18368.3,0.72,1125000.0,45.0,459207500.0
20260702,20260708,A0193K0,PLUS 삼성전자단일종목레버리지,레버리지,KRX 삼성전자 레버리지 지수,25000.0,20260527,,18917.5,16100.0,-12.97,15970.67,0.81,1175000.0,47.0,399266750.0
20260702,20260709,A0193K0,PLUS 삼성전자단일종목레버리지,레버리지,KRX 삼성전자 레버리지 지수,25000.0,20260527,,19099.63,16255.0,0.96,16239.82,0.09,1175000.0,47.0,405995500.0
20260702,20260703,A0193L0,PLUS 삼성전자선물단일종목인버스2X,인버스 2X,KRX 삼성전자 선물 인버스 -2X 지수,20000.0,20260527,,42933.0,13010.0,-16.74,13200.07,-1.44,3300000.0,165.0,264001400.0
20260702,20260706,A0193L0,PLUS 삼성전자선물단일종목인버스2X,인버스 2X,KRX 삼성전자 선물 인버스 -2X 지수,20000.0,20260527,,43500.0,12500.0,-3.92,12369.66,1.05,3480000.0,174.0,247393200.0
20260702,20260707,A0193L0,PLUS 삼성전자선물단일종목인버스2X,인버스 2X,KRX 삼성전자 선물 인버스 -2X 지수,20000.0,20260527,,48170.7,14085.0,12.68,14150.7,-0.46,3420000.0,171.0,283014000.0
20260702,20260708,A0193L0,PLUS 삼성전자선물단일종목인버스2X,인버스 2X,KRX 삼성전자 선물 인버스 -2X 지수,20000.0,20260527,,53984.7,15785.0,12.07,16195.2,-2.53,3420000.0,171.0,323904000.0
20260702,20260709,A0193L0,PLUS 삼성전자선물단일종목인버스2X,인버스 2X,KRX 삼성전자 선물 인버스 -2X 지수,20000.0,20260527,,48795.6,15540.0,-1.55,15659.9,-0.77,3140000.0,157.0,313198000.0
20260702,20260703,A0193T0,KODEX SK하이닉스단일종목레버리지,레버리지,KRX SK하이닉스 레버리지 지수,25000.0,20260527,,5097085.0,27400.0,24.35,27158.88,0.89,186025000.0,7441.0,678972000.0
20260702,20260706,A0193T0,KODEX SK하이닉스단일종목레버리지,레버리지,KRX SK하이닉스 레버리지 지수,25000.0,20260527,,4943675.75,25310.0,-7.63,25358.53,-0.19,195325000.0,7813.0,633963250.0
20260702,20260707,A0193T0,KODEX SK하이닉스단일종목레버리지,레버리지,KRX SK하이닉스 레버리지 지수,25000.0,20260527,,4758503.25,22130.0,-12.56,22437.62,-1.37,215025000.0,8601.0,560940500.0
20260702,20260708,A0193T0,KODEX SK하이닉스단일종목레버리지,레버리지,KRX SK하이닉스 레버리지 지수,25000.0,20260527,,4318718.25,19635.0,-11.27,19469.59,0.85,219950000.0,8798.0,486739750.0
20260702,20260709,A0193T0,KODEX SK하이닉스단일종목레버리지,레버리지,KRX SK하이닉스 레버리지 지수,25000.0,20260527,,4903548.0,21930.0,11.69,22092.12,-0.73,223600000.0,8944.0,552303000.0
20260702,20260703,A0193W0,KODEX 삼성전자단일종목레버리지,레버리지,KRX 삼성전자 레버리지 지수,25000.0,20260527,,3165256.25,20375.0,15.77,20255.59,0.59,155350000.0,6214.0,506389750.0
20260702,20260706,A0193W0,KODEX 삼성전자단일종목레버리지,레버리지,KRX 삼성전자 레버리지 지수,25000.0,20260527,,3381407.0,21220.0,4.15,21461.98,-1.13,159350000.0,6374.0,536549500.0
20260702,20260707,A0193W0,KODEX 삼성전자단일종목레버리지,레버리지,KRX 삼성전자 레버리지 지수,25000.0,20260527,,3080199.75,18310.0,-13.71,18372.73,-0.34,168225000.0,6729.0,459318250.0
20260702,20260708,A0193W0,KODEX 삼성전자단일종목레버리지,레버리지,KRX 삼성전자 레버리지 지수,25000.0,20260527,,2760756.38,16185.0,-11.61,15902.93,1.77,170575000.0,6823.0,397573250.0
20260702,20260709,A0193W0,KODEX 삼성전자단일종목레버리지,레버리지,KRX 삼성전자 레버리지 지수,25000.0,20260527,,2829760.5,16235.0,0.31,16214.22,0.13,174300000.0,6972.0,405355500.0
20260702,20260703,A0194M0,ACE 삼성전자단일종목레버리지,레버리지,KRX 삼성전자 레버리지 지수,25000.0,20260527,,89770.0,18800.0,16.01,18693.48,0.57,4775000.0,191.0,467337000.0
20260702,20260706,A0194M0,ACE 삼성전자단일종목레버리지,레버리지,KRX 삼성전자 레버리지 지수,25000.0,20260527,,95157.0,19620.0,4.36,19758.67,-0.7,4850000.0,194.0,493966749.99999994
20260702,20260707,A0194M0,ACE 삼성전자단일종목레버리지,레버리지,KRX 삼성전자 레버리지 지수,25000.0,20260527,,85767.5,16900.0,-13.86,16969.91,-0.41,5075000.0,203.0,424247750.0
20260702,20260708,A0194M0,ACE 삼성전자단일종목레버리지,레버리지,KRX 삼성전자 레버리지 지수,25000.0,20260527,,75875.63,14805.0,-12.4,14733.48,0.49,5125000.0,205.0,368337000.0
20260702,20260709,A0194M0,ACE 삼성전자단일종목레버리지,레버리지,KRX 삼성전자 레버리지 지수,25000.0,20260527,,79632.5,15025.0,1.49,14992.22,0.22,5300000.0,212.0,374805500.0
20260702,20260703,A0194N0,KIWOOM 삼성전자선물단일종목레버리지,레버리지,KRX 삼성전자 선물 레버리지 지수,25000.0,20260527,,15233.63,18465.0,16.65,18427.03,0.21,825000.0,33.0,460675750.0
20260702,20260706,A0194N0,KIWOOM 삼성전자선물단일종목레버리지,레버리지,KRX 삼성전자 선물 레버리지 지수,25000.0,20260527,,16926.88,19345.0,4.77,19587.22,-1.24,875000.0,35.0,489680500.0
20260702,20260707,A0194N0,KIWOOM 삼성전자선물단일종목레버리지,레버리지,KRX 삼성전자 선물 레버리지 지수,25000.0,20260527,,14360.75,16895.0,-12.66,16768.74,0.75,850000.0,34.0,419218500.00000006
20260702,20260708,A0194N0,KIWOOM 삼성전자선물단일종목레버리지,레버리지,KRX 삼성전자 선물 레버리지 지수,25000.0,20260527,,13153.5,14615.0,-13.5,14345.39,1.88,900000.0,36.0,358634750.0
20260702,20260709,A0194N0,KIWOOM 삼성전자선물단일종목레버리지,레버리지,KRX 삼성전자 선물 레버리지 지수,25000.0,20260527,,13315.5,14795.0,1.23,14785.4,0.06,900000.0,36.0,369635000.0
20260702,20260703,A0194R0,KIWOOM SK하이닉스선물단일종목레버리지,레버리지,KRX SK하이닉스 선물 레버리지 지수,25000.0,20260527,,26531.5,22580.0,29.58,22171.94,1.84,1175000.0,47.0,554298500.0
20260702,20260706,A0194R0,KIWOOM SK하이닉스선물단일종목레버리지,레버리지,KRX SK하이닉스 선물 레버리지 지수,25000.0,20260527,,24600.0,20500.0,-9.21,20716.35,-1.04,1200000.0,48.0,517908749.99999994
20260702,20260707,A0194R0,KIWOOM SK하이닉스선물단일종목레버리지,레버리지,KRX SK하이닉스 선물 레버리지 지수,25000.0,20260527,,22765.13,17855.0,-12.9,18478.29,-3.37,1275000.0,51.0,461957250.0
20260702,20260708,A0194R0,KIWOOM SK하이닉스선물단일종목레버리지,레버리지,KRX SK하이닉스 선물 레버리지 지수,25000.0,20260527,,21120.5,15940.0,-10.73,15850.03,0.57,1325000.0,53.0,396250750.0
20260702,20260709,A0194R0,KIWOOM SK하이닉스선물단일종목레버리지,레버리지,KRX SK하이닉스 선물 레버리지 지수,25000.0,20260527,,23744.0,17920.0,12.42,18278.5,-1.96,1325000.0,53.0,456962500.0
20260702,20260703,A0194T0,ACE SK하이닉스단일종목레버리지,레버리지,KRX SK하이닉스 레버리지 지수,25000.0,20260527,,108687.5,23125.0,23.46,22880.72,1.07,4700000.0,188.0,572018000.0
20260702,20260706,A0194T0,ACE SK하이닉스단일종목레버리지,레버리지,KRX SK하이닉스 레버리지 지수,25000.0,20260527,,103203.75,21170.0,-8.45,21298.56,-0.6,4875000.0,195.0,532464000.00000006
20260702,20260707,A0194T0,ACE SK하이닉스단일종목레버리지,레버리지,KRX SK하이닉스 레버리지 지수,25000.0,20260527,,101862.38,18605.0,-12.12,18813.1,-1.11,5475000.0,219.0,470327499.99999994
20260702,20260708,A0194T0,ACE SK하이닉스단일종목레버리지,레버리지,KRX SK하이닉스 레버리지 지수,25000.0,20260527,,91575.0,16500.0,-11.31,16405.55,0.58,5550000.0,222.0,410138750.0
20260702,20260709,A0194T0,ACE SK하이닉스단일종목레버리지,레버리지,KRX SK하이닉스 레버리지 지수,25000.0,20260527,,103360.5,18540.0,12.36,18627.84,-0.47,5575000.0,223.0,465696000.0
20260702,20260703,A0195R0,TIGER 삼성전자단일종목레버리지,레버리지,KRX 삼성전자 레버리지 지수,25000.0,20260527,,1684457.88,18805.0,16.08,18640.12,0.88,89575000.0,3583.0,466003000.0
20260702,20260706,A0195R0,TIGER 삼성전자단일종목레버리지,레버리지,KRX 삼성전자 레버리지 지수,25000.0,20260527,,1767018.0,19590.0,4.17,19736.73,-0.74,90200000.0,3608.0,493418250.0
20260702,20260707,A0195R0,TIGER 삼성전자단일종목레버리지,레버리지,KRX 삼성전자 레버리지 지수,25000.0,20260527,,1636390.0,16870.0,-13.88,16902.78,-0.19,97000000.0,3880.0,422569500.0
20260702,20260708,A0195R0,TIGER 삼성전자단일종목레버리지,레버리지,KRX 삼성전자 레버리지 지수,25000.0,20260527,,1539202.5,14850.0,-11.97,14627.83,1.52,103650000.0,4146.0,365695750.0
20260702,20260709,A0195R0,TIGER 삼성전자단일종목레버리지,레버리지,KRX 삼성전자 레버리지 지수,25000.0,20260527,,1566378.75,14925.0,0.51,14916.56,0.06,104950000.0,4198.0,372914000.0
20260702,20260703,A0195S0,TIGER SK하이닉스단일종목레버리지,레버리지,KRX SK하이닉스 레버리지 지수,25000.0,20260527,,2982809.75,23390.0,24.12,22983.93,1.77,127525000.0,5101.0,574598250.0
20260702,20260706,A0195S0,TIGER SK하이닉스단일종목레버리지,레버리지,KRX SK하이닉스 레버리지 지수,25000.0,20260527,,2807506.5,21415.0,-8.44,21462.19,-0.22,131100000.0,5244.0,536554749.99999994
20260702,20260707,A0195S0,TIGER SK하이닉스단일종목레버리지,레버리지,KRX SK하이닉스 레버리지 지수,25000.0,20260527,,2722968.75,18750.0,-12.44,18945.9,-1.03,145225000.0,5809.0,473647500.00000006
20260702,20260708,A0195S0,TIGER SK하이닉스단일종목레버리지,레버리지,KRX SK하이닉스 레버리지 지수,25000.0,20260527,,2434315.63,16625.0,-11.33,16482.23,0.87,146425000.0,5857.0,412055750.0
20260702,20260709,A0195S0,TIGER SK하이닉스단일종목레버리지,레버리지,KRX SK하이닉스 레버리지 지수,25000.0,20260527,,2772977.63,18645.0,12.15,18710.08,-0.35,148725000.0,5949.0,467752000.00000006
20260702,20260703,A0197W0,SOL SK하이닉스단일종목레버리지,레버리지,KRX SK하이닉스 레버리지 지수,25000.0,20260527,,88338.25,22945.0,23.53,22718.96,0.99,3850000.0,154.0,567974000.0
20260702,20260706,A0197W0,SOL SK하이닉스단일종목레버리지,레버리지,KRX SK하이닉스 레버리지 지수,25000.0,20260527,,81254.25,21105.0,-8.02,21190.84,-0.41,3850000.0,154.0,529771000.0
20260702,20260707,A0197W0,SOL SK하이닉스단일종목레버리지,레버리지,KRX SK하이닉스 레버리지 지수,25000.0,20260527,,80714.25,18555.0,-12.08,18715.69,-0.86,4350000.0,174.0,467892249.99999994
20260702,20260708,A0197W0,SOL SK하이닉스단일종목레버리지,레버리지,KRX SK하이닉스 레버리지 지수,25000.0,20260527,,72072.0,16380.0,-11.72,16305.51,0.46,4400000.0,176.0,407637750.0
20260702,20260709,A0197W0,SOL SK하이닉스단일종목레버리지,레버리지,KRX SK하이닉스 레버리지 지수,25000.0,20260527,,77338.63,18305.0,11.75,18461.41,-0.85,4225000.0,169.0,461535250.0
20260702,20260703,A0197X0,SOL SK하이닉스선물단일종목인버스2X,인버스 2X,KRX SK하이닉스 선물 인버스 -2X 지수,25000.0,20260527,,141703.25,7670.0,-27.26,7849.51,-2.29,18475000.0,739.0,196237750.0
20260702,20260706,A0197X0,SOL SK하이닉스선물단일종목인버스2X,인버스 2X,KRX SK하이닉스 선물 인버스 -2X 지수,25000.0,20260527,,152243.0,8365.0,9.06,8346.73,0.22,18200000.0,728.0,208668250.0
20260702,20260707,A0197X0,SOL SK하이닉스선물단일종목인버스2X,인버스 2X,KRX SK하이닉스 선물 인버스 -2X 지수,25000.0,20260527,,129800.63,9355.0,11.83,9174.61,1.97,13875000.0,555.0,229365250.0
20260702,20260708,A0197X0,SOL SK하이닉스선물단일종목인버스2X,인버스 2X,KRX SK하이닉스 선물 인버스 -2X 지수,25000.0,20260527,,254264.25,10410.0,11.28,10572.6,-1.54,24425000.0,977.0,264315000.0
20260702,20260709,A0197X0,SOL SK하이닉스선물단일종목인버스2X,인버스 2X,KRX SK하이닉스 선물 인버스 -2X 지수,25000.0,20260527,,192390.0,9075.0,-12.82,8990.34,0.94,21200000.0,848.0,224758500.0
20260702,20260703,A0198A0,KIWOOM 코스닥150커버드콜액티브,일반,코스닥150 위클리고정30% 커버드콜지수,50000.0,20260630,,10956.0,9960.0,-0.7,9870.11,0.91,1100000.0,22.0,493505500.0
20260702,20260706,A0198A0,KIWOOM 코스닥150커버드콜액티브,일반,코스닥150 위클리고정30% 커버드콜지수,50000.0,20260630,,13580.0,9700.0,-2.61,9559.46,1.47,1400000.0,28.0,477972999.99999994
20260702,20260707,A0198A0,KIWOOM 코스닥150커버드콜액티브,일반,코스닥150 위클리고정30% 커버드콜지수,50000.0,20260630,,17723.0,9580.0,-1.24,9490.45,0.94,1850000.0,37.0,474522500.00000006
20260702,20260708,A0198A0,KIWOOM 코스닥150커버드콜액티브,일반,코스닥150 위클리고정30% 커버드콜지수,50000.0,20260630,,19910.0,9050.0,-5.53,8924.67,1.4,2200000.0,44.0,446233500.0
20260702,20260709,A0198A0,KIWOOM 코스닥150커버드콜액티브,일반,코스닥150 위클리고정30% 커버드콜지수,50000.0,20260630,,21326.25,9075.0,0.28,9068.78,0.07,2350000.0,47.0,453439000.00000006
20260702,20260703,A0198B0,1Q 삼성전자선물단일종목레버리지,레버리지,KRX 삼성전자 선물 레버리지 지수,5000.0,20260527,,31211.7,19630.0,16.74,19418.56,1.09,1590000.0,318.0,97092800.0
20260702,20260706,A0198B0,1Q 삼성전자선물단일종목레버리지,레버리지,KRX 삼성전자 선물 레버리지 지수,5000.0,20260527,,33097.15,20305.0,3.44,20614.43,-1.5,1630000.0,326.0,103072150.0
20260702,20260707,A0198B0,1Q 삼성전자선물단일종목레버리지,레버리지,KRX 삼성전자 선물 레버리지 지수,5000.0,20260527,,31152.0,17600.0,-13.32,17620.05,-0.11,1770000.0,354.0,88100250.0
20260702,20260708,A0198B0,1Q 삼성전자선물단일종목레버리지,레버리지,KRX 삼성전자 선물 레버리지 지수,5000.0,20260527,,27355.35,15455.0,-12.19,15103.26,2.33,1770000.0,354.0,75516300.0
20260702,20260709,A0198B0,1Q 삼성전자선물단일종목레버리지,레버리지,KRX 삼성전자 선물 레버리지 지수,5000.0,20260527,,28447.35,15545.0,0.58,15521.22,0.15,1830000.0,366.0,77606100.0
20260702,20260703,A0198D0,1Q SK하이닉스선물단일종목레버리지,레버리지,KRX SK하이닉스 선물 레버리지 지수,5000.0,20260527,,38599.0,24200.0,27.27,24146.23,0.22,1595000.0,319.0,120731150.0
20260702,20260706,A0198D0,1Q SK하이닉스선물단일종목레버리지,레버리지,KRX SK하이닉스 선물 레버리지 지수,5000.0,20260527,,36397.9,22330.0,-7.73,22538.33,-0.92,1630000.0,326.0,112691650.00000001
20260702,20260707,A0198D0,1Q SK하이닉스선물단일종목레버리지,레버리지,KRX SK하이닉스 선물 레버리지 지수,5000.0,20260527,,35155.07,19585.0,-12.29,20043.09,-2.29,1795000.0,359.0,100215450.0
20260702,20260708,A0198D0,1Q SK하이닉스선물단일종목레버리지,레버리지,KRX SK하이닉스 선물 레버리지 지수,5000.0,20260527,,31053.5,17300.0,-11.67,17277.45,0.13,1795000.0,359.0,86387250.0
20260702,20260709,A0198D0,1Q SK하이닉스선물단일종목레버리지,레버리지,KRX SK하이닉스 선물 레버리지 지수,5000.0,20260527,,35083.28,19545.0,12.98,19858.73,-1.58,1795000.0,359.0,99293650.0
20260702,20260703,A0199C0,ACE 고배당주Plus커버드콜액티브,일반,KRX-Akros 고배당주 20 위클리 고정 30% 커버드콜 지수,50000.0,20260602,,125250.0,10020.0,3.73,10009.59,0.1,12500000.0,250.0,500479500.0
20260702,20260706,A0199C0,ACE 고배당주Plus커버드콜액티브,일반,KRX-Akros 고배당주 20 위클리 고정 30% 커버드콜 지수,50000.0,20260602,,127500.0,10200.0,1.8,10205.75,-0.06,12500000.0,250.0,510287500.0
20260702,20260707,A0199C0,ACE 고배당주Plus커버드콜액티브,일반,KRX-Akros 고배당주 20 위클리 고정 30% 커버드콜 지수,50000.0,20260602,,126750.0,10140.0,-0.59,10116.02,0.24,12500000.0,250.0,505801000.0
20260702,20260708,A0199C0,ACE 고배당주Plus커버드콜액티브,일반,KRX-Akros 고배당주 20 위클리 고정 30% 커버드콜 지수,50000.0,20260602,,123250.0,9860.0,-2.76,9846.09,0.14,12500000.0,250.0,492304500.0
20260702,20260709,A0199C0,ACE 고배당주Plus커버드콜액티브,일반,KRX-Akros 고배당주 20 위클리 고정 30% 커버드콜 지수,50000.0,20260602,,121000.0,9680.0,-1.83,9628.83,0.53,12500000.0,250.0,481441500.0
20260702,20260703,A0204S0,TIGER 코스닥액티브,일반,코스닥지수,10000.0,20260602,,34329.4,7910.0,0.19,7881.25,0.36,4340000.0,434.0,78812500.0
20260702,20260706,A0204S0,TIGER 코스닥액티브,일반,코스닥지수,10000.0,20260602,,33219.2,7415.0,-6.26,7435.14,-0.27,4480000.0,448.0,74351400.0
20260702,20260707,A0204S0,TIGER 코스닥액티브,일반,코스닥지수,10000.0,20260602,,32884.4,7180.0,-3.17,7178.24,0.02,4580000.0,458.0,71782400.0
20260702,20260708,A0204S0,TIGER 코스닥액티브,일반,코스닥지수,10000.0,20260602,,31008.0,6800.0,-5.29,6772.63,0.4,4560000.0,456.0,67726300.0
20260702,20260709,A0204S0,TIGER 코스닥액티브,일반,코스닥지수,10000.0,20260602,,30940.1,6815.0,0.22,6860.99,-0.67,4540000.0,454.0,68609900.0
20260702,20260703,A0207G0,SOL 우주항공밸류체인,일반,Akros 우주항공밸류체인 지수(PR),50000.0,20260616,,11680.0,7300.0,2.89,7223.56,1.06,1600000.0,32.0,361178000.0
20260702,20260706,A0207G0,SOL 우주항공밸류체인,일반,Akros 우주항공밸류체인 지수(PR),50000.0,20260616,,13320.0,7200.0,-1.37,7187.29,0.18,1850000.0,37.0,359364500.0
20260702,20260707,A0207G0,SOL 우주항공밸류체인,일반,Akros 우주항공밸류체인 지수(PR),50000.0,20260616,,12200.75,6595.0,-8.4,6579.14,0.24,1850000.0,37.0,328957000.0
20260702,20260708,A0207G0,SOL 우주항공밸류체인,일반,Akros 우주항공밸류체인 지수(PR),50000.0,20260616,,11229.5,6070.0,-7.96,6059.53,0.17,1850000.0,37.0,302976500.0
20260702,20260709,A0207G0,SOL 우주항공밸류체인,일반,Akros 우주항공밸류체인 지수(PR),50000.0,20260616,,13050.5,6070.0,0.0,6118.28,-0.79,2150000.0,43.0,305914000.0
20260702,20260703,A0208N0,IBK 코스피액티브,일반,코스피지수,50000.0,20260623,,14368.5,9270.0,6.19,9216.99,0.58,1550000.0,31.0,460849500.0
20260702,20260706,A0208N0,IBK 코스피액티브,일반,코스피지수,50000.0,20260623,,14081.75,9085.0,-2.0,9110.77,-0.28,1550000.0,31.0,455538500.0
20260702,20260707,A0208N0,IBK 코스피액티브,일반,코스피지수,50000.0,20260623,,13322.25,8595.0,-5.39,8684.23,-1.03,1550000.0,31.0,434211500.0
20260702,20260708,A0208N0,IBK 코스피액티브,일반,코스피지수,50000.0,20260623,,12648.0,8160.0,-5.06,8160.78,-0.01,1550000.0,31.0,408039000.0
20260702,20260709,A0208N0,IBK 코스피액티브,일반,코스피지수,50000.0,20260623,,12741.0,8220.0,0.74,8206.72,0.16,1550000.0,31.0,410335999.99999994
20260702,20260703,A0209D0,KODEX 전고체배터리ESS TOP2플러스,일반,Akros 한국 전고체 배터리 ESS TOP2 플러스 지수(Price Return),50000.0,20260623,,88956.25,8275.0,0.0,8249.15,0.31,10750000.0,215.0,412457500.0
20260702,20260706,A0209D0,KODEX 전고체배터리ESS TOP2플러스,일반,Akros 한국 전고체 배터리 ESS TOP2 플러스 지수(Price Return),50000.0,20260623,,86491.5,7935.0,-4.11,7936.82,-0.02,10900000.0,218.0,396841000.0
20260702,20260707,A0209D0,KODEX 전고체배터리ESS TOP2플러스,일반,Akros 한국 전고체 배터리 ESS TOP2 플러스 지수(Price Return),50000.0,20260623,,84684.25,7595.0,-4.28,7612.8,-0.23,11150000.0,223.0,380640000.0
20260702,20260708,A0209D0,KODEX 전고체배터리ESS TOP2플러스,일반,Akros 한국 전고체 배터리 ESS TOP2 플러스 지수(Price Return),50000.0,20260623,,80358.0,7080.0,-6.78,7068.09,0.17,11350000.0,227.0,353404500.0
20260702,20260709,A0209D0,KODEX 전고체배터리ESS TOP2플러스,일반,Akros 한국 전고체 배터리 ESS TOP2 플러스 지수(Price Return),50000.0,20260623,,81305.0,7070.0,-0.14,7053.02,0.24,11500000.0,230.0,352651000.0
20260702,20260703,A0209Z0,ACE 코리아AI전력TOP10,일반,Akros 코리아 AI전력 TOP 10 지수 (시장가격),50000.0,20260623,,17995.5,8370.0,-2.05,8345.8,0.29,2150000.0,43.0,417289999.99999994
20260702,20260706,A0209Z0,ACE 코리아AI전력TOP10,일반,Akros 코리아 AI전력 TOP 10 지수 (시장가격),50000.0,20260623,,17135.5,7970.0,-4.78,7993.0,-0.29,2150000.0,43.0,399650000.0
20260702,20260707,A0209Z0,ACE 코리아AI전력TOP10,일반,Akros 코리아 AI전력 TOP 10 지수 (시장가격),50000.0,20260623,,17789.5,7570.0,-5.02,7593.43,-0.31,2350000.0,47.0,379671500.0
20260702,20260708,A0209Z0,ACE 코리아AI전력TOP10,일반,Akros 코리아 AI전력 TOP 10 지수 (시장가격),50000.0,20260623,,17287.5,6915.0,-8.65,6895.97,0.28,2500000.0,50.0,344798500.0
20260702,20260709,A0209Z0,ACE 코리아AI전력TOP10,일반,Akros 코리아 AI전력 TOP 10 지수 (시장가격),50000.0,20260623,,17646.0,6920.0,0.07,6944.44,-0.35,2550000.0,51.0,347222000.0
20260702,20260703,A0210A0,ACE K반도체TOP2+,일반,KRX K-AI 반도체TOP2+지수 (시장가격),50000.0,20260623,,395382.0,9620.0,4.51,9605.13,0.15,41100000.0,822.0,480256499.99999994
20260702,20260706,A0210A0,ACE K반도체TOP2+,일반,KRX K-AI 반도체TOP2+지수 (시장가격),50000.0,20260623,,362216.75,9205.0,-4.31,9206.35,-0.01,39350000.0,787.0,460317500.0
20260702,20260707,A0210A0,ACE K반도체TOP2+,일반,KRX K-AI 반도체TOP2+지수 (시장가격),50000.0,20260623,,340938.0,8460.0,-8.09,8488.05,-0.33,40300000.0,806.0,424402499.99999994
20260702,20260708,A0210A0,ACE K반도체TOP2+,일반,KRX K-AI 반도체TOP2+지수 (시장가격),50000.0,20260623,,318201.75,7965.0,-5.85,7964.32,0.01,39950000.0,799.0,398216000.0
20260702,20260709,A0210A0,ACE K반도체TOP2+,일반,KRX K-AI 반도체TOP2+지수 (시장가격),50000.0,20260623,,333922.5,8245.0,3.52,8245.64,-0.01,40500000.0,810.0,412282000.0
20260702,20260703,A0210E0,PLUS 200커버드콜액티브,일반,코스피 200 위클리 고정 30% 커버드콜 지수,100000.0,20260623,,43404.5,9235.0,5.3,9210.25,0.27,4700000.0,47.0,921025000.0
20260702,20260706,A0210E0,PLUS 200커버드콜액티브,일반,코스피 200 위클리 고정 30% 커버드콜 지수,100000.0,20260623,,45080.0,9200.0,-0.38,9188.81,0.12,4900000.0,49.0,918881000.0
20260702,20260707,A0210E0,PLUS 200커버드콜액티브,일반,코스피 200 위클리 고정 30% 커버드콜 지수,100000.0,20260623,,47034.0,8710.0,-5.33,8739.3,-0.34,5400000.0,54.0,873929999.9999999
20260702,20260708,A0210E0,PLUS 200커버드콜액티브,일반,코스피 200 위클리 고정 30% 커버드콜 지수,100000.0,20260623,,47167.5,8275.0,-4.99,8266.19,0.11,5700000.0,57.0,826619000.0
20260702,20260709,A0210E0,PLUS 200커버드콜액티브,일반,코스피 200 위클리 고정 30% 커버드콜 지수,100000.0,20260623,,47908.5,8405.0,1.57,8357.96,0.56,5700000.0,57.0,835795999.9999999
20260702,20260703,A069500,KODEX 200,일반,코스피 200,50000.0,20021014,,27394191.0,131010.0,6.06,130791.06,0.17,209100000.0,4182.0,6539553000.0
20260702,20260706,A069500,KODEX 200,일반,코스피 200,50000.0,20021014,,27306731.25,130125.0,-0.68,130165.59,-0.03,209850000.0,4197.0,6508279500.0
20260702,20260707,A069500,KODEX 200,일반,코스피 200,50000.0,20021014,,26288375.0,123710.0,-4.93,123362.61,0.28,212500000.0,4250.0,6168130500.0
20260702,20260708,A069500,KODEX 200,일반,코스피 200,50000.0,20021014,,25155191.25,116865.0,-5.53,116598.2,0.23,215250000.0,4305.0,5829910000.0
20260702,20260709,A069500,KODEX 200,일반,코스피 200,50000.0,20021014,,25423200.0,117700.0,0.71,117715.96,-0.01,216000000.0,4320.0,5885798000.0
20260702,20260703,A069660,KIWOOM 200,일반,코스피 200,50000.0,20021014,,912940.0,130420.0,5.35,130577.11,-0.12,7000000.0,140.0,6528855500.0
20260702,20260706,A069660,KIWOOM 200,일반,코스피 200,50000.0,20021014,,909440.0,129920.0,-0.38,129985.09,-0.05,7000000.0,140.0,6499254500.0
20260702,20260707,A069660,KIWOOM 200,일반,코스피 200,50000.0,20021014,,869829.0,123380.0,-5.03,123192.18,0.15,7050000.0,141.0,6159609000.0
20260702,20260708,A069660,KIWOOM 200,일반,코스피 200,50000.0,20021014,,835620.5,116870.0,-5.28,116407.6,0.4,7150000.0,143.0,5820380000.0
20260702,20260709,A069660,KIWOOM 200,일반,코스피 200,50000.0,20021014,,841519.25,117695.0,0.71,117630.49,0.05,7150000.0,143.0,5881524500.0
20260702,20260703,A091160,KODEX 반도체,일반,KRX 반도체,50000.0,20060627,,6697785.0,157225.0,5.34,157023.98,0.13,42600000.0,852.0,7851199000.000001
20260702,20260706,A091160,KODEX 반도체,일반,KRX 반도체,50000.0,20060627,,6547201.5,153510.0,-2.36,153071.19,0.29,42650000.0,853.0,7653559500.0
20260702,20260707,A091160,KODEX 반도체,일반,KRX 반도체,50000.0,20060627,,6266394.0,143560.0,-6.48,144023.65,-0.32,43650000.0,873.0,7201182500.0
20260702,20260708,A091160,KODEX 반도체,일반,KRX 반도체,50000.0,20060627,,5949951.0,135380.0,-5.7,135070.79,0.23,43950000.0,879.0,6753539500.0
20260702,20260709,A091160,KODEX 반도체,일반,KRX 반도체,50000.0,20060627,,6200460.0,140600.0,3.86,140710.72,-0.08,44100000.0,882.0,7035536000.0
20260702,20260703,A091170,KODEX 은행,일반,KRX 은행,50000.0,20060627,,444405.0,15900.0,2.78,15866.76,0.21,27950000.0,559.0,793338000.0
20260702,20260706,A091170,KODEX 은행,일반,KRX 은행,50000.0,20060627,,443706.25,15875.0,-0.16,15915.13,-0.25,27950000.0,559.0,795756500.0
20260702,20260707,A091170,KODEX 은행,일반,KRX 은행,50000.0,20060627,,449995.0,16100.0,1.42,16136.9,-0.23,27950000.0,559.0,806845000.0
20260702,20260708,A091170,KODEX 은행,일반,KRX 은행,50000.0,20060627,,434890.0,15700.0,-2.48,15746.39,-0.29,27700000.0,554.0,787319500.0
20260702,20260709,A091170,KODEX 은행,일반,KRX 은행,50000.0,20060627,,430282.5,15450.0,-1.59,15540.38,-0.58,27850000.0,557.0,777019000.0
20260702,20260703,A091180,KODEX 자동차,일반,KRX 자동차,50000.0,20060627,,460428.0,31110.0,1.42,31193.9,-0.27,14800000.0,296.0,1559695000.0
20260702,20260706,A091180,KODEX 자동차,일반,KRX 자동차,50000.0,20060627,,478040.0,32300.0,3.83,32249.21,0.16,14800000.0,296.0,1612460500.0
20260702,20260707,A091180,KODEX 자동차,일반,KRX 자동차,50000.0,20060627,,463617.0,31220.0,-3.34,31378.2,-0.5,14850000.0,297.0,1568910000.0
20260702,20260708,A091180,KODEX 자동차,일반,KRX 자동차,50000.0,20060627,,453421.5,30845.0,-1.2,30911.73,-0.22,14700000.0,294.0,1545586500.0
20260702,20260709,A091180,KODEX 자동차,일반,KRX 자동차,50000.0,20060627,,438302.0,29615.0,-3.99,29654.56,-0.13,14800000.0,296.0,1482728000.0
20260702,20260703,A091220,TIGER 은행,일반,KRX 은행,20000.0,20060627,,23226.0,16590.0,3.46,16565.6,0.15,1400000.0,70.0,331312000.0
20260702,20260706,A091220,TIGER 은행,일반,KRX 은행,20000.0,20060627,,23184.0,16560.0,-0.18,16615.87,-0.34,1400000.0,70.0,332317400.0
20260702,20260707,A091220,TIGER 은행,일반,KRX 은행,20000.0,20060627,,23280.6,16870.0,1.87,16844.9,0.15,1380000.0,69.0,336898000.0
20260702,20260708,A091220,TIGER 은행,일반,KRX 은행,20000.0,20060627,,22276.8,16380.0,-2.9,16439.97,-0.36,1360000.0,68.0,328799400.0
20260702,20260709,A091220,TIGER 은행,일반,KRX 은행,20000.0,20060627,,22596.0,16140.0,-1.47,16230.24,-0.56,1400000.0,70.0,324604800.0
20260702,20260703,A091230,TIGER 반도체,일반,KRX 반도체,20000.0,20060627,,1595493.9,165165.0,6.0,164499.1,0.4,9660000.0,483.0,3289982000.0
20260702,20260706,A091230,TIGER 반도체,일반,KRX 반도체,20000.0,20060627,,1576954.7,161905.0,-1.97,160915.13,0.62,9740000.0,487.0,3218302600.0
20260702,20260707,A091230,TIGER 반도체,일반,KRX 반도체,20000.0,20060627,,1509774.4,151280.0,-6.56,151336.39,-0.04,9980000.0,499.0,3026727800.0000005
20260702,20260708,A091230,TIGER 반도체,일반,KRX 반도체,20000.0,20060627,,1439570.0,142250.0,-5.97,141664.96,0.41,10120000.0,506.0,2833299200.0
20260702,20260709,A091230,TIGER 반도체,일반,KRX 반도체,20000.0,20060627,,1496867.2,147040.0,3.37,147221.8,-0.12,10180000.0,509.0,2944436000.0
20260702,20260703,A100910,KIWOOM KRX100,일반,KRX 100,300000.0,20080123,,55998.0,20740.0,5.33,20656.7,0.4,2700000.0,9.0,6197010000.0
20260702,20260706,A100910,KIWOOM KRX100,일반,KRX 100,300000.0,20080123,,61260.0,20420.0,-1.54,20559.87,-0.68,3000000.0,10.0,6167961000.0
20260702,20260707,A100910,KIWOOM KRX100,일반,KRX 100,300000.0,20080123,,58635.0,19545.0,-4.29,19471.73,0.38,3000000.0,10.0,5841519000.0
20260702,20260708,A100910,KIWOOM KRX100,일반,KRX 100,300000.0,20080123,,55380.0,18460.0,-5.55,18386.22,0.4,3000000.0,10.0,5515866000.0
20260702,20260709,A100910,KIWOOM KRX100,일반,KRX 100,300000.0,20080123,,67194.0,18665.0,1.11,18592.61,0.39,3600000.0,12.0,5577783000.0
20260702,20260703,A102110,TIGER 200,일반,코스피 200,50000.0,20080403,,11377696.25,131155.0,5.99,130863.01,0.22,86750000.0,1735.0,6543150500.0
20260702,20260706,A102110,TIGER 200,일반,코스피 200,50000.0,20080403,,11411524.0,130120.0,-0.79,130245.64,-0.1,87700000.0,1754.0,6512282000.0
20260702,20260707,A102110,TIGER 200,일반,코스피 200,50000.0,20080403,,10937721.0,123870.0,-4.8,123440.83,0.35,88300000.0,1766.0,6172041500.0
20260702,20260708,A102110,TIGER 200,일반,코스피 200,50000.0,20080403,,10351198.0,117095.0,-5.47,116667.66,0.37,88400000.0,1768.0,5833383000.0
20260702,20260709,A102110,TIGER 200,일반,코스피 200,50000.0,20080403,,10503108.0,117880.0,0.67,117820.75,0.05,89100000.0,1782.0,5891037500.0
20260702,20260703,A102780,KODEX 삼성그룹,일반,MKF 삼성그룹지수,100000.0,20080521,,4058368.0,30560.0,3.95,30549.43,0.03,132800000.0,1328.0,3054943000.0
20260702,20260706,A102780,KODEX 삼성그룹,일반,MKF 삼성그룹지수,100000.0,20080521,,4022512.0,30290.0,-0.88,30349.26,-0.2,132800000.0,1328.0,3034926000.0
20260702,20260707,A102780,KODEX 삼성그룹,일반,MKF 삼성그룹지수,100000.0,20080521,,3793432.0,28565.0,-5.7,28714.18,-0.52,132800000.0,1328.0,2871418000.0
20260702,20260708,A102780,KODEX 삼성그룹,일반,MKF 삼성그룹지수,100000.0,20080521,,3530475.0,26625.0,-6.79,26704.43,-0.3,132600000.0,1326.0,2670443000.0
20260702,20260709,A102780,KODEX 삼성그룹,일반,MKF 삼성그룹지수,100000.0,20080521,,3456925.0,26090.0,-2.01,26270.41,-0.69,132500000.0,1325.0,2627041000.0
20260702,20260703,A102960,KODEX 기계장비,일반,KRX 기계장비,20000.0,20080529,,17983.2,15240.0,-0.97,15240.96,-0.01,1180000.0,59.0,304819200.0
20260702,20260706,A102960,KODEX 기계장비,일반,KRX 기계장비,20000.0,20080529,,17705.9,15005.0,-1.54,15071.72,-0.44,1180000.0,59.0,301434400.0
20260702,20260707,A102960,KODEX 기계장비,일반,KRX 기계장비,20000.0,20080529,,16909.4,14330.0,-4.5,14272.44,0.4,1180000.0,59.0,285448800.0
20260702,20260708,A102960,KODEX 기계장비,일반,KRX 기계장비,20000.0,20080529,,15623.2,13240.0,-7.61,13188.8,0.39,1180000.0,59.0,263776000.0
20260702,20260709,A102960,KODEX 기계장비,일반,KRX 기계장비,20000.0,20080529,,15505.2,13140.0,-0.76,13067.37,0.56,1180000.0,59.0,261347400.00000003
20260702,20260703,A102970,KODEX 증권,일반,KRX 증권,50000.0,20080529,,851880.0,22900.0,7.87,22890.21,0.04,37200000.0,744.0,1144510500.0
20260702,20260706,A102970,KODEX 증권,일반,KRX 증권,50000.0,20080529,,880653.0,23610.0,3.1,23642.08,-0.14,37300000.0,746.0,1182104000.0
20260702,20260707,A102970,KODEX 증권,일반,KRX 증권,50000.0,20080529,,841663.75,22595.0,-4.3,22703.28,-0.48,37250000.0,745.0,1135164000.0
20260702,20260708,A102970,KODEX 증권,일반,KRX 증권,50000.0,20080529,,806835.0,21660.0,-4.14,21782.19,-0.56,37250000.0,745.0,1089109500.0
20260702,20260709,A102970,KODEX 증권,일반,KRX 증권,50000.0,20080529,,790273.5,20990.0,-3.09,20998.66,-0.04,37650000.0,753.0,1049933000.0
20260702,20260703,A104520,KIWOOM 블루칩,일반,MKF 블루칩,100000.0,20080729,,16835.5,15305.0,0.69,15402.48,-0.63,1100000.0,11.0,1540248000.0
20260702,20260706,A104520,KIWOOM 블루칩,일반,MKF 블루칩,100000.0,20080729,,16918.0,15380.0,0.49,15399.08,-0.12,1100000.0,11.0,1539908000.0
20260702,20260707,A104520,KIWOOM 블루칩,일반,MKF 블루칩,100000.0,20080729,,16857.5,15325.0,-0.36,15395.26,-0.46,1100000.0,11.0,1539526000.0
20260702,20260708,A104520,KIWOOM 블루칩,일반,MKF 블루칩,100000.0,20080729,,14920.0,14920.0,-2.64,14909.54,0.07,1000000.0,10.0,1490954000.0
20260702,20260709,A104520,KIWOOM 블루칩,일반,MKF 블루칩,100000.0,20080729,,14430.0,14430.0,-3.28,14547.15,-0.81,1000000.0,10.0,1454715000.0
20260702,20260703,A104530,KIWOOM 코리아고배당,일반,MKF 웰스 고배당 20,50000.0,20080729,,37990.5,17670.0,1.14,17770.37,-0.56,2150000.0,43.0,888518500.0
20260702,20260706,A104530,KIWOOM 코리아고배당,일반,MKF 웰스 고배당 20,50000.0,20080729,,38334.5,17830.0,0.91,17884.61,-0.31,2150000.0,43.0,894230500.0
20260702,20260707,A104530,KIWOOM 코리아고배당,일반,MKF 웰스 고배당 20,50000.0,20080729,,38485.0,17900.0,0.39,17955.52,-0.31,2150000.0,43.0,897776000.0
20260702,20260708,A104530,KIWOOM 코리아고배당,일반,MKF 웰스 고배당 20,50000.0,20080729,,38227.0,17780.0,-0.67,17703.68,0.43,2150000.0,43.0,885184000.0
20260702,20260709,A104530,KIWOOM 코리아고배당,일반,MKF 웰스 고배당 20,50000.0,20080729,,37453.0,17420.0,-2.02,17445.63,-0.15,2150000.0,43.0,872281500.0
20260702,20260703,A105190,ACE 200,일반,코스피 200,50000.0,20080925,,2497550.25,131105.0,5.47,131104.93,0.0,19050000.0,381.0,6555246500.0
20260702,20260706,A105190,ACE 200,일반,코스피 200,50000.0,20080925,,2352005.25,130305.0,-0.61,130471.85,-0.13,18050000.0,361.0,6523592500.0
20260702,20260707,A105190,ACE 200,일반,코스피 200,50000.0,20080925,,2186658.5,123890.0,-4.92,123651.02,0.19,17650000.0,353.0,6182551000.0
20260702,20260708,A105190,ACE 200,일반,코스피 200,50000.0,20080925,,1970640.0,117300.0,-5.32,116837.95,0.4,16800000.0,336.0,5841897500.0
20260702,20260709,A105190,ACE 200,일반,코스피 200,50000.0,20080925,,1970266.0,117980.0,0.58,118018.46,-0.03,16700000.0,334.0,5900923000.0
20260702,20260703,A105780,RISE 5대그룹주,일반,MKF 5대그룹주,200000.0,20081022,,40300.0,20150.0,3.41,20093.37,0.28,2000000.0,10.0,4018674000.0
20260702,20260706,A105780,RISE 5대그룹주,일반,MKF 5대그룹주,200000.0,20081022,,39660.0,19830.0,-1.59,19861.19,-0.16,2000000.0,10.0,3972237999.9999995
20260702,20260707,A105780,RISE 5대그룹주,일반,MKF 5대그룹주,200000.0,20081022,,37600.0,18800.0,-5.19,18828.9,-0.15,2000000.0,10.0,3765780000.0000005
20260702,20260708,A105780,RISE 5대그룹주,일반,MKF 5대그룹주,200000.0,20081022,,35780.0,17890.0,-4.84,17810.06,0.45,2000000.0,10.0,3562012000.0000005
20260702,20260709,A105780,RISE 5대그룹주,일반,MKF 5대그룹주,200000.0,20081022,,35260.0,17630.0,-1.45,17660.69,-0.17,2000000.0,10.0,3532137999.9999995
20260702,20260703,A108450,ACE 삼성그룹섹터가중,일반,MKF SAMs SW,100000.0,20090203,,102143.0,44410.0,2.13,44671.89,-0.59,2300000.0,23.0,4467189000.0
20260702,20260706,A108450,ACE 삼성그룹섹터가중,일반,MKF SAMs SW,100000.0,20090203,,102568.5,44595.0,0.42,44465.59,0.29,2300000.0,23.0,4446559000.0
20260702,20260707,A108450,ACE 삼성그룹섹터가중,일반,MKF SAMs SW,100000.0,20090203,,93005.0,42275.0,-5.2,42516.84,-0.57,2200000.0,22.0,4251683999.9999995
20260702,20260708,A108450,ACE 삼성그룹섹터가중,일반,MKF SAMs SW,100000.0,20090203,,87791.0,39905.0,-5.61,39879.85,0.06,2200000.0,22.0,3987985000.0
20260702,20260709,A108450,ACE 삼성그룹섹터가중,일반,MKF SAMs SW,100000.0,20090203,,87329.0,39695.0,-0.53,39968.4,-0.68,2200000.0,22.0,3996840000.0
20260702,20260703,A108590,TREX 200,일반,코스피 200,50000.0,20090123,,26089.0,130445.0,5.7,130245.02,0.15,200000.0,4.0,6512251000.0
20260702,20260706,A108590,TREX 200,일반,코스피 200,50000.0,20090123,,25928.0,129640.0,-0.62,129660.83,-0.02,200000.0,4.0,6483041500.0
20260702,20260707,A108590,TREX 200,일반,코스피 200,50000.0,20090123,,24694.0,123470.0,-4.76,122925.15,0.44,200000.0,4.0,6146257500.0
20260702,20260708,A108590,TREX 200,일반,코스피 200,50000.0,20090123,,23325.0,116625.0,-5.54,116072.63,0.48,200000.0,4.0,5803631500.0
20260702,20260709,A108590,TREX 200,일반,코스피 200,50000.0,20090123,,23449.0,117245.0,0.53,117366.35,-0.1,200000.0,4.0,5868317500.0
20260702,20260703,A114800,KODEX 인버스,인버스 1X,코스피 200 선물인버스 지수,100000.0,20090916,,872746.5,943.0,-5.79,943.92,-0.1,925500000.0,9255.0,94392000.0
20260702,20260706,A114800,KODEX 인버스,인버스 1X,코스피 200 선물인버스 지수,100000.0,20090916,,878204.6,949.0,0.64,950.03,-0.11,925400000.0,9254.0,95003000.0
20260702,20260707,A114800,KODEX 인버스,인버스 1X,코스피 200 선물인버스 지수,100000.0,20090916,,872674.1,997.0,5.06,991.3,0.58,875300000.0,8753.0,99130000.0
20260702,20260708,A114800,KODEX 인버스,인버스 1X,코스피 200 선물인버스 지수,100000.0,20090916,,935495.1,1051.0,5.42,1053.37,-0.22,890100000.0,8901.0,105336999.99999999
20260702,20260709,A114800,KODEX 인버스,인버스 1X,코스피 200 선물인버스 지수,100000.0,20090916,,921177.6,1043.0,-0.76,1044.44,-0.14,883200000.0,8832.0,104444000.0
20260702,20260703,A117460,KODEX 에너지화학,일반,KRX 에너지화학,70000.0,20091012,,25754.4,13140.0,0.08,13096.79,0.33,1960000.0,28.0,916775300.0000001
20260702,20260706,A117460,KODEX 에너지화학,일반,KRX 에너지화학,70000.0,20091012,,25460.4,12990.0,-1.14,13017.5,-0.21,1960000.0,28.0,911225000.0
20260702,20260707,A117460,KODEX 에너지화학,일반,KRX 에너지화학,70000.0,20091012,,25656.4,13090.0,0.77,13061.53,0.22,1960000.0,28.0,914307100.0
20260702,20260708,A117460,KODEX 에너지화학,일반,KRX 에너지화학,70000.0,20091012,,24333.4,12415.0,-5.16,12449.05,-0.27,1960000.0,28.0,871433500.0
20260702,20260709,A117460,KODEX 에너지화학,일반,KRX 에너지화학,70000.0,20091012,,24284.4,12390.0,-0.2,12427.95,-0.31,1960000.0,28.0,869956500.0
20260702,20260703,A117680,KODEX 철강,일반,KRX 철강,70000.0,20091030,,24076.5,11465.0,1.78,11447.19,0.16,2100000.0,30.0,801303300.0
20260702,20260706,A117680,KODEX 철강,일반,KRX 철강,70000.0,20091030,,24150.0,11500.0,0.31,11463.82,0.32,2100000.0,30.0,802467400.0
20260702,20260707,A117680,KODEX 철강,일반,KRX 철강,70000.0,20091030,,23499.0,11190.0,-2.7,11217.99,-0.25,2100000.0,30.0,785259300.0
20260702,20260708,A117680,KODEX 철강,일반,KRX 철강,70000.0,20091030,,20991.6,10710.0,-4.29,10717.34,-0.07,1960000.0,28.0,750213800.0
20260702,20260709,A117680,KODEX 철강,일반,KRX 철강,70000.0,20091030,,20638.8,10530.0,-1.68,10476.69,0.51,1960000.0,28.0,733368300.0
20260702,20260703,A117700,KODEX 건설,일반,KRX 건설,100000.0,20091030,,206955.0,6570.0,-1.2,6553.45,0.25,31500000.0,315.0,655345000.0
20260702,20260706,A117700,KODEX 건설,일반,KRX 건설,100000.0,20091030,,213200.0,6560.0,-0.15,6586.02,-0.4,32500000.0,325.0,658602000.0
20260702,20260707,A117700,KODEX 건설,일반,KRX 건설,100000.0,20091030,,208477.0,6395.0,-2.52,6389.89,0.08,32600000.0,326.0,638989000.0
20260702,20260708,A117700,KODEX 건설,일반,KRX 건설,100000.0,20091030,,193644.0,5940.0,-7.12,5952.75,-0.21,32600000.0,326.0,595275000.0
20260702,20260709,A117700,KODEX 건설,일반,KRX 건설,100000.0,20091030,,193257.0,5910.0,-0.51,5937.21,-0.46,32700000.0,327.0,593721000.0
20260702,20260703,A122090,PLUS 코스피50,일반,코스피 50,30000.0,20100107,,224031.3,100915.0,6.76,100451.95,0.46,2220000.0,74.0,3013558500.0
20260702,20260706,A122090,PLUS 코스피50,일반,코스피 50,30000.0,20100107,,221889.0,99950.0,-0.96,99654.52,0.3,2220000.0,74.0,2989635600.0
20260702,20260707,A122090,PLUS 코스피50,일반,코스피 50,30000.0,20100107,,208680.0,94000.0,-5.95,94184.57,-0.2,2220000.0,74.0,2825537100.0
20260702,20260708,A122090,PLUS 코스피50,일반,코스피 50,30000.0,20100107,,203433.0,89225.0,-5.08,88937.47,0.32,2280000.0,76.0,2668124100.0
20260702,20260709,A122090,PLUS 코스피50,일반,코스피 50,30000.0,20100107,,210834.0,90100.0,0.98,90350.69,-0.28,2340000.0,78.0,2710520700.0
20260702,20260703,A122630,KODEX 레버리지,레버리지,코스피 200 레버리지지수,50000.0,20100222,,8093589.0,179260.0,11.87,179367.22,-0.06,45150000.0,903.0,8968361000.0
20260702,20260706,A122630,KODEX 레버리지,레버리지,코스피 200 레버리지지수,50000.0,20100222,,8124980.0,176630.0,-1.47,177198.36,-0.32,46000000.0,920.0,8859918000.0
20260702,20260707,A122630,KODEX 레버리지,레버리지,코스피 200 레버리지지수,50000.0,20100222,,7563402.0,158895.0,-10.04,160483.93,-0.99,47600000.0,952.0,8024196500.0
20260702,20260708,A122630,KODEX 레버리지,레버리지,코스피 200 레버리지지수,50000.0,20100222,,6512250.0,142500.0,-10.32,141669.67,0.59,45700000.0,914.0,7083483500.000001
20260702,20260709,A122630,KODEX 레버리지,레버리지,코스피 200 레버리지지수,50000.0,20100222,,6780519.0,144420.0,1.35,144132.16,0.2,46950000.0,939.0,7206608000.0
20260702,20260703,A123310,TIGER 인버스,인버스 1X,코스피 200 선물인버스 지수,100000.0,20100329,,59769.6,1056.0,-6.71,1059.8,-0.36,56600000.0,566.0,105980000.0
20260702,20260706,A123310,TIGER 인버스,인버스 1X,코스피 200 선물인버스 지수,100000.0,20100329,,60448.8,1068.0,1.14,1066.61,0.13,56600000.0,566.0,106660999.99999999
20260702,20260707,A123310,TIGER 인버스,인버스 1X,코스피 200 선물인버스 지수,100000.0,20100329,,61152.0,1120.0,4.87,1113.19,0.61,54600000.0,546.0,111319000.0
20260702,20260708,A123310,TIGER 인버스,인버스 1X,코스피 200 선물인버스 지수,100000.0,20100329,,64646.4,1184.0,5.71,1183.92,0.01,54600000.0,546.0,118392000.0
20260702,20260709,A123310,TIGER 인버스,인버스 1X,코스피 200 선물인버스 지수,100000.0,20100329,,63882.0,1170.0,-1.18,1173.95,-0.34,54600000.0,546.0,117395000.0
20260702,20260703,A123320,TIGER 레버리지,레버리지,코스피 200 레버리지지수,100000.0,20100409,,376866.0,179460.0,12.01,179244.99,0.12,2100000.0,21.0,17924499000.0
20260702,20260706,A123320,TIGER 레버리지,레버리지,코스피 200 레버리지지수,100000.0,20100409,,371962.5,177125.0,-1.3,177125.94,0.0,2100000.0,21.0,17712594000.0
20260702,20260707,A123320,TIGER 레버리지,레버리지,코스피 200 레버리지지수,100000.0,20100409,,334068.0,159080.0,-10.19,160420.49,-0.84,2100000.0,21.0,16042049000.0
20260702,20260708,A123320,TIGER 레버리지,레버리지,코스피 200 레버리지지수,100000.0,20100409,,297465.0,141650.0,-10.96,141502.95,0.1,2100000.0,21.0,14150295000.000002
20260702,20260709,A123320,TIGER 레버리지,레버리지,코스피 200 레버리지지수,100000.0,20100409,,302410.5,144005.0,1.66,144020.06,-0.01,2100000.0,21.0,14402006000.0
20260702,20260703,A131890,ACE 삼성그룹동일가중,일반,MKF SAMs EW Index,100000.0,20100917,,17228.0,43070.0,1.99,43048.16,0.05,400000.0,4.0,4304816000.0
20260702,20260706,A131890,ACE 삼성그룹동일가중,일반,MKF SAMs EW Index,100000.0,20100917,,17114.0,42785.0,-0.66,42927.3,-0.33,400000.0,4.0,4292730000.0000005
20260702,20260707,A131890,ACE 삼성그룹동일가중,일반,MKF SAMs EW Index,100000.0,20100917,,16872.0,42180.0,-1.41,42509.4,-0.77,400000.0,4.0,4250940000.0
20260702,20260708,A131890,ACE 삼성그룹동일가중,일반,MKF SAMs EW Index,100000.0,20100917,,16200.0,40500.0,-3.98,40397.05,0.25,400000.0,4.0,4039705000.0000005
20260702,20260709,A131890,ACE 삼성그룹동일가중,일반,MKF SAMs EW Index,100000.0,20100917,,16136.0,40340.0,-0.4,40045.41,0.74,400000.0,4.0,4004541000.0000005
20260702,20260703,A138520,TIGER 삼성그룹,일반,MKF SAMs FW,20000.0,20110307,,175824.0,40700.0,4.23,40597.38,0.25,4320000.0,216.0,811947600.0
20260702,20260706,A138520,TIGER 삼성그룹,일반,MKF SAMs FW,20000.0,20110307,,176212.8,40790.0,0.22,40981.93,-0.47,4320000.0,216.0,819638600.0
20260702,20260707,A138520,TIGER 삼성그룹,일반,MKF SAMs FW,20000.0,20110307,,168739.0,39425.0,-3.35,39239.11,0.47,4280000.0,214.0,784782200.0
20260702,20260708,A138520,TIGER 삼성그룹,일반,MKF SAMs FW,20000.0,20110307,,157268.6,36745.0,-6.8,36716.31,0.08,4280000.0,214.0,734326200.0
20260702,20260709,A138520,TIGER 삼성그룹,일반,MKF SAMs FW,20000.0,20110307,,153031.4,35755.0,-2.69,36016.12,-0.73,4280000.0,214.0,720322400.0
20260702,20260703,A138530,TIGER LG그룹플러스,일반,MKF LG그룹+ FW,20000.0,20110310,,90379.8,11955.0,-1.2,11956.35,-0.01,7560000.0,378.0,239127000.0
20260702,20260706,A138530,TIGER LG그룹플러스,일반,MKF LG그룹+ FW,20000.0,20110310,,89510.4,11840.0,-0.96,11904.51,-0.54,7560000.0,378.0,238090200.0
20260702,20260707,A138530,TIGER LG그룹플러스,일반,MKF LG그룹+ FW,20000.0,20110310,,90304.2,11945.0,0.89,11958.5,-0.11,7560000.0,378.0,239170000.0
20260702,20260708,A138530,TIGER LG그룹플러스,일반,MKF LG그룹+ FW,20000.0,20110310,,88225.2,11670.0,-2.3,11709.93,-0.34,7560000.0,378.0,234198600.0
20260702,20260709,A138530,TIGER LG그룹플러스,일반,MKF LG그룹+ FW,20000.0,20110310,,85843.8,11355.0,-2.7,11496.04,-1.23,7560000.0,378.0,229920800.00000003
20260702,20260703,A138540,TIGER 현대차그룹플러스,일반,MKF 현대차그룹+ FW,20000.0,20110310,,760050.0,56300.0,1.83,56346.88,-0.08,13500000.0,675.0,1126937600.0
20260702,20260706,A138540,TIGER 현대차그룹플러스,일반,MKF 현대차그룹+ FW,20000.0,20110310,,783348.8,57940.0,2.91,57894.85,0.08,13520000.0,676.0,1157897000.0
20260702,20260707,A138540,TIGER 현대차그룹플러스,일반,MKF 현대차그룹+ FW,20000.0,20110310,,751374.0,55575.0,-4.08,55848.24,-0.49,13520000.0,676.0,1116964800.0
20260702,20260708,A138540,TIGER 현대차그룹플러스,일반,MKF 현대차그룹+ FW,20000.0,20110310,,735131.8,54535.0,-1.87,54638.91,-0.19,13480000.0,674.0,1092778200.0
20260702,20260709,A138540,TIGER 현대차그룹플러스,일반,MKF 현대차그룹+ FW,20000.0,20110310,,699342.4,51880.0,-4.87,52060.94,-0.35,13480000.0,674.0,1041218800.0
20260702,20260703,A139220,TIGER 200 건설,일반,코스피 200 건설,20000.0,20110406,,138330.0,7950.0,1.02,7957.49,-0.09,17400000.0,870.0,159149800.0
20260702,20260706,A139220,TIGER 200 건설,일반,코스피 200 건설,20000.0,20110406,,140814.9,8065.0,1.45,8045.7,0.24,17460000.0,873.0,160914000.0
20260702,20260707,A139220,TIGER 200 건설,일반,코스피 200 건설,20000.0,20110406,,136444.0,7700.0,-4.53,7722.9,-0.3,17720000.0,886.0,154458000.0
20260702,20260708,A139220,TIGER 200 건설,일반,코스피 200 건설,20000.0,20110406,,126752.3,7145.0,-7.21,7180.0,-0.49,17740000.0,887.0,143600000.0
20260702,20260709,A139220,TIGER 200 건설,일반,코스피 200 건설,20000.0,20110406,,124608.0,7040.0,-1.47,7048.78,-0.12,17700000.0,885.0,140975600.0
20260702,20260703,A139230,TIGER 200 중공업,일반,코스피 200 중공업,20000.0,20110406,,312320.0,15250.0,-0.55,15178.99,0.47,20480000.0,1024.0,303579800.0
20260702,20260706,A139230,TIGER 200 중공업,일반,코스피 200 중공업,20000.0,20110406,,306927.0,15075.0,-1.15,15136.22,-0.4,20360000.0,1018.0,302724400.0
20260702,20260707,A139230,TIGER 200 중공업,일반,코스피 200 중공업,20000.0,20110406,,289374.0,14185.0,-5.9,14249.1,-0.45,20400000.0,1020.0,284982000.0
20260702,20260708,A139230,TIGER 200 중공업,일반,코스피 200 중공업,20000.0,20110406,,267954.0,13135.0,-7.4,13199.66,-0.49,20400000.0,1020.0,263993200.0
20260702,20260709,A139230,TIGER 200 중공업,일반,코스피 200 중공업,20000.0,20110406,,262752.0,12880.0,-1.94,12958.92,-0.61,20400000.0,1020.0,259178400.0
20260702,20260703,A139240,TIGER 200 철강소재,일반,코스피 200 철강/소재,20000.0,20110406,,5834.8,10060.0,2.03,10054.79,0.05,580000.0,29.0,201095800.00000003
20260702,20260706,A139240,TIGER 200 철강소재,일반,코스피 200 철강/소재,20000.0,20110406,,5892.8,10160.0,0.99,10126.79,0.33,580000.0,29.0,202535800.00000003
20260702,20260707,A139240,TIGER 200 철강소재,일반,코스피 200 철강/소재,20000.0,20110406,,5776.8,9960.0,-1.97,9926.58,0.34,580000.0,29.0,198531600.0
20260702,20260708,A139240,TIGER 200 철강소재,일반,코스피 200 철강/소재,20000.0,20110406,,5527.4,9530.0,-4.32,9494.56,0.37,580000.0,29.0,189891200.0
20260702,20260709,A139240,TIGER 200 철강소재,일반,코스피 200 철강/소재,20000.0,20110406,,5544.0,9240.0,-3.04,9316.21,-0.82,600000.0,30.0,186324199.99999997
20260702,20260703,A139250,TIGER 200 에너지화학,일반,코스피 200 에너지/화학,20000.0,20110406,,25922.2,17515.0,-0.09,17521.75,-0.04,1480000.0,74.0,350435000.0
20260702,20260706,A139250,TIGER 200 에너지화학,일반,코스피 200 에너지/화학,20000.0,20110406,,24185.0,17275.0,-1.37,17360.17,-0.49,1400000.0,70.0,347203399.99999994
20260702,20260707,A139250,TIGER 200 에너지화학,일반,코스피 200 에너지/화학,20000.0,20110406,,22927.4,17110.0,-0.96,17097.74,0.07,1340000.0,67.0,341954800.00000006
20260702,20260708,A139250,TIGER 200 에너지화학,일반,코스피 200 에너지/화학,20000.0,20110406,,21801.8,16270.0,-4.91,16301.5,-0.19,1340000.0,67.0,326030000.0
20260702,20260709,A139250,TIGER 200 에너지화학,일반,코스피 200 에너지/화학,20000.0,20110406,,21955.9,16385.0,0.71,16363.1,0.13,1340000.0,67.0,327262000.0
20260702,20260703,A139260,TIGER 200 IT,일반,코스피 200 정보기술,20000.0,20110406,,3472456.0,179920.0,5.72,177896.23,1.14,19300000.0,965.0,3557924600.0
20260702,20260706,A139260,TIGER 200 IT,일반,코스피 200 정보기술,20000.0,20110406,,3335636.0,171940.0,-4.44,171168.79,0.45,19400000.0,970.0,3423375800.0
20260702,20260707,A139260,TIGER 200 IT,일반,코스피 200 정보기술,20000.0,20110406,,3066336.0,159705.0,-7.12,159361.84,0.22,19200000.0,960.0,3187236800.0
20260702,20260708,A139260,TIGER 200 IT,일반,코스피 200 정보기술,20000.0,20110406,,2914649.1,148555.0,-6.98,149222.49,-0.45,19620000.0,981.0,2984449800.0
20260702,20260709,A139260,TIGER 200 IT,일반,코스피 200 정보기술,20000.0,20110406,,3017850.2,153035.0,3.02,152466.49,0.37,19720000.0,986.0,3049329800.0
20260702,20260703,A139270,TIGER 200 금융,일반,코스피 200 금융,20000.0,20110406,,33659.0,17350.0,3.95,17414.48,-0.37,1940000.0,97.0,348289600.0
20260702,20260706,A139270,TIGER 200 금융,일반,코스피 200 금융,20000.0,20110406,,34515.6,17610.0,1.5,17643.0,-0.19,1960000.0,98.0,352860000.0
20260702,20260707,A139270,TIGER 200 금융,일반,코스피 200 금융,20000.0,20110406,,34505.8,17605.0,-0.03,17633.52,-0.16,1960000.0,98.0,352670400.0
20260702,20260708,A139270,TIGER 200 금융,일반,코스피 200 금융,20000.0,20110406,,33437.6,17060.0,-3.1,17125.28,-0.38,1960000.0,98.0,342505600.0
20260702,20260709,A139270,TIGER 200 금융,일반,코스피 200 금융,20000.0,20110406,,32624.2,16645.0,-2.43,16712.22,-0.4,1960000.0,98.0,334244400.0
20260702,20260703,A139280,TIGER 경기방어,일반,코스피 200 경기방어소비재,20000.0,20110406,,41315.8,12370.0,0.0,12379.05,-0.07,3340000.0,167.0,247581000.0
20260702,20260706,A139280,TIGER 경기방어,일반,코스피 200 경기방어소비재,20000.0,20110406,,40781.4,12210.0,-1.29,12245.99,-0.29,3340000.0,167.0,244919800.0
20260702,20260707,A139280,TIGER 경기방어,일반,코스피 200 경기방어소비재,20000.0,20110406,,41950.4,12560.0,2.87,12540.46,0.16,3340000.0,167.0,250809199.99999997
20260702,20260708,A139280,TIGER 경기방어,일반,코스피 200 경기방어소비재,20000.0,20110406,,41148.8,12320.0,-1.91,12271.26,0.4,3340000.0,167.0,245425200.0
20260702,20260709,A139280,TIGER 경기방어,일반,코스피 200 경기방어소비재,20000.0,20110406,,39979.8,11970.0,-2.84,12004.17,-0.28,3340000.0,167.0,240083400.0
20260702,20260703,A139290,TIGER 200 경기소비재,일반,코스피 200 경기소비재,20000.0,20110406,,6945.6,28940.0,1.24,29032.47,-0.32,240000.0,12.0,580649400.0
20260702,20260706,A139290,TIGER 200 경기소비재,일반,코스피 200 경기소비재,20000.0,20110406,,7141.2,29755.0,2.82,29710.15,0.15,240000.0,12.0,594203000.0
20260702,20260707,A139290,TIGER 200 경기소비재,일반,코스피 200 경기소비재,20000.0,20110406,,6919.2,28830.0,-3.11,29177.33,-1.19,240000.0,12.0,583546600.0
20260702,20260708,A139290,TIGER 200 경기소비재,일반,코스피 200 경기소비재,20000.0,20110406,,6826.8,28445.0,-1.34,28704.61,-0.9,240000.0,12.0,574092200.0
20260702,20260709,A139290,TIGER 200 경기소비재,일반,코스피 200 경기소비재,20000.0,20110406,,6558.0,27325.0,-3.94,27431.26,-0.39,240000.0,12.0,548625200.0
20260702,20260703,A140570,RISE 수출주,일반,MKF 수출주 지수,100000.0,20110415,,10810.0,27025.0,-0.9,27183.65,-0.58,400000.0,4.0,2718365000.0
20260702,20260706,A140570,RISE 수출주,일반,MKF 수출주 지수,100000.0,20110415,,10742.0,26855.0,-0.63,26924.78,-0.26,400000.0,4.0,2692478000.0
20260702,20260707,A140570,RISE 수출주,일반,MKF 수출주 지수,100000.0,20110415,,10378.0,25945.0,-3.39,26172.12,-0.87,400000.0,4.0,2617212000.0
20260702,20260708,A140570,RISE 수출주,일반,MKF 수출주 지수,100000.0,20110415,,9970.0,24925.0,-3.93,24972.01,-0.19,400000.0,4.0,2497201000.0
20260702,20260709,A140570,RISE 수출주,일반,MKF 수출주 지수,100000.0,20110415,,9748.0,24370.0,-2.23,24654.16,-1.15,400000.0,4.0,2465416000.0
20260702,20260703,A140580,RISE 우량업종대표주,일반,MKF 우량업종대표주 지수,100000.0,20110415,,13110.0,26220.0,0.11,26381.98,-0.61,500000.0,5.0,2638198000.0
20260702,20260706,A140580,RISE 우량업종대표주,일반,MKF 우량업종대표주 지수,100000.0,20110415,,13102.5,26205.0,-0.06,26263.19,-0.22,500000.0,5.0,2626319000.0
20260702,20260707,A140580,RISE 우량업종대표주,일반,MKF 우량업종대표주 지수,100000.0,20110415,,12827.5,25655.0,-2.1,25870.93,-0.83,500000.0,5.0,2587093000.0
20260702,20260708,A140580,RISE 우량업종대표주,일반,MKF 우량업종대표주 지수,100000.0,20110415,,12377.5,24755.0,-3.51,24780.46,-0.1,500000.0,5.0,2478046000.0
20260702,20260709,A140580,RISE 우량업종대표주,일반,MKF 우량업종대표주 지수,100000.0,20110415,,12220.0,24440.0,-1.27,24613.35,-0.7,500000.0,5.0,2461335000.0
20260702,20260703,A140700,KODEX 보험,일반,KRX 보험,100000.0,20110426,,54040.0,19300.0,2.22,19363.53,-0.33,2800000.0,28.0,1936353000.0
20260702,20260706,A140700,KODEX 보험,일반,KRX 보험,100000.0,20110426,,51467.0,19795.0,2.56,19728.46,0.34,2600000.0,26.0,1972846000.0
20260702,20260707,A140700,KODEX 보험,일반,KRX 보험,100000.0,20110426,,51324.0,19740.0,-0.28,19720.2,0.1,2600000.0,26.0,1972020000.0
20260702,20260708,A140700,KODEX 보험,일반,KRX 보험,100000.0,20110426,,50180.0,19300.0,-2.23,19294.13,0.03,2600000.0,26.0,1929413000.0
20260702,20260709,A140700,KODEX 보험,일반,KRX 보험,100000.0,20110426,,47736.0,18360.0,-4.87,18405.01,-0.24,2600000.0,26.0,1840500999.9999998
20260702,20260703,A140710,KODEX 운송,일반,KRX 운송,100000.0,20110426,,11277.0,6265.0,0.0,6285.01,-0.32,1800000.0,18.0,628501000.0
20260702,20260706,A140710,KODEX 운송,일반,KRX 운송,100000.0,20110426,,11313.0,6285.0,0.32,6304.62,-0.31,1800000.0,18.0,630462000.0
20260702,20260707,A140710,KODEX 운송,일반,KRX 운송,100000.0,20110426,,11493.0,6385.0,1.59,6360.67,0.38,1800000.0,18.0,636067000.0
20260702,20260708,A140710,KODEX 운송,일반,KRX 운송,100000.0,20110426,,11259.0,6255.0,-2.04,6262.57,-0.12,1800000.0,18.0,626257000.0
20260702,20260709,A140710,KODEX 운송,일반,KRX 운송,100000.0,20110426,,10863.0,6035.0,-3.52,6025.64,0.16,1800000.0,18.0,602564000.0
20260702,20260703,A140950,파워 코스피100,일반,코스피 100,40000.0,20110503,,57803.2,103220.0,5.25,103462.47,-0.23,560000.0,14.0,4138498800.0
20260702,20260706,A140950,파워 코스피100,일반,코스피 100,40000.0,20110503,,57696.8,103030.0,-0.18,102825.86,0.2,560000.0,14.0,4113034400.0
20260702,20260707,A140950,파워 코스피100,일반,코스피 100,40000.0,20110503,,54647.6,97585.0,-5.28,97412.83,0.18,560000.0,14.0,3896513200.0
20260702,20260708,A140950,파워 코스피100,일반,코스피 100,40000.0,20110503,,51760.8,92430.0,-5.28,92039.3,0.42,560000.0,14.0,3681572000.0
20260702,20260709,A140950,파워 코스피100,일반,코스피 100,40000.0,20110503,,52046.4,92940.0,0.55,93103.93,-0.18,560000.0,14.0,3724157199.9999995
20260702,20260703,A143860,TIGER 헬스케어,일반,KRX 헬스케어,20000.0,20110718,,157011.0,39450.0,0.2,39309.09,0.36,3980000.0,199.0,786181799.9999999
20260702,20260706,A143860,TIGER 헬스케어,일반,KRX 헬스케어,20000.0,20110718,,151339.5,38025.0,-3.61,38073.61,-0.13,3980000.0,199.0,761472200.0
20260702,20260707,A143860,TIGER 헬스케어,일반,KRX 헬스케어,20000.0,20110718,,155060.8,38960.0,2.46,38845.95,0.29,3980000.0,199.0,776919000.0
20260702,20260708,A143860,TIGER 헬스케어,일반,KRX 헬스케어,20000.0,20110718,,148075.9,37205.0,-4.5,37096.86,0.29,3980000.0,199.0,741937200.0
20260702,20260709,A143860,TIGER 헬스케어,일반,KRX 헬스케어,20000.0,20110718,,146140.0,36535.0,-1.8,36585.33,-0.14,4000000.0,200.0,731706600.0
20260702,20260703,A145670,ACE 인버스,인버스 1X,코스피 200 선물인버스 지수,100000.0,20110908,,3413.3,1177.0,-5.54,1184.04,-0.59,2900000.0,29.0,118404000.0
20260702,20260706,A145670,ACE 인버스,인버스 1X,코스피 200 선물인버스 지수,100000.0,20110908,,3451.0,1190.0,1.1,1191.68,-0.14,2900000.0,29.0,119168000.0
20260702,20260707,A145670,ACE 인버스,인버스 1X,코스피 200 선물인버스 지수,100000.0,20110908,,3491.6,1247.0,4.79,1244.51,0.2,2800000.0,28.0,124451000.0
20260702,20260708,A145670,ACE 인버스,인버스 1X,코스피 200 선물인버스 지수,100000.0,20110908,,3696.0,1320.0,5.85,1322.59,-0.2,2800000.0,28.0,132258999.99999999
20260702,20260709,A145670,ACE 인버스,인버스 1X,코스피 200 선물인버스 지수,100000.0,20110908,,3665.2,1309.0,-0.83,1311.6,-0.2,2800000.0,28.0,131159999.99999999
20260702,20260703,A145850,TREX 펀더멘탈 200,일반,FnGuide-RAFI 코리아200 지수,50000.0,20110923,,31985.0,127940.0,3.17,126997.62,0.74,250000.0,5.0,6349881000.0
20260702,20260706,A145850,TREX 펀더멘탈 200,일반,FnGuide-RAFI 코리아200 지수,50000.0,20110923,,32133.75,128535.0,0.46,128096.43,0.34,250000.0,5.0,6404821500.0
20260702,20260707,A145850,TREX 펀더멘탈 200,일반,FnGuide-RAFI 코리아200 지수,50000.0,20110923,,31357.5,125430.0,-2.42,124715.77,0.57,250000.0,5.0,6235788500.0
20260702,20260708,A145850,TREX 펀더멘탈 200,일반,FnGuide-RAFI 코리아200 지수,50000.0,20110923,,30322.5,121290.0,-3.3,119923.4,1.14,250000.0,5.0,5996170000.0
20260702,20260709,A145850,TREX 펀더멘탈 200,일반,FnGuide-RAFI 코리아200 지수,50000.0,20110923,,29998.75,119995.0,-1.07,118433.88,1.32,250000.0,5.0,5921694000.0
20260702,20260703,A147970,TIGER 모멘텀,일반,FnGuide 모멘텀 지수,20000.0,20111026,,45254.4,94280.0,1.18,93885.39,0.42,480000.0,24.0,1877707800.0
20260702,20260706,A147970,TIGER 모멘텀,일반,FnGuide 모멘텀 지수,20000.0,20111026,,44236.8,92160.0,-2.25,92324.13,-0.18,480000.0,24.0,1846482600.0
20260702,20260707,A147970,TIGER 모멘텀,일반,FnGuide 모멘텀 지수,20000.0,20111026,,42722.4,89005.0,-3.42,88701.19,0.34,480000.0,24.0,1774023800.0
20260702,20260708,A147970,TIGER 모멘텀,일반,FnGuide 모멘텀 지수,20000.0,20111026,,39554.4,82405.0,-7.42,82933.84,-0.64,480000.0,24.0,1658676800.0
20260702,20260709,A147970,TIGER 모멘텀,일반,FnGuide 모멘텀 지수,20000.0,20111026,,39693.6,82695.0,0.35,82260.91,0.53,480000.0,24.0,1645218200.0
20260702,20260703,A148020,RISE 200,일반,코스피 200,50000.0,20111020,,4958688.0,131880.0,5.79,131640.78,0.18,37600000.0,752.0,6582039000.0
20260702,20260706,A148020,RISE 200,일반,코스피 200,50000.0,20111020,,4957403.75,130975.0,-0.69,131023.28,-0.04,37850000.0,757.0,6551164000.0
20260702,20260707,A148020,RISE 200,일반,코스피 200,50000.0,20111020,,4782245.0,124700.0,-4.79,124188.06,0.41,38350000.0,767.0,6209403000.0
20260702,20260708,A148020,RISE 200,일반,코스피 200,50000.0,20111020,,4559518.75,117665.0,-5.64,117344.91,0.27,38750000.0,775.0,5867245500.0
20260702,20260709,A148020,RISE 200,일반,코스피 200,50000.0,20111020,,4583047.5,118425.0,0.65,118547.28,-0.1,38700000.0,774.0,5927364000.0
20260702,20260703,A150460,TIGER 중국소비테마,일반,FnGuide 중국내수테마 지수,30000.0,20111216,,58020.3,7410.0,-1.27,7430.47,-0.28,7830000.0,261.0,222914100.0
20260702,20260706,A150460,TIGER 중국소비테마,일반,FnGuide 중국내수테마 지수,30000.0,20111216,,57589.65,7355.0,-0.74,7385.97,-0.42,7830000.0,261.0,221579100.0
20260702,20260707,A150460,TIGER 중국소비테마,일반,FnGuide 중국내수테마 지수,30000.0,20111216,,59207.4,7620.0,3.6,7610.49,0.12,7770000.0,259.0,228314700.0
20260702,20260708,A150460,TIGER 중국소비테마,일반,FnGuide 중국내수테마 지수,30000.0,20111216,,57614.55,7415.0,-2.69,7430.12,-0.2,7770000.0,259.0,222903600.0
20260702,20260709,A150460,TIGER 중국소비테마,일반,FnGuide 중국내수테마 지수,30000.0,20111216,,55982.85,7205.0,-2.83,7233.13,-0.39,7770000.0,259.0,216993900.0
20260702,20260703,A152100,PLUS 200,일반,코스피 200,50000.0,20120110,,1725945.0,132765.0,6.04,132745.58,0.01,13000000.0,260.0,6637278999.999999
20260702,20260706,A152100,PLUS 200,일반,코스피 200,50000.0,20120110,,1708946.75,131965.0,-0.6,132141.77,-0.13,12950000.0,259.0,6607088499.999999
20260702,20260707,A152100,PLUS 200,일반,코스피 200,50000.0,20120110,,1630395.0,125415.0,-4.96,125198.75,0.17,13000000.0,260.0,6259937500.0
20260702,20260708,A152100,PLUS 200,일반,코스피 200,50000.0,20120110,,1555428.5,118735.0,-5.33,118272.06,0.39,13100000.0,262.0,5913603000.0
20260702,20260709,A152100,PLUS 200,일반,코스피 200,50000.0,20120110,,1564074.5,119395.0,0.56,119510.14,-0.1,13100000.0,262.0,5975507000.0
20260702,20260703,A152500,ACE 레버리지,레버리지,코스피 200 레버리지지수,100000.0,20120127,,73120.0,73120.0,12.21,73130.36,-0.01,1000000.0,10.0,7313036000.0
20260702,20260706,A152500,ACE 레버리지,레버리지,코스피 200 레버리지지수,100000.0,20120127,,72130.0,72130.0,-1.35,72266.76,-0.19,1000000.0,10.0,7226675999.999999
20260702,20260707,A152500,ACE 레버리지,레버리지,코스피 200 레버리지지수,100000.0,20120127,,64885.0,64885.0,-10.04,65396.9,-0.78,1000000.0,10.0,6539690000.0
20260702,20260708,A152500,ACE 레버리지,레버리지,코스피 200 레버리지지수,100000.0,20120127,,57865.0,57865.0,-10.82,57813.97,0.09,1000000.0,10.0,5781397000.0
20260702,20260709,A152500,ACE 레버리지,레버리지,코스피 200 레버리지지수,100000.0,20120127,,59105.0,59105.0,2.14,58829.63,0.47,1000000.0,10.0,5882963000.0
20260702,20260703,A152870,파워 200,일반,코스피 200,50000.0,20120213,,171567.5,131975.0,5.71,131853.72,0.09,1300000.0,26.0,6592686000.0
20260702,20260706,A152870,파워 200,일반,코스피 200,50000.0,20120213,,170508.0,131160.0,-0.62,131228.69,-0.05,1300000.0,26.0,6561434500.0
20260702,20260707,A152870,파워 200,일반,코스피 200,50000.0,20120213,,161882.5,124525.0,-5.06,124401.32,0.1,1300000.0,26.0,6220066000.0
20260702,20260708,A152870,파워 200,일반,코스피 200,50000.0,20120213,,159266.25,117975.0,-5.26,117555.69,0.36,1350000.0,27.0,5877784500.0
20260702,20260709,A152870,파워 200,일반,코스피 200,50000.0,20120213,,160184.25,118655.0,0.58,118722.08,-0.06,1350000.0,27.0,5936104000.0
20260702,20260703,A153270,KIWOOM 코스피100,일반,코스피 100,20000.0,20120228,,42457.8,101090.0,5.05,101534.53,-0.44,420000.0,21.0,2030690600.0
20260702,20260706,A153270,KIWOOM 코스피100,일반,코스피 100,20000.0,20120228,,42176.4,100420.0,-0.66,100900.67,-0.48,420000.0,21.0,2018013400.0
20260702,20260707,A153270,KIWOOM 코스피100,일반,코스피 100,20000.0,20120228,,39977.7,95185.0,-5.21,95611.56,-0.45,420000.0,21.0,1912231200.0
20260702,20260708,A153270,KIWOOM 코스피100,일반,코스피 100,20000.0,20120228,,38003.7,90485.0,-4.94,90321.35,0.18,420000.0,21.0,1806427000.0
20260702,20260709,A153270,KIWOOM 코스피100,일반,코스피 100,20000.0,20120228,,38295.6,91180.0,0.77,91421.14,-0.26,420000.0,21.0,1828422800.0
20260702,20260703,A156080,KODEX MSCI Korea,일반,MSCI Korea Index,100000.0,20120430,,37572.0,62620.0,3.16,62435.83,0.29,600000.0,6.0,6243583000.0
20260702,20260706,A156080,KODEX MSCI Korea,일반,MSCI Korea Index,100000.0,20120430,,37380.0,62300.0,-0.51,62212.25,0.14,600000.0,6.0,6221225000.0
20260702,20260707,A156080,KODEX MSCI Korea,일반,MSCI Korea Index,100000.0,20120430,,35427.0,59045.0,-5.22,58810.02,0.4,600000.0,6.0,5881002000.0
20260702,20260708,A156080,KODEX MSCI Korea,일반,MSCI Korea Index,100000.0,20120430,,33444.0,55740.0,-5.6,55528.66,0.38,600000.0,6.0,5552866000.0
20260702,20260709,A156080,KODEX MSCI Korea,일반,MSCI Korea Index,100000.0,20120430,,33732.0,56220.0,0.86,56129.29,0.16,600000.0,6.0,5612929000.0
20260702,20260703,A157490,TIGER 소프트웨어,일반,FnGuide 소프트웨어 지수,20000.0,20120516,,78635.2,8260.0,-1.78,8248.72,0.14,9520000.0,476.0,164974400.0
20260702,20260706,A157490,TIGER 소프트웨어,일반,FnGuide 소프트웨어 지수,20000.0,20120516,,78200.8,8180.0,-0.97,8210.47,-0.37,9560000.0,478.0,164209400.0
20260702,20260707,A157490,TIGER 소프트웨어,일반,FnGuide 소프트웨어 지수,20000.0,20120516,,78752.7,8255.0,0.92,8309.69,-0.66,9540000.0,477.0,166193800.0
20260702,20260708,A157490,TIGER 소프트웨어,일반,FnGuide 소프트웨어 지수,20000.0,20120516,,77321.7,8105.0,-1.82,8093.82,0.14,9540000.0,477.0,161876400.0
20260702,20260709,A157490,TIGER 소프트웨어,일반,FnGuide 소프트웨어 지수,20000.0,20120516,,74984.4,7860.0,-3.02,7858.78,0.02,9540000.0,477.0,157175600.0
20260702,20260703,A157500,TIGER 증권,일반,FnGuide 증권 지수,20000.0,20120516,,318775.8,16035.0,8.56,16039.7,-0.03,19880000.0,994.0,320794000.0
20260702,20260706,A157500,TIGER 증권,일반,FnGuide 증권 지수,20000.0,20120516,,331368.3,16585.0,3.43,16563.39,0.13,19980000.0,999.0,331267800.0
20260702,20260707,A157500,TIGER 증권,일반,FnGuide 증권 지수,20000.0,20120516,,316647.2,15880.0,-4.25,15928.83,-0.31,19940000.0,997.0,318576600.0
20260702,20260708,A157500,TIGER 증권,일반,FnGuide 증권 지수,20000.0,20120516,,303381.6,15230.0,-4.09,15280.89,-0.33,19920000.0,996.0,305617800.0
20260702,20260709,A157500,TIGER 증권,일반,FnGuide 증권 지수,20000.0,20120516,,295796.0,14600.0,-4.14,14710.69,-0.75,20260000.0,1013.0,294213800.0
20260702,20260703,A159800,마이티 코스피100,일반,코스피 100,40000.0,20120705,,29149.4,104105.0,6.1,104457.84,-0.34,280000.0,7.0,4178313600.0
20260702,20260706,A159800,마이티 코스피100,일반,코스피 100,40000.0,20120705,,28987.0,103525.0,-0.56,103813.35,-0.28,280000.0,7.0,4152534000.0
20260702,20260707,A159800,마이티 코스피100,일반,코스피 100,40000.0,20120705,,27279.0,97425.0,-5.89,98305.73,-0.9,280000.0,7.0,3932229200.0
20260702,20260708,A159800,마이티 코스피100,일반,코스피 100,40000.0,20120705,,25992.4,92830.0,-4.72,92832.9,0.0,280000.0,7.0,3713316000.0
20260702,20260709,A159800,마이티 코스피100,일반,코스피 100,40000.0,20120705,,26289.2,93890.0,1.14,93988.86,-0.11,280000.0,7.0,3759554400.0
20260702,20260703,A161510,PLUS 고배당주,일반,FnGuide 배당주 지수,30000.0,20120829,,2375072.7,25165.0,1.86,25226.39,-0.24,94380000.0,3146.0,756791700.0
20260702,20260706,A161510,PLUS 고배당주,일반,FnGuide 배당주 지수,30000.0,20120829,,2408399.1,25510.0,1.37,25559.24,-0.19,94410000.0,3147.0,766777200.0
20260702,20260707,A161510,PLUS 고배당주,일반,FnGuide 배당주 지수,30000.0,20120829,,2413414.2,25555.0,0.18,25644.56,-0.35,94440000.0,3148.0,769336800.0
20260702,20260708,A161510,PLUS 고배당주,일반,FnGuide 배당주 지수,30000.0,20120829,,2373749.4,25135.0,-1.64,25098.05,0.15,94440000.0,3148.0,752941500.0
20260702,20260709,A161510,PLUS 고배당주,일반,FnGuide 배당주 지수,30000.0,20120829,,2307169.2,24430.0,-2.8,24609.91,-0.73,94440000.0,3148.0,738297300.0
20260702,20260703,A166400,TIGER 200커버드콜OTM,일반,코스피 200 커버드콜 5% OTM 지수(PR 지수),100000.0,20121025,,12442.5,24885.0,8.67,25054.92,-0.68,500000.0,5.0,2505492000.0
20260702,20260706,A166400,TIGER 200커버드콜OTM,일반,코스피 200 커버드콜 5% OTM 지수(PR 지수),100000.0,20121025,,12300.0,24600.0,-1.15,25070.71,-1.88,500000.0,5.0,2507071000.0
20260702,20260707,A166400,TIGER 200커버드콜OTM,일반,코스피 200 커버드콜 5% OTM 지수(PR 지수),100000.0,20121025,,12127.5,24255.0,-1.4,24340.56,-0.35,500000.0,5.0,2434056000.0
20260702,20260708,A166400,TIGER 200커버드콜OTM,일반,코스피 200 커버드콜 5% OTM 지수(PR 지수),100000.0,20121025,,11577.5,23155.0,-4.54,23328.43,-0.74,500000.0,5.0,2332843000.0
20260702,20260709,A166400,TIGER 200커버드콜OTM,일반,코스피 200 커버드콜 5% OTM 지수(PR 지수),100000.0,20121025,,11740.0,23480.0,1.4,23904.25,-1.77,500000.0,5.0,2390425000.0
20260702,20260703,A174350,TIGER 로우볼,일반,FnGuide 로우볼 지수,20000.0,20130620,,9780.0,20375.0,1.77,20375.02,0.0,480000.0,24.0,407500400.0
20260702,20260706,A174350,TIGER 로우볼,일반,FnGuide 로우볼 지수,20000.0,20130620,,9763.2,20340.0,-0.17,20459.19,-0.58,480000.0,24.0,409183800.0
20260702,20260707,A174350,TIGER 로우볼,일반,FnGuide 로우볼 지수,20000.0,20130620,,9510.5,20675.0,1.65,20826.0,-0.73,460000.0,23.0,416520000.0
20260702,20260708,A174350,TIGER 로우볼,일반,FnGuide 로우볼 지수,20000.0,20130620,,9377.1,20385.0,-1.4,20528.8,-0.7,460000.0,23.0,410576000.0
20260702,20260709,A174350,TIGER 로우볼,일반,FnGuide 로우볼 지수,20000.0,20130620,,9202.3,20005.0,-1.86,20397.36,-1.92,460000.0,23.0,407947200.0
20260702,20260703,A192720,파워 고배당저변동성,일반,코스피 200 고배당지수,30000.0,20140220,,32963.1,57830.0,0.35,58068.85,-0.41,570000.0,19.0,1742065500.0
20260702,20260706,A192720,파워 고배당저변동성,일반,코스피 200 고배당지수,30000.0,20140220,,33165.45,58185.0,0.61,58437.1,-0.43,570000.0,19.0,1753113000.0
20260702,20260707,A192720,파워 고배당저변동성,일반,코스피 200 고배당지수,30000.0,20140220,,33681.3,59090.0,1.56,59301.41,-0.36,570000.0,19.0,1779042300.0
20260702,20260708,A192720,파워 고배당저변동성,일반,코스피 200 고배당지수,30000.0,20140220,,33037.2,57960.0,-1.91,58197.21,-0.41,570000.0,19.0,1745916300.0
20260702,20260709,A192720,파워 고배당저변동성,일반,코스피 200 고배당지수,30000.0,20140220,,32584.05,57165.0,-1.37,57321.8,-0.27,570000.0,19.0,1719654000.0
20260702,20260703,A210780,TIGER 코스피고배당,일반,코스피 고배당 50,30000.0,20141205,,76510.5,23185.0,2.36,23172.24,0.06,3300000.0,110.0,695167200.0
20260702,20260706,A210780,TIGER 코스피고배당,일반,코스피 고배당 50,30000.0,20141205,,76906.5,23305.0,0.52,23384.35,-0.34,3300000.0,110.0,701530500.0
20260702,20260707,A210780,TIGER 코스피고배당,일반,코스피 고배당 50,30000.0,20141205,,77121.0,23370.0,0.28,23425.43,-0.24,3300000.0,110.0,702762900.0
20260702,20260708,A210780,TIGER 코스피고배당,일반,코스피 고배당 50,30000.0,20141205,,75933.0,23010.0,-1.54,23026.88,-0.07,3300000.0,110.0,690806400.0
20260702,20260709,A210780,TIGER 코스피고배당,일반,코스피 고배당 50,30000.0,20141205,,74712.0,22640.0,-1.61,22723.79,-0.37,3300000.0,110.0,681713700.0
20260702,20260703,A211560,TIGER 배당성장,일반,코스피 배당성장 50,30000.0,20141217,,77425.5,36350.0,2.39,36478.82,-0.35,2130000.0,71.0,1094364600.0
20260702,20260706,A211560,TIGER 배당성장,일반,코스피 배당성장 50,30000.0,20141217,,78511.8,36860.0,1.4,36907.81,-0.13,2130000.0,71.0,1107234300.0
20260702,20260707,A211560,TIGER 배당성장,일반,코스피 배당성장 50,30000.0,20141217,,78405.3,36810.0,-0.14,37013.44,-0.55,2130000.0,71.0,1110403200.0
20260702,20260708,A211560,TIGER 배당성장,일반,코스피 배당성장 50,30000.0,20141217,,76701.3,36010.0,-2.17,36069.97,-0.17,2130000.0,71.0,1082099100.0
20260702,20260709,A211560,TIGER 배당성장,일반,코스피 배당성장 50,30000.0,20141217,,74166.6,34820.0,-3.3,35143.35,-0.92,2130000.0,71.0,1054300500.0
20260702,20260703,A211900,KODEX 코리아배당성장,일반,코스피 배당성장 50,50000.0,20141217,,92928.0,29040.0,2.49,29122.47,-0.28,3200000.0,64.0,1456123500.0
20260702,20260706,A211900,KODEX 코리아배당성장,일반,코스피 배당성장 50,50000.0,20141217,,93824.0,29320.0,0.96,29465.74,-0.49,3200000.0,64.0,1473287000.0
20260702,20260707,A211900,KODEX 코리아배당성장,일반,코스피 배당성장 50,50000.0,20141217,,94128.0,29415.0,0.32,29550.29,-0.46,3200000.0,64.0,1477514500.0
20260702,20260708,A211900,KODEX 코리아배당성장,일반,코스피 배당성장 50,50000.0,20141217,,91744.0,28670.0,-2.53,28794.52,-0.43,3200000.0,64.0,1439726000.0
20260702,20260709,A211900,KODEX 코리아배당성장,일반,코스피 배당성장 50,50000.0,20141217,,90032.0,28135.0,-1.87,28052.82,0.29,3200000.0,64.0,1402641000.0
20260702,20260703,A213610,KODEX 삼성그룹밸류,일반,WISE 삼성그룹밸류 인덱스,100000.0,20150108,,287270.0,24980.0,4.3,24861.47,0.48,11500000.0,115.0,2486147000.0
20260702,20260706,A213610,KODEX 삼성그룹밸류,일반,WISE 삼성그룹밸류 인덱스,100000.0,20150108,,285890.0,24860.0,-0.48,24995.55,-0.54,11500000.0,115.0,2499555000.0
20260702,20260707,A213610,KODEX 삼성그룹밸류,일반,WISE 삼성그룹밸류 인덱스,100000.0,20150108,,276747.5,24065.0,-3.2,24215.18,-0.62,11500000.0,115.0,2421518000.0
20260702,20260708,A213610,KODEX 삼성그룹밸류,일반,WISE 삼성그룹밸류 인덱스,100000.0,20150108,,257357.5,22775.0,-5.36,22829.98,-0.24,11300000.0,113.0,2282998000.0
20260702,20260709,A213610,KODEX 삼성그룹밸류,일반,WISE 삼성그룹밸류 인덱스,100000.0,20150108,,253798.0,22460.0,-1.38,22581.51,-0.54,11300000.0,113.0,2258151000.0
20260702,20260703,A215620,HK S&P코리아로우볼,일반,S&P Korea 저변동성 지수,30000.0,20150325,,8402.4,15560.0,-1.14,15697.06,-0.87,540000.0,18.0,470911800.0
20260702,20260706,A215620,HK S&P코리아로우볼,일반,S&P Korea 저변동성 지수,30000.0,20150325,,8502.3,15745.0,1.19,15736.04,0.06,540000.0,18.0,472081200.0
20260702,20260707,A215620,HK S&P코리아로우볼,일반,S&P Korea 저변동성 지수,30000.0,20150325,,8559.0,15850.0,0.67,15959.54,-0.69,540000.0,18.0,478786200.0
20260702,20260708,A215620,HK S&P코리아로우볼,일반,S&P Korea 저변동성 지수,30000.0,20150325,,8421.3,15595.0,-1.61,15763.3,-1.07,540000.0,18.0,472899000.0
20260702,20260709,A215620,HK S&P코리아로우볼,일반,S&P Korea 저변동성 지수,30000.0,20150325,,8386.2,15530.0,-0.42,15584.8,-0.35,540000.0,18.0,467544000.0
20260702,20260703,A223190,KODEX 200가치저변동,일반,코스피 200 가치저변동성 지수,100000.0,20150626,,29960.0,29960.0,2.59,29952.82,0.02,1000000.0,10.0,2995282000.0
20260702,20260706,A223190,KODEX 200가치저변동,일반,코스피 200 가치저변동성 지수,100000.0,20150626,,30330.0,30330.0,1.23,30286.17,0.14,1000000.0,10.0,3028617000.0
20260702,20260707,A223190,KODEX 200가치저변동,일반,코스피 200 가치저변동성 지수,100000.0,20150626,,29515.0,29515.0,-2.69,29455.59,0.2,1000000.0,10.0,2945559000.0
20260702,20260708,A223190,KODEX 200가치저변동,일반,코스피 200 가치저변동성 지수,100000.0,20150626,,28320.0,28320.0,-4.05,28253.66,0.23,1000000.0,10.0,2825366000.0
20260702,20260709,A223190,KODEX 200가치저변동,일반,코스피 200 가치저변동성 지수,100000.0,20150626,,28055.0,28055.0,-0.94,27739.45,1.14,1000000.0,10.0,2773945000.0
20260702,20260703,A226380,ACE Fn성장소비주도주,일반,FnGuide 성장소비주도 지수,100000.0,20150819,,4018.0,5740.0,-1.12,5731.41,0.15,700000.0,7.0,573141000.0
20260702,20260706,A226380,ACE Fn성장소비주도주,일반,FnGuide 성장소비주도 지수,100000.0,20150819,,4011.0,5730.0,-0.17,5765.03,-0.61,700000.0,7.0,576503000.0
20260702,20260707,A226380,ACE Fn성장소비주도주,일반,FnGuide 성장소비주도 지수,100000.0,20150819,,4133.5,5905.0,3.05,5917.61,-0.21,700000.0,7.0,591761000.0
20260702,20260708,A226380,ACE Fn성장소비주도주,일반,FnGuide 성장소비주도 지수,100000.0,20150819,,4025.0,5750.0,-2.62,5795.15,-0.78,700000.0,7.0,579515000.0
20260702,20260709,A226380,ACE Fn성장소비주도주,일반,FnGuide 성장소비주도 지수,100000.0,20150819,,3913.0,5590.0,-2.78,5643.12,-0.94,700000.0,7.0,564312000.0
20260702,20260703,A226490,KODEX 코스피,일반,코스피지수,50000.0,20150824,,1170960.0,83640.0,5.49,83244.3,0.48,14000000.0,280.0,4162215000.0
20260702,20260706,A226490,KODEX 코스피,일반,코스피지수,50000.0,20150824,,1163470.0,83105.0,-0.64,82862.18,0.29,14000000.0,280.0,4143108999.9999995
20260702,20260707,A226490,KODEX 코스피,일반,코스피지수,50000.0,20150824,,1118769.75,79065.0,-4.86,78806.57,0.33,14150000.0,283.0,3940328500.0000005
20260702,20260708,A226490,KODEX 코스피,일반,코스피지수,50000.0,20150824,,1063296.0,74880.0,-5.29,74592.14,0.39,14200000.0,284.0,3729607000.0
20260702,20260709,A226490,KODEX 코스피,일반,코스피지수,50000.0,20150824,,1074869.0,75695.0,1.09,75054.61,0.85,14200000.0,284.0,3752730500.0
20260702,20260703,A226980,KODEX 200 중소형,일반,코스피 200 중소형주지수,100000.0,20150901,,21379.5,23755.0,-0.48,23646.29,0.46,900000.0,9.0,2364629000.0
20260702,20260706,A226980,KODEX 200 중소형,일반,코스피 200 중소형주지수,100000.0,20150901,,20947.5,23275.0,-2.02,23359.98,-0.36,900000.0,9.0,2335998000.0
20260702,20260707,A226980,KODEX 200 중소형,일반,코스피 200 중소형주지수,100000.0,20150901,,20763.0,23070.0,-0.88,23210.77,-0.61,900000.0,9.0,2321077000.0
20260702,20260708,A226980,KODEX 200 중소형,일반,코스피 200 중소형주지수,100000.0,20150901,,20025.0,22250.0,-3.55,22158.02,0.42,900000.0,9.0,2215802000.0
20260702,20260709,A226980,KODEX 200 중소형,일반,코스피 200 중소형주지수,100000.0,20150901,,19602.0,21780.0,-2.11,21945.17,-0.75,900000.0,9.0,2194517000.0
20260702,20260703,A227540,TIGER 200 헬스케어,일반,코스피 200 헬스케어,20000.0,20150923,,31125.0,18750.0,1.19,18761.01,-0.06,1660000.0,83.0,375220199.99999994
20260702,20260706,A227540,TIGER 200 헬스케어,일반,코스피 200 헬스케어,20000.0,20150923,,30129.0,18150.0,-3.2,18204.34,-0.3,1660000.0,83.0,364086800.0
20260702,20260707,A227540,TIGER 200 헬스케어,일반,코스피 200 헬스케어,20000.0,20150923,,30842.8,18580.0,2.37,18524.17,0.3,1660000.0,83.0,370483399.99999994
20260702,20260708,A227540,TIGER 200 헬스케어,일반,코스피 200 헬스케어,20000.0,20150923,,30070.9,18115.0,-2.5,18042.08,0.4,1660000.0,83.0,360841600.00000006
20260702,20260709,A227540,TIGER 200 헬스케어,일반,코스피 200 헬스케어,20000.0,20150923,,29149.6,17560.0,-3.06,17562.43,-0.01,1660000.0,83.0,351248600.0
20260702,20260703,A227550,TIGER 200 산업재,일반,코스피 200 산업재,20000.0,20150923,,8401.8,12730.0,1.19,12809.71,-0.62,660000.0,33.0,256194199.99999997
20260702,20260706,A227550,TIGER 200 산업재,일반,코스피 200 산업재,20000.0,20150923,,8382.0,12700.0,-0.24,12681.04,0.15,660000.0,33.0,253620800.00000003
20260702,20260707,A227550,TIGER 200 산업재,일반,코스피 200 산업재,20000.0,20150923,,4129.3,12145.0,-4.37,12293.31,-1.21,340000.0,17.0,245866200.0
20260702,20260708,A227550,TIGER 200 산업재,일반,코스피 200 산업재,20000.0,20150923,,3865.8,11370.0,-6.38,11457.8,-0.77,340000.0,17.0,229156000.0
20260702,20260709,A227550,TIGER 200 산업재,일반,코스피 200 산업재,20000.0,20150923,,3802.9,11185.0,-1.63,11271.07,-0.76,340000.0,17.0,225421400.0
20260702,20260703,A227560,TIGER 200 생활소비재,일반,코스피 200 생활소비재,20000.0,20150923,,4554.0,12650.0,-0.82,12669.65,-0.16,360000.0,18.0,253393000.0
20260702,20260706,A227560,TIGER 200 생활소비재,일반,코스피 200 생활소비재,20000.0,20150923,,2768.7,12585.0,-0.51,12684.78,-0.79,220000.0,11.0,253695600.0
20260702,20260707,A227560,TIGER 200 생활소비재,일반,코스피 200 생활소비재,20000.0,20150923,,2885.3,13115.0,4.21,13143.98,-0.22,220000.0,11.0,262879600.0
20260702,20260708,A227560,TIGER 200 생활소비재,일반,코스피 200 생활소비재,20000.0,20150923,,2811.6,12780.0,-2.55,12791.42,-0.09,220000.0,11.0,255828400.0
20260702,20260709,A227560,TIGER 200 생활소비재,일반,코스피 200 생활소비재,20000.0,20150923,,2667.5,12125.0,-5.13,12241.48,-0.95,220000.0,11.0,244829600.0
20260702,20260703,A227570,TIGER 우량가치,일반,FnGuide 퀄리티 밸류 지수,30000.0,20150923,,9655.2,20115.0,0.78,20183.78,-0.34,480000.0,16.0,605513400.0
20260702,20260706,A227570,TIGER 우량가치,일반,FnGuide 퀄리티 밸류 지수,30000.0,20150923,,9672.0,20150.0,0.17,20274.24,-0.61,480000.0,16.0,608227200.0
20260702,20260707,A227570,TIGER 우량가치,일반,FnGuide 퀄리티 밸류 지수,30000.0,20150923,,7311.6,20310.0,0.79,20412.71,-0.5,360000.0,12.0,612381300.0
20260702,20260708,A227570,TIGER 우량가치,일반,FnGuide 퀄리티 밸류 지수,30000.0,20150923,,7147.8,19855.0,-2.24,19980.58,-0.63,360000.0,12.0,599417400.0
20260702,20260709,A227570,TIGER 우량가치,일반,FnGuide 퀄리티 밸류 지수,30000.0,20150923,,7102.8,19730.0,-0.63,19805.33,-0.38,360000.0,12.0,594159900.0
20260702,20260703,A227830,PLUS 코스피,일반,코스피지수,50000.0,20150923,,20805.0,83220.0,5.48,83715.82,-0.59,250000.0,5.0,4185791000.0000005
20260702,20260706,A227830,PLUS 코스피,일반,코스피지수,50000.0,20150923,,20788.75,83155.0,-0.08,83340.9,-0.22,250000.0,5.0,4167044999.9999995
20260702,20260707,A227830,PLUS 코스피,일반,코스피지수,50000.0,20150923,,19662.5,78650.0,-5.42,79242.68,-0.75,250000.0,5.0,3962133999.9999995
20260702,20260708,A227830,PLUS 코스피,일반,코스피지수,50000.0,20150923,,18697.5,74790.0,-4.91,74990.85,-0.27,250000.0,5.0,3749542500.0000005
20260702,20260709,A227830,PLUS 코스피,일반,코스피지수,50000.0,20150923,,18822.5,75290.0,0.67,75473.88,-0.24,250000.0,5.0,3773694000.0
20260702,20260703,A228790,TIGER 화장품,일반,WISE 화장품 지수,30000.0,20151007,,262912.5,3750.0,-0.79,3751.91,-0.05,70110000.0,2337.0,112557300.0
20260702,20260706,A228790,TIGER 화장품,일반,WISE 화장품 지수,30000.0,20151007,,260824.5,3725.0,-0.67,3743.56,-0.5,70020000.0,2334.0,112306800.0
20260702,20260707,A228790,TIGER 화장품,일반,WISE 화장품 지수,30000.0,20151007,,274365.0,3900.0,4.7,3897.94,0.05,70350000.0,2345.0,116938200.0
20260702,20260708,A228790,TIGER 화장품,일반,WISE 화장품 지수,30000.0,20151007,,264798.6,3785.0,-2.95,3776.6,0.22,69960000.0,2332.0,113298000.0
20260702,20260709,A228790,TIGER 화장품,일반,WISE 화장품 지수,30000.0,20151007,,250470.0,3630.0,-4.1,3607.74,0.62,69000000.0,2300.0,108232200.0
20260702,20260703,A228800,TIGER 여행레저,일반,WISE 여행레저 지수,30000.0,20151007,,74052.0,2805.0,-1.41,2814.3,-0.33,26400000.0,880.0,84429000.0
20260702,20260706,A228800,TIGER 여행레저,일반,WISE 여행레저 지수,30000.0,20151007,,74316.0,2815.0,0.36,2821.57,-0.23,26400000.0,880.0,84647100.0
20260702,20260707,A228800,TIGER 여행레저,일반,WISE 여행레저 지수,30000.0,20151007,,76167.45,2895.0,2.84,2885.18,0.34,26310000.0,877.0,86555400.0
20260702,20260708,A228800,TIGER 여행레저,일반,WISE 여행레저 지수,30000.0,20151007,,73273.35,2785.0,-3.8,2796.94,-0.43,26310000.0,877.0,83908200.0
20260702,20260709,A228800,TIGER 여행레저,일반,WISE 여행레저 지수,30000.0,20151007,,70905.45,2695.0,-3.23,2692.8,0.08,26310000.0,877.0,80784000.0
20260702,20260703,A228810,TIGER 미디어컨텐츠,일반,WISE 미디어컨텐츠 지수,30000.0,20151007,,80714.7,3410.0,-2.57,3390.25,0.58,23670000.0,789.0,101707500.0
20260702,20260706,A228810,TIGER 미디어컨텐츠,일반,WISE 미디어컨텐츠 지수,30000.0,20151007,,81646.5,3445.0,1.03,3437.51,0.22,23700000.0,790.0,103125300.0
20260702,20260707,A228810,TIGER 미디어컨텐츠,일반,WISE 미디어컨텐츠 지수,30000.0,20151007,,83803.8,3545.0,2.9,3531.45,0.38,23640000.0,788.0,105943500.0
20260702,20260708,A228810,TIGER 미디어컨텐츠,일반,WISE 미디어컨텐츠 지수,30000.0,20151007,,81054.0,3420.0,-3.53,3432.93,-0.38,23700000.0,790.0,102987900.0
20260702,20260709,A228810,TIGER 미디어컨텐츠,일반,WISE 미디어컨텐츠 지수,30000.0,20151007,,80800.65,3405.0,-0.44,3403.69,0.04,23730000.0,791.0,102110700.0
20260702,20260703,A228820,TIGER KTOP30,일반,KTOP 30,50000.0,20151014,,25968.0,21640.0,5.13,21544.52,0.44,1200000.0,24.0,1077226000.0
20260702,20260706,A228820,TIGER KTOP30,일반,KTOP 30,50000.0,20151014,,25950.0,21625.0,-0.07,21569.16,0.26,1200000.0,24.0,1078458000.0
20260702,20260707,A228820,TIGER KTOP30,일반,KTOP 30,50000.0,20151014,,25325.0,20260.0,-6.31,20487.85,-1.11,1250000.0,25.0,1024392499.9999999
20260702,20260708,A228820,TIGER KTOP30,일반,KTOP 30,50000.0,20151014,,24050.0,19240.0,-5.03,19355.12,-0.59,1250000.0,25.0,967756000.0
20260702,20260709,A228820,TIGER KTOP30,일반,KTOP 30,50000.0,20151014,,23825.0,19060.0,-0.94,19185.18,-0.65,1250000.0,25.0,959259000.0
20260702,20260703,A229200,KODEX 코스닥150,일반,코스닥 150,50000.0,20151001,,4584991.5,15230.0,-1.62,15271.92,-0.27,301050000.0,6021.0,763596000.0
20260702,20260706,A229200,KODEX 코스닥150,일반,코스닥 150,50000.0,20151001,,4446987.0,14730.0,-3.28,14784.82,-0.37,301900000.0,6038.0,739241000.0
20260702,20260707,A229200,KODEX 코스닥150,일반,코스닥 150,50000.0,20151001,,4453524.0,14535.0,-1.32,14548.53,-0.09,306400000.0,6128.0,727426500.0
20260702,20260708,A229200,KODEX 코스닥150,일반,코스닥 150,50000.0,20151001,,4171237.5,13565.0,-6.67,13583.32,-0.13,307500000.0,6150.0,679166000.0
20260702,20260709,A229200,KODEX 코스닥150,일반,코스닥 150,50000.0,20151001,,4228767.0,13770.0,1.51,13777.75,-0.06,307100000.0,6142.0,688887500.0
20260702,20260703,A229720,KODEX KTOP30,일반,KTOP 30,100000.0,20151014,,25800.0,43000.0,5.26,42831.4,0.39,600000.0,6.0,4283140000.0
20260702,20260706,A229720,KODEX KTOP30,일반,KTOP 30,100000.0,20151014,,25560.0,42600.0,-0.93,42894.03,-0.69,600000.0,6.0,4289403000.0
20260702,20260707,A229720,KODEX KTOP30,일반,KTOP 30,100000.0,20151014,,24531.0,40885.0,-4.03,40695.76,0.47,600000.0,6.0,4069576000.0
20260702,20260708,A229720,KODEX KTOP30,일반,KTOP 30,100000.0,20151014,,23148.0,38580.0,-5.64,38410.61,0.44,600000.0,6.0,3841061000.0
20260702,20260709,A229720,KODEX KTOP30,일반,KTOP 30,100000.0,20151014,,22899.0,38165.0,-1.08,38072.9,0.24,600000.0,6.0,3807290000.0
20260702,20260703,A232080,TIGER 코스닥150,일반,코스닥 150,20000.0,20151112,,1333761.0,15545.0,-1.36,15560.07,-0.1,85800000.0,4290.0,311201400.0
20260702,20260706,A232080,TIGER 코스닥150,일반,코스닥 150,20000.0,20151112,,1291030.2,15005.0,-3.47,15064.32,-0.39,86040000.0,4302.0,301286400.0
20260702,20260707,A232080,TIGER 코스닥150,일반,코스닥 150,20000.0,20151112,,1281384.0,14800.0,-1.37,14824.33,-0.16,86580000.0,4329.0,296486600.0
20260702,20260708,A232080,TIGER 코스닥150,일반,코스닥 150,20000.0,20151112,,1212107.2,13840.0,-6.49,13843.91,-0.03,87580000.0,4379.0,276878200.0
20260702,20260709,A232080,TIGER 코스닥150,일반,코스닥 150,20000.0,20151112,,1255673.7,14055.0,1.55,14040.71,0.1,89340000.0,4467.0,280814200.0
20260702,20260703,A233160,TIGER 코스닥150 레버리지,레버리지,코스닥 150 레버리지지수,50000.0,20151217,,171810.0,9960.0,-2.5,9903.76,0.57,17250000.0,345.0,495188000.0
20260702,20260706,A233160,TIGER 코스닥150 레버리지,레버리지,코스닥 150 레버리지지수,50000.0,20151217,,158270.0,9310.0,-6.53,9266.17,0.47,17000000.0,340.0,463308500.0
20260702,20260707,A233160,TIGER 코스닥150 레버리지,레버리지,코스닥 150 레버리지지수,50000.0,20151217,,156670.5,9030.0,-3.01,8966.06,0.71,17350000.0,347.0,448303000.0
20260702,20260708,A233160,TIGER 코스닥150 레버리지,레버리지,코스닥 150 레버리지지수,50000.0,20151217,,139564.5,7885.0,-12.68,7797.77,1.12,17700000.0,354.0,389888500.0
20260702,20260709,A233160,TIGER 코스닥150 레버리지,레버리지,코스닥 150 레버리지지수,50000.0,20151217,,146510.0,8050.0,2.09,8071.14,-0.26,18200000.0,364.0,403557000.0
20260702,20260703,A233740,KODEX 코스닥150레버리지,레버리지,코스닥 150 레버리지지수,100000.0,20151217,,3149400.0,9050.0,-2.9,9016.91,0.37,348000000.0,3480.0,901691000.0
20260702,20260706,A233740,KODEX 코스닥150레버리지,레버리지,코스닥 150 레버리지지수,100000.0,20151217,,2915346.0,8465.0,-6.46,8441.63,0.28,344400000.0,3444.0,844162999.9999999
20260702,20260707,A233740,KODEX 코스닥150레버리지,레버리지,코스닥 150 레버리지지수,100000.0,20151217,,2959355.0,8225.0,-2.84,8170.95,0.66,359800000.0,3598.0,817095000.0
20260702,20260708,A233740,KODEX 코스닥150레버리지,레버리지,코스닥 150 레버리지지수,100000.0,20151217,,2676240.0,7200.0,-12.46,7105.27,1.33,371700000.0,3717.0,710527000.0
20260702,20260709,A233740,KODEX 코스닥150레버리지,레버리지,코스닥 150 레버리지지수,100000.0,20151217,,2793303.5,7345.0,2.01,7367.02,-0.3,380300000.0,3803.0,736702000.0
20260702,20260703,A234310,RISE V&S셀렉트밸류,일반,FnGuide 셀렉트밸류 지수,100000.0,20160202,,15097.5,30195.0,3.11,30345.82,-0.5,500000.0,5.0,3034582000.0
20260702,20260706,A234310,RISE V&S셀렉트밸류,일반,FnGuide 셀렉트밸류 지수,100000.0,20160202,,15282.5,30565.0,1.23,30669.96,-0.34,500000.0,5.0,3066996000.0
20260702,20260707,A234310,RISE V&S셀렉트밸류,일반,FnGuide 셀렉트밸류 지수,100000.0,20160202,,14857.5,29715.0,-2.78,29897.36,-0.61,500000.0,5.0,2989736000.0
20260702,20260708,A234310,RISE V&S셀렉트밸류,일반,FnGuide 셀렉트밸류 지수,100000.0,20160202,,14395.0,28790.0,-3.11,28737.07,0.18,500000.0,5.0,2873707000.0
20260702,20260709,A234310,RISE V&S셀렉트밸류,일반,FnGuide 셀렉트밸류 지수,100000.0,20160202,,14115.0,28230.0,-1.95,28430.43,-0.7,500000.0,5.0,2843043000.0
20260702,20260703,A237350,KODEX 코스피100,일반,코스피 100,50000.0,20160127,,1140521.5,104635.0,5.32,105231.15,-0.57,10900000.0,218.0,5261557500.0
20260702,20260706,A237350,KODEX 코스피100,일반,코스피 100,50000.0,20160127,,1135344.0,104160.0,-0.45,104588.87,-0.41,10900000.0,218.0,5229443500.0
20260702,20260707,A237350,KODEX 코스피100,일반,코스피 100,50000.0,20160127,,1091860.0,99260.0,-4.7,99069.02,0.19,11000000.0,220.0,4953451000.0
20260702,20260708,A237350,KODEX 코스피100,일반,코스피 100,50000.0,20160127,,1032900.0,93900.0,-5.4,93564.02,0.36,11000000.0,220.0,4678201000.0
20260702,20260709,A237350,KODEX 코스피100,일반,코스피 100,50000.0,20160127,,1040600.0,94600.0,0.75,94740.43,-0.15,11000000.0,220.0,4737021500.0
20260702,20260703,A243880,TIGER 200IT레버리지,레버리지,코스피 200 정보기술 레버리지지수,25000.0,20160513,,960400.0,686000.0,8.54,690521.0,-0.65,1400000.0,56.0,17263025000.0
20260702,20260706,A243880,TIGER 200IT레버리지,레버리지,코스피 200 정보기술 레버리지지수,25000.0,20160513,,889350.0,635250.0,-7.4,628854.52,1.02,1400000.0,56.0,15721363000.0
20260702,20260707,A243880,TIGER 200IT레버리지,레버리지,코스피 200 정보기술 레버리지지수,25000.0,20160513,,763000.0,545000.0,-14.21,543121.04,0.35,1400000.0,56.0,13578026000.0
20260702,20260708,A243880,TIGER 200IT레버리지,레버리지,코스피 200 정보기술 레버리지지수,25000.0,20160513,,662991.0,473565.0,-13.11,474193.13,-0.13,1400000.0,56.0,11854828250.0
20260702,20260709,A243880,TIGER 200IT레버리지,레버리지,코스피 200 정보기술 레버리지지수,25000.0,20160513,,695086.0,496490.0,4.84,500374.24,-0.78,1400000.0,56.0,12509356000.0
20260702,20260703,A243890,TIGER 200에너지화학레버리지,레버리지,코스피 200 에너지/화학 레버리지지수,25000.0,20160513,,5575.0,8920.0,-0.56,8867.1,0.6,625000.0,25.0,221677500.0
20260702,20260706,A243890,TIGER 200에너지화학레버리지,레버리지,코스피 200 에너지/화학 레버리지지수,25000.0,20160513,,5456.25,8730.0,-2.13,8630.26,1.16,625000.0,25.0,215756500.0
20260702,20260707,A243890,TIGER 200에너지화학레버리지,레버리지,코스피 200 에너지/화학 레버리지지수,25000.0,20160513,,5293.75,8470.0,-2.98,8392.9,0.92,625000.0,25.0,209822500.0
20260702,20260708,A243890,TIGER 200에너지화학레버리지,레버리지,코스피 200 에너지/화학 레버리지지수,25000.0,20160513,,4781.25,7650.0,-9.68,7515.92,1.78,625000.0,25.0,187898000.0
20260702,20260709,A243890,TIGER 200에너지화학레버리지,레버리지,코스피 200 에너지/화학 레버리지지수,25000.0,20160513,,4875.0,7800.0,1.96,7692.28,1.4,625000.0,25.0,192307000.0
20260702,20260703,A244580,KODEX 바이오,일반,FnGuide 바이오 지수,80000.0,20160513,,225412.8,9060.0,-0.33,9042.12,0.2,24880000.0,311.0,723369600.0000001
20260702,20260706,A244580,KODEX 바이오,일반,FnGuide 바이오 지수,80000.0,20160513,,216580.4,8705.0,-3.92,8737.41,-0.37,24880000.0,311.0,698992800.0
20260702,20260707,A244580,KODEX 바이오,일반,FnGuide 바이오 지수,80000.0,20160513,,220272.0,8825.0,1.38,8857.19,-0.36,24960000.0,312.0,708575200.0
20260702,20260708,A244580,KODEX 바이오,일반,FnGuide 바이오 지수,80000.0,20160513,,208915.2,8370.0,-5.16,8402.22,-0.38,24960000.0,312.0,672177600.0
20260702,20260709,A244580,KODEX 바이오,일반,FnGuide 바이오 지수,80000.0,20160513,,214121.6,8470.0,1.19,8333.8,1.63,25280000.0,316.0,666704000.0
20260702,20260703,A244620,KODEX 모멘텀Plus,일반,FnGuide 모멘텀PLUS 지수,100000.0,20160513,,16751.0,23930.0,-1.32,24088.15,-0.66,700000.0,7.0,2408815000.0
20260702,20260706,A244620,KODEX 모멘텀Plus,일반,FnGuide 모멘텀PLUS 지수,100000.0,20160513,,16145.5,23065.0,-3.61,23156.55,-0.4,700000.0,7.0,2315655000.0
20260702,20260707,A244620,KODEX 모멘텀Plus,일반,FnGuide 모멘텀PLUS 지수,100000.0,20160513,,15477.0,22110.0,-4.14,22246.5,-0.61,700000.0,7.0,2224650000.0
20260702,20260708,A244620,KODEX 모멘텀Plus,일반,FnGuide 모멘텀PLUS 지수,100000.0,20160513,,14465.5,20665.0,-6.54,20804.27,-0.67,700000.0,7.0,2080427000.0
20260702,20260709,A244620,KODEX 모멘텀Plus,일반,FnGuide 모멘텀PLUS 지수,100000.0,20160513,,14742.0,21060.0,1.91,21043.71,0.08,700000.0,7.0,2104371000.0
20260702,20260703,A244660,KODEX 퀄리티Plus,일반,FnGuide 퀄리티PLUS 지수,100000.0,20160513,,4642.5,9285.0,-0.96,9307.83,-0.25,500000.0,5.0,930783000.0
20260702,20260706,A244660,KODEX 퀄리티Plus,일반,FnGuide 퀄리티PLUS 지수,100000.0,20160513,,4645.0,9290.0,0.05,9304.94,-0.16,500000.0,5.0,930494000.0
20260702,20260707,A244660,KODEX 퀄리티Plus,일반,FnGuide 퀄리티PLUS 지수,100000.0,20160513,,4685.0,9370.0,0.86,9455.04,-0.9,500000.0,5.0,945504000.0000001
20260702,20260708,A244660,KODEX 퀄리티Plus,일반,FnGuide 퀄리티PLUS 지수,100000.0,20160513,,4622.5,9245.0,-1.33,9281.67,-0.4,500000.0,5.0,928167000.0
20260702,20260709,A244660,KODEX 퀄리티Plus,일반,FnGuide 퀄리티PLUS 지수,100000.0,20160513,,4490.0,8980.0,-2.87,9169.59,-2.07,500000.0,5.0,916959000.0
20260702,20260703,A244670,KODEX 밸류Plus,일반,FnGuide 밸류PLUS 지수,100000.0,20160513,,6966.0,11610.0,-1.36,11672.2,-0.53,600000.0,6.0,1167220000.0
20260702,20260706,A244670,KODEX 밸류Plus,일반,FnGuide 밸류PLUS 지수,100000.0,20160513,,7026.0,11710.0,0.86,11783.52,-0.62,600000.0,6.0,1178352000.0
20260702,20260707,A244670,KODEX 밸류Plus,일반,FnGuide 밸류PLUS 지수,100000.0,20160513,,7170.0,11950.0,2.05,11912.8,0.31,600000.0,6.0,1191280000.0
20260702,20260708,A244670,KODEX 밸류Plus,일반,FnGuide 밸류PLUS 지수,100000.0,20160513,,6948.0,11580.0,-3.1,11555.58,0.21,600000.0,6.0,1155558000.0
20260702,20260709,A244670,KODEX 밸류Plus,일반,FnGuide 밸류PLUS 지수,100000.0,20160513,,6756.0,11260.0,-2.76,11324.27,-0.57,600000.0,6.0,1132427000.0
20260702,20260703,A250780,TIGER 코스닥150선물인버스,인버스 1X,F-코스닥150 인버스지수,50000.0,20160810,,9457.5,2425.0,1.04,2439.86,-0.61,3900000.0,78.0,121993000.0
20260702,20260706,A250780,TIGER 코스닥150선물인버스,인버스 1X,F-코스닥150 인버스지수,50000.0,20160810,,9682.75,2515.0,3.71,2516.35,-0.05,3850000.0,77.0,125817500.0
20260702,20260707,A250780,TIGER 코스닥150선물인버스,인버스 1X,F-코스닥150 인버스지수,50000.0,20160810,,9453.5,2555.0,1.59,2558.5,-0.14,3700000.0,74.0,127925000.0
20260702,20260708,A250780,TIGER 코스닥150선물인버스,인버스 1X,F-코스닥150 인버스지수,50000.0,20160810,,10045.5,2715.0,6.26,2721.26,-0.23,3700000.0,74.0,136063000.0
20260702,20260709,A250780,TIGER 코스닥150선물인버스,인버스 1X,F-코스닥150 인버스지수,50000.0,20160810,,9897.5,2675.0,-1.47,2660.25,0.55,3700000.0,74.0,133012500.0
20260702,20260703,A251340,KODEX 코스닥150선물인버스,인버스 1X,F-코스닥150 인버스지수,100000.0,20160810,,181500.0,2420.0,1.47,2448.28,-1.16,75000000.0,750.0,244828000.00000003
20260702,20260706,A251340,KODEX 코스닥150선물인버스,인버스 1X,F-코스닥150 인버스지수,100000.0,20160810,,190500.0,2500.0,3.31,2525.3,-1.0,76200000.0,762.0,252530000.00000003
20260702,20260707,A251340,KODEX 코스닥150선물인버스,인버스 1X,F-코스닥150 인버스지수,100000.0,20160810,,189111.0,2535.0,1.4,2567.25,-1.26,74600000.0,746.0,256725000.0
20260702,20260708,A251340,KODEX 코스닥150선물인버스,인버스 1X,F-코스닥150 인버스지수,100000.0,20160810,,194400.0,2700.0,6.51,2732.2,-1.18,72000000.0,720.0,273220000.0
20260702,20260709,A251340,KODEX 코스닥150선물인버스,인버스 1X,F-코스닥150 인버스지수,100000.0,20160810,,195078.0,2665.0,-1.3,2671.65,-0.25,73200000.0,732.0,267165000.0
20260702,20260703,A251590,PLUS 고배당저변동50,일반,FnGuide 고배당저변동50 지수,50000.0,20160811,,11753.0,16790.0,0.09,16829.92,-0.24,700000.0,14.0,841495999.9999999
20260702,20260706,A251590,PLUS 고배당저변동50,일반,FnGuide 고배당저변동50 지수,50000.0,20160811,,11795.0,16850.0,0.36,16862.37,-0.07,700000.0,14.0,843118500.0
20260702,20260707,A251590,PLUS 고배당저변동50,일반,FnGuide 고배당저변동50 지수,50000.0,20160811,,11889.5,16985.0,0.8,17036.95,-0.3,700000.0,14.0,851847500.0
20260702,20260708,A251590,PLUS 고배당저변동50,일반,FnGuide 고배당저변동50 지수,50000.0,20160811,,11837.0,16910.0,-0.44,16888.24,0.13,700000.0,14.0,844412000.0000001
20260702,20260709,A251590,PLUS 고배당저변동50,일반,FnGuide 고배당저변동50 지수,50000.0,20160811,,11550.0,16500.0,-2.42,16733.85,-1.4,700000.0,14.0,836692499.9999999
20260702,20260703,A252000,TIGER 200동일가중,일반,코스피 200 동일가중지수,50000.0,20160920,,11781.0,19635.0,0.46,19702.65,-0.34,600000.0,12.0,985132500.0000001
20260702,20260706,A252000,TIGER 200동일가중,일반,코스피 200 동일가중지수,50000.0,20160920,,11703.0,19505.0,-0.66,19668.55,-0.83,600000.0,12.0,983427500.0
20260702,20260707,A252000,TIGER 200동일가중,일반,코스피 200 동일가중지수,50000.0,20160920,,11643.0,19405.0,-0.51,19596.36,-0.98,600000.0,12.0,979818000.0
20260702,20260708,A252000,TIGER 200동일가중,일반,코스피 200 동일가중지수,50000.0,20160920,,11238.0,18730.0,-3.48,18904.3,-0.92,600000.0,12.0,945215000.0
20260702,20260709,A252000,TIGER 200동일가중,일반,코스피 200 동일가중지수,50000.0,20160920,,11067.0,18445.0,-1.52,18627.0,-0.98,600000.0,12.0,931350000.0
20260702,20260703,A252400,RISE 200선물레버리지,레버리지,코스피 200 선물레버리지지수,100000.0,20160912,,116273.5,166105.0,11.71,166068.36,0.02,700000.0,7.0,16606835999.999998
20260702,20260706,A252400,RISE 200선물레버리지,레버리지,코스피 200 선물레버리지지수,100000.0,20160912,,114453.5,163505.0,-1.57,163890.05,-0.23,700000.0,7.0,16389004999.999998
20260702,20260707,A252400,RISE 200선물레버리지,레버리지,코스피 200 선물레버리지지수,100000.0,20160912,,88497.0,147495.0,-9.79,149323.92,-1.22,600000.0,6.0,14932392000.000002
20260702,20260708,A252400,RISE 200선물레버리지,레버리지,코스피 200 선물레버리지지수,100000.0,20160912,,79032.0,131720.0,-10.7,131158.51,0.43,600000.0,6.0,13115851000.0
20260702,20260709,A252400,RISE 200선물레버리지,레버리지,코스피 200 선물레버리지지수,100000.0,20160912,,79872.0,133120.0,1.06,133334.0,-0.16,600000.0,6.0,13333400000.0
20260702,20260703,A252410,RISE 200선물인버스,인버스 1X,코스피 200 선물인버스 지수,100000.0,20160912,,2400.0,1200.0,-3.69,1207.98,-0.66,2000000.0,20.0,120798000.0
20260702,20260706,A252410,RISE 200선물인버스,인버스 1X,코스피 200 선물인버스 지수,100000.0,20160912,,2440.0,1220.0,1.67,1215.84,0.34,2000000.0,20.0,121583999.99999999
20260702,20260707,A252410,RISE 200선물인버스,인버스 1X,코스피 200 선물인버스 지수,100000.0,20160912,,2552.0,1276.0,4.59,1268.77,0.57,2000000.0,20.0,126877000.0
20260702,20260708,A252410,RISE 200선물인버스,인버스 1X,코스피 200 선물인버스 지수,100000.0,20160912,,2696.0,1348.0,5.64,1347.2,0.06,2000000.0,20.0,134720000.0
20260702,20260709,A252410,RISE 200선물인버스,인버스 1X,코스피 200 선물인버스 지수,100000.0,20160912,,2680.0,1340.0,-0.59,1335.99,0.3,2000000.0,20.0,133599000.0
20260702,20260703,A252420,RISE 200선물인버스2X,인버스 2X,코스피 200 선물인버스 -2X 지수,100000.0,20160922,,3792.4,76.0,-12.64,76.49,-0.64,49900000.0,499.0,7648999.999999999
20260702,20260706,A252420,RISE 200선물인버스2X,인버스 2X,코스피 200 선물인버스 -2X 지수,100000.0,20160922,,3942.1,79.0,3.95,77.65,1.74,49900000.0,499.0,7765000.000000001
20260702,20260707,A252420,RISE 200선물인버스2X,인버스 2X,코스피 200 선물인버스 -2X 지수,100000.0,20160922,,4341.3,87.0,10.13,84.53,2.92,49900000.0,499.0,8453000.0
20260702,20260708,A252420,RISE 200선물인버스2X,인버스 2X,코스피 200 선물인버스 -2X 지수,100000.0,20160922,,4690.6,94.0,8.05,94.67,-0.71,49900000.0,499.0,9467000.0
20260702,20260709,A252420,RISE 200선물인버스2X,인버스 2X,코스피 200 선물인버스 -2X 지수,100000.0,20160922,,4640.7,93.0,-1.06,93.11,-0.12,49900000.0,499.0,9311000.0
20260702,20260703,A252650,KODEX 200동일가중,일반,코스피 200 동일가중지수,100000.0,20160920,,15160.0,18950.0,0.32,18876.69,0.39,800000.0,8.0,1887668999.9999998
20260702,20260706,A252650,KODEX 200동일가중,일반,코스피 200 동일가중지수,100000.0,20160920,,14988.0,18735.0,-1.13,18843.95,-0.58,800000.0,8.0,1884395000.0
20260702,20260707,A252650,KODEX 200동일가중,일반,코스피 200 동일가중지수,100000.0,20160920,,11190.0,18650.0,-0.45,18774.76,-0.66,600000.0,6.0,1877475999.9999998
20260702,20260708,A252650,KODEX 200동일가중,일반,코스피 200 동일가중지수,100000.0,20160920,,10836.0,18060.0,-3.16,18110.84,-0.28,600000.0,6.0,1811084000.0
20260702,20260709,A252650,KODEX 200동일가중,일반,코스피 200 동일가중지수,100000.0,20160920,,10662.0,17770.0,-1.61,17844.61,-0.42,600000.0,6.0,1784461000.0
20260702,20260703,A252670,KODEX 200선물인버스2X,인버스 2X,코스피 200 선물인버스 -2X 지수,100000.0,20160922,,923917.5,75.0,-10.71,74.61,0.52,12318900000.0,123189.0,7461000.0
20260702,20260706,A252670,KODEX 200선물인버스2X,인버스 2X,코스피 200 선물인버스 -2X 지수,100000.0,20160922,,898517.6,76.0,1.33,75.56,0.58,11822600000.0,118226.0,7556000.0
20260702,20260707,A252670,KODEX 200선물인버스2X,인버스 2X,코스피 200 선물인버스 -2X 지수,100000.0,20160922,,917968.8,84.0,10.53,82.22,2.16,10928200000.0,109282.0,8222000.0
20260702,20260708,A252670,KODEX 200선물인버스2X,인버스 2X,코스피 200 선물인버스 -2X 지수,100000.0,20160922,,1044503.6,92.0,9.52,92.39,-0.42,11353300000.0,113533.0,9239000.0
20260702,20260709,A252670,KODEX 200선물인버스2X,인버스 2X,코스피 200 선물인버스 -2X 지수,100000.0,20160922,,1030824.0,90.0,-2.17,90.83,-0.91,11453600000.0,114536.0,9083000.0
20260702,20260703,A252710,TIGER 200선물인버스2X,인버스 2X,코스피 200 선물인버스 -2X 지수,100000.0,20160922,,30100.2,78.0,-11.36,79.56,-1.96,385900000.0,3859.0,7956000.0
20260702,20260706,A252710,TIGER 200선물인버스2X,인버스 2X,코스피 200 선물인버스 -2X 지수,100000.0,20160922,,30648.0,80.0,2.56,80.7,-0.87,383100000.0,3831.0,8070000.0
20260702,20260707,A252710,TIGER 200선물인버스2X,인버스 2X,코스피 200 선물인버스 -2X 지수,100000.0,20160922,,32287.2,88.0,10.0,87.86,0.16,366900000.0,3669.0,8786000.0
20260702,20260708,A252710,TIGER 200선물인버스2X,인버스 2X,코스피 200 선물인버스 -2X 지수,100000.0,20160922,,35956.2,98.0,11.36,98.84,-0.85,366900000.0,3669.0,9884000.0
20260702,20260709,A252710,TIGER 200선물인버스2X,인버스 2X,코스피 200 선물인버스 -2X 지수,100000.0,20160922,,34704.0,96.0,-2.04,97.06,-1.09,361500000.0,3615.0,9706000.0
20260702,20260703,A253150,PLUS 200선물레버리지,레버리지,코스피 200 선물레버리지지수,50000.0,20160929,,83053.75,332215.0,12.13,331740.1,0.14,250000.0,5.0,16587004999.999998
20260702,20260706,A253150,PLUS 200선물레버리지,레버리지,코스피 200 선물레버리지지수,50000.0,20160929,,81622.5,326490.0,-1.72,327520.75,-0.31,250000.0,5.0,16376037500.0
20260702,20260707,A253150,PLUS 200선물레버리지,레버리지,코스피 200 선물레버리지지수,50000.0,20160929,,73620.0,294480.0,-9.8,298199.6,-1.25,250000.0,5.0,14909979999.999998
20260702,20260708,A253150,PLUS 200선물레버리지,레버리지,코스피 200 선물레버리지지수,50000.0,20160929,,65605.0,262420.0,-10.89,261928.36,0.19,250000.0,5.0,13096418000.0
20260702,20260709,A253150,PLUS 200선물레버리지,레버리지,코스피 200 선물레버리지지수,50000.0,20160929,,66271.25,265085.0,1.02,266431.55,-0.51,250000.0,5.0,13321577500.0
20260702,20260703,A253160,PLUS 200선물인버스2X,인버스 2X,코스피 200 선물인버스 -2X 지수,50000.0,20160922,,1732.8,152.0,-12.64,150.96,0.69,11400000.0,228.0,7548000.0
20260702,20260706,A253160,PLUS 200선물인버스2X,인버스 2X,코스피 200 선물인버스 -2X 지수,50000.0,20160922,,1767.0,155.0,1.97,153.07,1.26,11400000.0,228.0,7653500.0
20260702,20260707,A253160,PLUS 200선물인버스2X,인버스 2X,코스피 200 선물인버스 -2X 지수,50000.0,20160922,,1820.0,175.0,12.9,166.35,5.2,10400000.0,208.0,8317500.0
20260702,20260708,A253160,PLUS 200선물인버스2X,인버스 2X,코스피 200 선물인버스 -2X 지수,50000.0,20160922,,1882.4,181.0,3.43,186.89,-3.15,10400000.0,208.0,9344500.0
20260702,20260709,A253160,PLUS 200선물인버스2X,인버스 2X,코스피 200 선물인버스 -2X 지수,50000.0,20160922,,1913.6,184.0,1.66,183.52,0.26,10400000.0,208.0,9176000.0
20260702,20260703,A253230,KIWOOM 200선물인버스2X,인버스 2X,코스피 200 선물인버스 -2X 지수,10000.0,20160922,,2767.6,74.0,-8.64,73.03,1.33,37400000.0,3740.0,730300.0
20260702,20260706,A253230,KIWOOM 200선물인버스2X,인버스 2X,코스피 200 선물인버스 -2X 지수,10000.0,20160922,,2805.0,75.0,1.35,73.97,1.39,37400000.0,3740.0,739700.0
20260702,20260707,A253230,KIWOOM 200선물인버스2X,인버스 2X,코스피 200 선물인버스 -2X 지수,10000.0,20160922,,2902.8,82.0,9.33,80.54,1.81,35400000.0,3540.0,805400.0000000001
20260702,20260708,A253230,KIWOOM 200선물인버스2X,인버스 2X,코스피 200 선물인버스 -2X 지수,10000.0,20160922,,3186.0,90.0,9.76,90.55,-0.61,35400000.0,3540.0,905500.0
20260702,20260709,A253230,KIWOOM 200선물인버스2X,인버스 2X,코스피 200 선물인버스 -2X 지수,10000.0,20160922,,3115.2,88.0,-2.22,88.97,-1.09,35400000.0,3540.0,889700.0
20260702,20260703,A253240,KIWOOM 200선물인버스,인버스 1X,코스피 200 선물인버스 지수,10000.0,20160912,,1466.44,1202.0,-5.43,1209.65,-0.63,1220000.0,122.0,12096500.0
20260702,20260706,A253240,KIWOOM 200선물인버스,인버스 1X,코스피 200 선물인버스 지수,10000.0,20160912,,1474.98,1209.0,0.58,1217.4,-0.69,1220000.0,122.0,12174000.0
20260702,20260707,A253240,KIWOOM 200선물인버스,인버스 1X,코스피 200 선물인버스 지수,10000.0,20160912,,1542.08,1264.0,4.55,1271.36,-0.58,1220000.0,122.0,12713599.999999998
20260702,20260708,A253240,KIWOOM 200선물인버스,인버스 1X,코스피 200 선물인버스 지수,10000.0,20160912,,1638.46,1343.0,6.25,1348.77,-0.43,1220000.0,122.0,13487700.0
20260702,20260709,A253240,KIWOOM 200선물인버스,인버스 1X,코스피 200 선물인버스 지수,10000.0,20160912,,1629.92,1336.0,-0.52,1337.45,-0.11,1220000.0,122.0,13374500.0
20260702,20260703,A253250,KIWOOM 200선물레버리지,레버리지,코스피 200 선물레버리지지수,10000.0,20160912,,76168.2,162060.0,10.11,162472.34,-0.25,470000.0,47.0,1624723400.0
20260702,20260706,A253250,KIWOOM 200선물레버리지,레버리지,코스피 200 선물레버리지지수,10000.0,20160912,,75265.8,160140.0,-1.18,160464.8,-0.2,470000.0,47.0,1604648000.0
20260702,20260707,A253250,KIWOOM 200선물레버리지,레버리지,코스피 200 선물레버리지지수,10000.0,20160912,,67621.25,143875.0,-10.16,146112.89,-1.53,470000.0,47.0,1461128900.0000002
20260702,20260708,A253250,KIWOOM 200선물레버리지,레버리지,코스피 200 선물레버리지지수,10000.0,20160912,,56361.8,128095.0,-10.97,128239.19,-0.11,440000.0,44.0,1282391900.0
20260702,20260709,A253250,KIWOOM 200선물레버리지,레버리지,코스피 200 선물레버리지지수,10000.0,20160912,,53496.8,130480.0,1.86,130398.18,0.06,410000.0,41.0,1303981800.0
20260702,20260703,A253280,RISE 헬스케어,일반,FnGuide 헬스케어 지수,50000.0,20160923,,8190.0,13650.0,-0.04,13695.77,-0.33,600000.0,12.0,684788500.0
20260702,20260706,A253280,RISE 헬스케어,일반,FnGuide 헬스케어 지수,50000.0,20160923,,7923.0,13205.0,-3.26,13279.37,-0.56,600000.0,12.0,663968500.0
20260702,20260707,A253280,RISE 헬스케어,일반,FnGuide 헬스케어 지수,50000.0,20160923,,8163.0,13605.0,3.03,13586.08,0.14,600000.0,12.0,679304000.0
20260702,20260708,A253280,RISE 헬스케어,일반,FnGuide 헬스케어 지수,50000.0,20160923,,7785.0,12975.0,-4.63,12974.74,0.0,600000.0,12.0,648737000.0
20260702,20260709,A253280,RISE 헬스케어,일반,FnGuide 헬스케어 지수,50000.0,20160923,,7641.0,12735.0,-1.85,12746.3,-0.09,600000.0,12.0,637315000.0
20260702,20260703,A261060,TIGER 코스닥150IT,일반,코스닥 150 정보기술,20000.0,20161215,,33761.0,25970.0,-0.21,25864.22,0.41,1300000.0,65.0,517284400.0
20260702,20260706,A261060,TIGER 코스닥150IT,일반,코스닥 150 정보기술,20000.0,20161215,,32683.2,24760.0,-4.66,24749.78,0.04,1320000.0,66.0,494995600.0
20260702,20260707,A261060,TIGER 코스닥150IT,일반,코스닥 150 정보기술,20000.0,20161215,,31026.6,23505.0,-5.07,23444.13,0.26,1320000.0,66.0,468882600.0
20260702,20260708,A261060,TIGER 코스닥150IT,일반,코스닥 150 정보기술,20000.0,20161215,,28842.0,21850.0,-7.04,21880.58,-0.14,1320000.0,66.0,437611600.00000006
20260702,20260709,A261060,TIGER 코스닥150IT,일반,코스닥 150 정보기술,20000.0,20161215,,29746.2,22535.0,3.14,22626.95,-0.41,1320000.0,66.0,452539000.0
20260702,20260703,A261070,TIGER 코스닥150바이오테크,일반,코스닥 150 생명기술,20000.0,20161215,,62955.0,13990.0,-1.69,13935.46,0.39,4500000.0,225.0,278709200.0
20260702,20260706,A261070,TIGER 코스닥150바이오테크,일반,코스닥 150 생명기술,20000.0,20161215,,60926.8,13420.0,-4.07,13472.88,-0.39,4540000.0,227.0,269457600.0
20260702,20260707,A261070,TIGER 코스닥150바이오테크,일반,코스닥 150 생명기술,20000.0,20161215,,62466.4,13820.0,2.98,13860.21,-0.29,4520000.0,226.0,277204200.0
20260702,20260708,A261070,TIGER 코스닥150바이오테크,일반,코스닥 150 생명기술,20000.0,20161215,,58339.0,12850.0,-7.02,12898.63,-0.38,4540000.0,227.0,257972599.99999997
20260702,20260709,A261070,TIGER 코스닥150바이오테크,일반,코스닥 150 생명기술,20000.0,20161215,,57960.0,12880.0,0.23,12867.75,0.1,4500000.0,225.0,257355000.0
20260702,20260703,A261140,TIGER 우선주,일반,코스피 우선주 지수,20000.0,20170106,,38276.1,26955.0,3.75,26824.2,0.49,1420000.0,71.0,536484000.0
20260702,20260706,A261140,TIGER 우선주,일반,코스피 우선주 지수,20000.0,20170106,,38553.0,27150.0,0.72,27204.29,-0.2,1420000.0,71.0,544085800.0
20260702,20260707,A261140,TIGER 우선주,일반,코스피 우선주 지수,20000.0,20170106,,36365.0,25975.0,-4.33,25859.21,0.45,1400000.0,70.0,517184200.0
20260702,20260708,A261140,TIGER 우선주,일반,코스피 우선주 지수,20000.0,20170106,,34580.0,24700.0,-4.91,24842.51,-0.57,1400000.0,70.0,496850199.99999994
20260702,20260709,A261140,TIGER 우선주,일반,코스피 우선주 지수,20000.0,20170106,,34041.0,24315.0,-1.56,24217.49,0.4,1400000.0,70.0,484349800.00000006
20260702,20260703,A266160,RISE 고배당,일반,FnGuide 고배당포커스 지수,50000.0,20170414,,243967.0,38420.0,6.43,38313.47,0.28,6350000.0,127.0,1915673500.0
20260702,20260706,A266160,RISE 고배당,일반,FnGuide 고배당포커스 지수,50000.0,20170414,,244348.0,38480.0,0.16,38492.09,-0.03,6350000.0,127.0,1924604499.9999998
20260702,20260707,A266160,RISE 고배당,일반,FnGuide 고배당포커스 지수,50000.0,20170414,,235775.5,37130.0,-3.51,37069.86,0.16,6350000.0,127.0,1853493000.0
20260702,20260708,A266160,RISE 고배당,일반,FnGuide 고배당포커스 지수,50000.0,20170414,,226695.0,35700.0,-3.85,35607.96,0.26,6350000.0,127.0,1780398000.0
20260702,20260709,A266160,RISE 고배당,일반,FnGuide 고배당포커스 지수,50000.0,20170414,,228250.75,35945.0,0.69,35756.07,0.53,6350000.0,127.0,1787803500.0
20260702,20260703,A266360,KODEX K콘텐츠,일반,KRX K콘텐츠,100000.0,20170328,,33610.5,10185.0,-2.02,10138.07,0.46,3300000.0,33.0,1013807000.0
20260702,20260706,A266360,KODEX K콘텐츠,일반,KRX K콘텐츠,100000.0,20170328,,33726.0,10220.0,0.34,10189.59,0.3,3300000.0,33.0,1018959000.0
20260702,20260707,A266360,KODEX K콘텐츠,일반,KRX K콘텐츠,100000.0,20170328,,34435.5,10435.0,2.1,10425.23,0.09,3300000.0,33.0,1042523000.0
20260702,20260708,A266360,KODEX K콘텐츠,일반,KRX K콘텐츠,100000.0,20170328,,34023.0,10310.0,-1.2,10283.23,0.26,3300000.0,33.0,1028323000.0
20260702,20260709,A266360,KODEX K콘텐츠,일반,KRX K콘텐츠,100000.0,20170328,,32620.5,9885.0,-4.12,9955.62,-0.71,3300000.0,33.0,995562000.0000001
20260702,20260703,A266370,KODEX IT,일반,KRX 정보기술,100000.0,20170328,,135192.0,84495.0,4.44,84804.34,-0.36,1600000.0,16.0,8480434000.0
20260702,20260706,A266370,KODEX IT,일반,KRX 정보기술,100000.0,20170328,,131768.0,82355.0,-2.53,82200.04,0.19,1600000.0,16.0,8220003999.999999
20260702,20260707,A266370,KODEX IT,일반,KRX 정보기술,100000.0,20170328,,130900.0,77000.0,-6.5,77119.72,-0.16,1700000.0,17.0,7711972000.0
20260702,20260708,A266370,KODEX IT,일반,KRX 정보기술,100000.0,20170328,,122459.5,72035.0,-6.45,71827.79,0.29,1700000.0,17.0,7182778999.999999
20260702,20260709,A266370,KODEX IT,일반,KRX 정보기술,100000.0,20170328,,125230.5,73665.0,2.26,73715.73,-0.07,1700000.0,17.0,7371573000.0
20260702,20260703,A266390,KODEX 경기소비재,일반,KRX 경기소비재,100000.0,20170328,,14836.5,16485.0,-0.63,16534.52,-0.3,900000.0,9.0,1653452000.0
20260702,20260706,A266390,KODEX 경기소비재,일반,KRX 경기소비재,100000.0,20170328,,14656.5,16285.0,-1.21,16377.09,-0.56,900000.0,9.0,1637709000.0
20260702,20260707,A266390,KODEX 경기소비재,일반,KRX 경기소비재,100000.0,20170328,,14917.5,16575.0,1.78,16662.3,-0.52,900000.0,9.0,1666230000.0
20260702,20260708,A266390,KODEX 경기소비재,일반,KRX 경기소비재,100000.0,20170328,,14638.5,16265.0,-1.87,16331.85,-0.41,900000.0,9.0,1633185000.0
20260702,20260709,A266390,KODEX 경기소비재,일반,KRX 경기소비재,100000.0,20170328,,13963.5,15515.0,-4.61,15611.56,-0.62,900000.0,9.0,1561156000.0
20260702,20260703,A266410,KODEX 필수소비재,일반,KRX 필수소비재,200000.0,20170328,,12810.0,9150.0,-1.61,9189.33,-0.43,1400000.0,7.0,1837866000.0
20260702,20260706,A266410,KODEX 필수소비재,일반,KRX 필수소비재,200000.0,20170328,,12761.0,9115.0,-0.38,9153.46,-0.42,1400000.0,7.0,1830691999.9999998
20260702,20260707,A266410,KODEX 필수소비재,일반,KRX 필수소비재,200000.0,20170328,,13426.0,9590.0,5.21,9599.35,-0.1,1400000.0,7.0,1919870000.0
20260702,20260708,A266410,KODEX 필수소비재,일반,KRX 필수소비재,200000.0,20170328,,13062.0,9330.0,-2.71,9371.66,-0.44,1400000.0,7.0,1874332000.0
20260702,20260709,A266410,KODEX 필수소비재,일반,KRX 필수소비재,200000.0,20170328,,12544.0,8960.0,-3.97,8998.92,-0.43,1400000.0,7.0,1799784000.0
20260702,20260703,A266420,KODEX 헬스케어,일반,KRX 헬스케어,100000.0,20170328,,73472.0,17920.0,0.9,17844.58,0.42,4100000.0,41.0,1784458000.0000002
20260702,20260706,A266420,KODEX 헬스케어,일반,KRX 헬스케어,100000.0,20170328,,70889.0,17290.0,-3.52,17284.59,0.03,4100000.0,41.0,1728459000.0
20260702,20260707,A266420,KODEX 헬스케어,일반,KRX 헬스케어,100000.0,20170328,,72037.0,17570.0,1.62,17638.69,-0.39,4100000.0,41.0,1763868999.9999998
20260702,20260708,A266420,KODEX 헬스케어,일반,KRX 헬스케어,100000.0,20170328,,68962.0,16820.0,-4.27,16843.63,-0.14,4100000.0,41.0,1684363000.0
20260702,20260709,A266420,KODEX 헬스케어,일반,KRX 헬스케어,100000.0,20170328,,68675.0,16750.0,-0.42,16604.6,0.88,4100000.0,41.0,1660459999.9999998
20260702,20260703,A266550,PLUS 중형주저변동50,일반,FnGuide 중형주저변동50지수,50000.0,20170328,,9322.5,18645.0,-0.53,18774.36,-0.69,500000.0,10.0,938718000.0
20260702,20260706,A266550,PLUS 중형주저변동50,일반,FnGuide 중형주저변동50지수,50000.0,20170328,,9365.0,18730.0,0.46,18780.01,-0.27,500000.0,10.0,939000499.9999999
20260702,20260707,A266550,PLUS 중형주저변동50,일반,FnGuide 중형주저변동50지수,50000.0,20170328,,4757.5,19030.0,1.6,18964.19,0.35,250000.0,5.0,948209499.9999999
20260702,20260708,A266550,PLUS 중형주저변동50,일반,FnGuide 중형주저변동50지수,50000.0,20170328,,4616.25,18465.0,-2.97,18491.76,-0.14,250000.0,5.0,924587999.9999999
20260702,20260709,A266550,PLUS 중형주저변동50,일반,FnGuide 중형주저변동50지수,50000.0,20170328,,4505.0,18020.0,-2.41,18178.7,-0.87,250000.0,5.0,908935000.0
20260702,20260703,A267770,TIGER 200선물레버리지,레버리지,코스피 200 선물레버리지지수,100000.0,20170425,,302280.0,137400.0,11.82,137469.57,-0.05,2200000.0,22.0,13746957000.0
20260702,20260706,A267770,TIGER 200선물레버리지,레버리지,코스피 200 선물레버리지지수,100000.0,20170425,,297440.0,135200.0,-1.6,135648.96,-0.33,2200000.0,22.0,13564896000.0
20260702,20260707,A267770,TIGER 200선물레버리지,레버리지,코스피 200 선물레버리지지수,100000.0,20170425,,268026.0,121830.0,-9.89,123594.38,-1.43,2200000.0,22.0,12359438000.0
20260702,20260708,A267770,TIGER 200선물레버리지,레버리지,코스피 200 선물레버리지지수,100000.0,20170425,,240009.0,109095.0,-10.45,108680.02,0.38,2200000.0,22.0,10868002000.0
20260702,20260709,A267770,TIGER 200선물레버리지,레버리지,코스피 200 선물레버리지지수,100000.0,20170425,,243639.0,110745.0,1.51,110463.83,0.25,2200000.0,22.0,11046383000.0
20260702,20260703,A270800,RISE KQ고배당,일반,FnGuide KQ고배당포커스지수,50000.0,20170707,,8698.25,15815.0,1.12,15909.99,-0.6,550000.0,11.0,795499500.0
20260702,20260706,A270800,RISE KQ고배당,일반,FnGuide KQ고배당포커스지수,50000.0,20170707,,8632.25,15695.0,-0.76,15717.28,-0.14,550000.0,11.0,785864000.0
20260702,20260707,A270800,RISE KQ고배당,일반,FnGuide KQ고배당포커스지수,50000.0,20170707,,8428.75,15325.0,-2.36,15464.76,-0.9,550000.0,11.0,773238000.0
20260702,20260708,A270800,RISE KQ고배당,일반,FnGuide KQ고배당포커스지수,50000.0,20170707,,8230.75,14965.0,-2.35,14966.5,-0.01,550000.0,11.0,748325000.0
20260702,20260709,A270800,RISE KQ고배당,일반,FnGuide KQ고배당포커스지수,50000.0,20170707,,8153.75,14825.0,-0.94,14892.11,-0.45,550000.0,11.0,744605500.0
20260702,20260703,A270810,RISE 코스닥150,일반,코스닥 150,20000.0,20170616,,347729.2,15145.0,-1.27,15183.81,-0.26,22960000.0,1148.0,303676200.0
20260702,20260706,A270810,RISE 코스닥150,일반,코스닥 150,20000.0,20170616,,335027.0,14630.0,-3.4,14700.7,-0.48,22900000.0,1145.0,294014000.0
20260702,20260707,A270810,RISE 코스닥150,일반,코스닥 150,20000.0,20170616,,329416.5,14385.0,-1.67,14465.32,-0.56,22900000.0,1145.0,289306400.0
20260702,20260708,A270810,RISE 코스닥150,일반,코스닥 150,20000.0,20170616,,309150.0,13500.0,-6.15,13508.43,-0.06,22900000.0,1145.0,270168600.0
20260702,20260709,A270810,RISE 코스닥150,일반,코스닥 150,20000.0,20170616,,314188.0,13720.0,1.63,13700.93,0.14,22900000.0,1145.0,274018600.0
20260702,20260703,A275280,KODEX 모멘텀주,일반,MSCI Korea IMI Momentum Capped,100000.0,20170711,,41804.0,52255.0,5.51,52041.06,0.41,800000.0,8.0,5204106000.0
20260702,20260706,A275280,KODEX 모멘텀주,일반,MSCI Korea IMI Momentum Capped,100000.0,20170711,,41104.0,51380.0,-1.67,51286.74,0.18,800000.0,8.0,5128674000.0
20260702,20260707,A275280,KODEX 모멘텀주,일반,MSCI Korea IMI Momentum Capped,100000.0,20170711,,38808.0,48510.0,-5.59,48324.78,0.38,800000.0,8.0,4832478000.0
20260702,20260708,A275280,KODEX 모멘텀주,일반,MSCI Korea IMI Momentum Capped,100000.0,20170711,,36092.0,45115.0,-7.0,45389.76,-0.61,800000.0,8.0,4538976000.0
20260702,20260709,A275280,KODEX 모멘텀주,일반,MSCI Korea IMI Momentum Capped,100000.0,20170711,,36960.0,46200.0,2.4,45938.7,0.57,800000.0,8.0,4593870000.0
20260702,20260703,A275290,KODEX 가치주,일반,MSCI Korea IMI Enhanced Value Capped,100000.0,20170711,,36436.5,40485.0,4.61,40317.56,0.42,900000.0,9.0,4031756000.0
20260702,20260706,A275290,KODEX 가치주,일반,MSCI Korea IMI Enhanced Value Capped,100000.0,20170711,,36004.5,40005.0,-1.19,40099.83,-0.24,900000.0,9.0,4009983000.0
20260702,20260707,A275290,KODEX 가치주,일반,MSCI Korea IMI Enhanced Value Capped,100000.0,20170711,,34258.5,38065.0,-4.85,38244.65,-0.47,900000.0,9.0,3824465000.0
20260702,20260708,A275290,KODEX 가치주,일반,MSCI Korea IMI Enhanced Value Capped,100000.0,20170711,,32706.0,36340.0,-4.53,36509.53,-0.46,900000.0,9.0,3650953000.0
20260702,20260709,A275290,KODEX 가치주,일반,MSCI Korea IMI Enhanced Value Capped,100000.0,20170711,,33237.0,36930.0,1.62,36782.68,0.4,900000.0,9.0,3678268000.0
20260702,20260703,A275300,KODEX 우량주,일반,MSCI Korea IMI Quality Capped,100000.0,20170711,,61676.0,36280.0,2.54,36143.37,0.38,1700000.0,17.0,3614337000.0000005
20260702,20260706,A275300,KODEX 우량주,일반,MSCI Korea IMI Quality Capped,100000.0,20170711,,60511.5,35595.0,-1.89,35658.05,-0.18,1700000.0,17.0,3565805000.0000005
20260702,20260707,A275300,KODEX 우량주,일반,MSCI Korea IMI Quality Capped,100000.0,20170711,,57273.0,33690.0,-5.35,33859.25,-0.5,1700000.0,17.0,3385925000.0
20260702,20260708,A275300,KODEX 우량주,일반,MSCI Korea IMI Quality Capped,100000.0,20170711,,54578.5,32105.0,-4.7,31981.69,0.39,1700000.0,17.0,3198169000.0
20260702,20260709,A275300,KODEX 우량주,일반,MSCI Korea IMI Quality Capped,100000.0,20170711,,54672.0,32160.0,0.17,32195.54,-0.11,1700000.0,17.0,3219554000.0
20260702,20260703,A275750,RISE 코스닥150선물인버스,인버스 1X,F-코스닥150 인버스지수,50000.0,20170801,,2223.0,2470.0,1.86,2472.83,-0.11,900000.0,18.0,123641500.0
20260702,20260706,A275750,RISE 코스닥150선물인버스,인버스 1X,F-코스닥150 인버스지수,50000.0,20170801,,2295.0,2550.0,3.24,2550.34,-0.01,900000.0,18.0,127517000.0
20260702,20260707,A275750,RISE 코스닥150선물인버스,인버스 1X,F-코스닥150 인버스지수,50000.0,20170801,,2326.5,2585.0,1.37,2592.97,-0.31,900000.0,18.0,129648499.99999999
20260702,20260708,A275750,RISE 코스닥150선물인버스,인버스 1X,F-코스닥150 인버스지수,50000.0,20170801,,2466.0,2740.0,6.0,2758.2,-0.66,900000.0,18.0,137910000.0
20260702,20260709,A275750,RISE 코스닥150선물인버스,인버스 1X,F-코스닥150 인버스지수,50000.0,20170801,,2416.5,2685.0,-2.01,2696.27,-0.42,900000.0,18.0,134813500.0
20260702,20260703,A277630,TIGER 코스피,일반,코스피지수,50000.0,20170831,,519213.75,84425.0,5.08,84391.03,0.04,6150000.0,123.0,4219551500.0
20260702,20260706,A277630,TIGER 코스피,일반,코스피지수,50000.0,20170831,,512125.5,83955.0,-0.56,84007.84,-0.06,6100000.0,122.0,4200392000.0
20260702,20260707,A277630,TIGER 코스피,일반,코스피지수,50000.0,20170831,,492922.5,80150.0,-4.53,79892.07,0.32,6150000.0,123.0,3994603500.0000005
20260702,20260708,A277630,TIGER 코스피,일반,코스피지수,50000.0,20170831,,463173.0,75930.0,-5.27,75618.04,0.41,6100000.0,122.0,3780901999.9999995
20260702,20260709,A277630,TIGER 코스피,일반,코스피지수,50000.0,20170831,,464118.5,76085.0,0.2,76097.14,-0.02,6100000.0,122.0,3804857000.0
20260702,20260703,A277640,TIGER 코스피대형주,일반,코스피 대형주 지수,50000.0,20170831,,82963.25,44845.0,5.21,44861.06,-0.04,1850000.0,37.0,2243053000.0
20260702,20260706,A277640,TIGER 코스피대형주,일반,코스피 대형주 지수,50000.0,20170831,,82325.0,44500.0,-0.77,44653.17,-0.34,1850000.0,37.0,2232658500.0
20260702,20260707,A277640,TIGER 코스피대형주,일반,코스피 대형주 지수,50000.0,20170831,,80028.0,42120.0,-5.35,42331.97,-0.5,1900000.0,38.0,2116598500.0
20260702,20260708,A277640,TIGER 코스피대형주,일반,코스피 대형주 지수,50000.0,20170831,,76104.5,40055.0,-4.9,40003.54,0.13,1900000.0,38.0,2000177000.0
20260702,20260709,A277640,TIGER 코스피대형주,일반,코스피 대형주 지수,50000.0,20170831,,76579.5,40305.0,0.62,40316.7,-0.03,1900000.0,38.0,2015834999.9999998
20260702,20260703,A277650,TIGER 코스피중형주,일반,코스피 중형주 지수,50000.0,20170831,,8556.0,21390.0,-1.2,21545.1,-0.72,400000.0,8.0,1077255000.0
20260702,20260706,A277650,TIGER 코스피중형주,일반,코스피 중형주 지수,50000.0,20170831,,8474.0,21185.0,-0.96,21419.44,-1.09,400000.0,8.0,1070971999.9999999
20260702,20260707,A277650,TIGER 코스피중형주,일반,코스피 중형주 지수,50000.0,20170831,,4213.0,21065.0,-0.57,21203.96,-0.66,200000.0,4.0,1060198000.0
20260702,20260708,A277650,TIGER 코스피중형주,일반,코스피 중형주 지수,50000.0,20170831,,4053.0,20265.0,-3.8,20405.67,-0.69,200000.0,4.0,1020283499.9999999
20260702,20260709,A277650,TIGER 코스피중형주,일반,코스피 중형주 지수,50000.0,20170831,,4023.0,20115.0,-0.74,20193.37,-0.39,200000.0,4.0,1009668500.0
20260702,20260703,A278240,RISE 코스닥150선물레버리지,레버리지,F-코스닥150 레버리지지수,10000.0,20170831,,68681.25,10175.0,-3.19,10121.93,0.52,6750000.0,675.0,101219300.0
20260702,20260706,A278240,RISE 코스닥150선물레버리지,레버리지,F-코스닥150 레버리지지수,10000.0,20170831,,65087.0,9700.0,-4.67,9476.99,2.35,6710000.0,671.0,94769900.0
20260702,20260707,A278240,RISE 코스닥150선물레버리지,레버리지,F-코스닥150 레버리지지수,10000.0,20170831,,61799.1,9210.0,-5.05,9160.1,0.54,6710000.0,671.0,91601000.0
20260702,20260708,A278240,RISE 코스닥150선물레버리지,레버리지,F-코스닥150 레버리지지수,10000.0,20170831,,54358.1,8065.0,-12.43,7991.36,0.92,6740000.0,674.0,79913600.0
20260702,20260709,A278240,RISE 코스닥150선물레버리지,레버리지,F-코스닥150 레버리지지수,10000.0,20170831,,56085.4,8260.0,2.42,8325.16,-0.78,6790000.0,679.0,83251600.0
20260702,20260703,A278530,KODEX 200TR,일반,코스피 200 TR지수,150000.0,20171121,,8869687.5,47305.0,6.09,47268.39,0.08,187500000.0,1250.0,7090258500.0
20260702,20260706,A278530,KODEX 200TR,일반,코스피 200 TR지수,150000.0,20171121,,8795145.75,46945.0,-0.76,47041.38,-0.2,187350000.0,1249.0,7056207000.0
20260702,20260707,A278530,KODEX 200TR,일반,코스피 200 TR지수,150000.0,20171121,,8375625.0,44670.0,-4.85,44583.78,0.19,187500000.0,1250.0,6687567000.0
20260702,20260708,A278530,KODEX 200TR,일반,코스피 200 TR지수,150000.0,20171121,,7931965.5,42270.0,-5.37,42139.03,0.31,187650000.0,1251.0,6320854500.0
20260702,20260709,A278530,KODEX 200TR,일반,코스피 200 TR지수,150000.0,20171121,,7991634.0,42520.0,0.59,42540.27,-0.05,187950000.0,1253.0,6381040499.999999
20260702,20260703,A278540,KODEX MSCI Korea TR,일반,MSCI Korea TR Index,100000.0,20171109,,3072587.5,46625.0,6.18,46602.9,0.05,65900000.0,659.0,4660290000.0
20260702,20260706,A278540,KODEX MSCI Korea TR,일반,MSCI Korea TR Index,100000.0,20171109,,3064350.0,46500.0,-0.27,46434.67,0.14,65900000.0,659.0,4643467000.0
20260702,20260707,A278540,KODEX MSCI Korea TR,일반,MSCI Korea TR Index,100000.0,20171109,,2890044.5,43855.0,-5.69,43884.67,-0.07,65900000.0,659.0,4388467000.0
20260702,20260708,A278540,KODEX MSCI Korea TR,일반,MSCI Korea TR Index,100000.0,20171109,,2588976.0,41490.0,-5.39,41423.56,0.16,62400000.0,624.0,4142356000.0
20260702,20260709,A278540,KODEX MSCI Korea TR,일반,MSCI Korea TR Index,100000.0,20171109,,2623750.0,41980.0,1.18,41871.03,0.26,62500000.0,625.0,4187103000.0
20260702,20260703,A279530,KODEX 고배당주,일반,FnGuide 고배당 Plus 지수,100000.0,20171017,,333830.0,17570.0,2.12,17596.72,-0.15,19000000.0,190.0,1759672000.0
20260702,20260706,A279530,KODEX 고배당주,일반,FnGuide 고배당 Plus 지수,100000.0,20171017,,334210.0,17590.0,0.11,17689.0,-0.56,19000000.0,190.0,1768900000.0
20260702,20260707,A279530,KODEX 고배당주,일반,FnGuide 고배당 Plus 지수,100000.0,20171017,,332860.0,17800.0,1.19,17844.23,-0.25,18700000.0,187.0,1784423000.0
20260702,20260708,A279530,KODEX 고배당주,일반,FnGuide 고배당 Plus 지수,100000.0,20171017,,324490.0,17540.0,-1.46,17517.46,0.13,18500000.0,185.0,1751746000.0
20260702,20260709,A279530,KODEX 고배당주,일반,FnGuide 고배당 Plus 지수,100000.0,20171017,,319060.5,17435.0,-0.6,17577.89,-0.81,18300000.0,183.0,1757789000.0
20260702,20260703,A279540,KODEX 최소변동성,일반,KRX 최소변동성 지수,100000.0,20171017,,14052.0,23420.0,1.63,23574.1,-0.65,600000.0,6.0,2357410000.0
20260702,20260706,A279540,KODEX 최소변동성,일반,KRX 최소변동성 지수,100000.0,20171017,,13878.0,23130.0,-1.24,23165.4,-0.15,600000.0,6.0,2316540000.0
20260702,20260707,A279540,KODEX 최소변동성,일반,KRX 최소변동성 지수,100000.0,20171017,,13569.0,22615.0,-2.23,22626.06,-0.05,600000.0,6.0,2262606000.0
20260702,20260708,A279540,KODEX 최소변동성,일반,KRX 최소변동성 지수,100000.0,20171017,,12939.0,21565.0,-4.64,21477.29,0.41,600000.0,6.0,2147729000.0
20260702,20260709,A279540,KODEX 최소변동성,일반,KRX 최소변동성 지수,100000.0,20171017,,12684.0,21140.0,-1.97,21482.12,-1.59,600000.0,6.0,2148212000.0
20260702,20260703,A280920,PLUS 주도업종,일반,FnGuide 주도업종 지수,50000.0,20171017,,14949.0,27180.0,3.66,27209.25,-0.11,550000.0,11.0,1360462500.0
20260702,20260706,A280920,PLUS 주도업종,일반,FnGuide 주도업종 지수,50000.0,20171017,,14514.5,26390.0,-2.91,27129.21,-2.72,550000.0,11.0,1356460500.0
20260702,20260707,A280920,PLUS 주도업종,일반,FnGuide 주도업종 지수,50000.0,20171017,,14074.5,25590.0,-3.03,25739.75,-0.58,550000.0,11.0,1286987500.0
20260702,20260708,A280920,PLUS 주도업종,일반,FnGuide 주도업종 지수,50000.0,20171017,,13282.5,24150.0,-5.63,24240.31,-0.37,550000.0,11.0,1212015500.0
20260702,20260709,A280920,PLUS 주도업종,일반,FnGuide 주도업종 지수,50000.0,20171017,,12875.5,23410.0,-3.06,23700.78,-1.23,550000.0,11.0,1185039000.0
20260702,20260703,A281990,RISE 중소형고배당,일반,FnGuide 중소형고배당포커스지수(시장가격지수),50000.0,20171102,,9688.25,17615.0,0.34,17649.16,-0.19,550000.0,11.0,882458000.0
20260702,20260706,A281990,RISE 중소형고배당,일반,FnGuide 중소형고배당포커스지수(시장가격지수),50000.0,20171102,,9685.5,17610.0,-0.03,17651.81,-0.24,550000.0,11.0,882590500.0000001
20260702,20260707,A281990,RISE 중소형고배당,일반,FnGuide 중소형고배당포커스지수(시장가격지수),50000.0,20171102,,9699.25,17635.0,0.14,17753.33,-0.67,550000.0,11.0,887666500.0000001
20260702,20260708,A281990,RISE 중소형고배당,일반,FnGuide 중소형고배당포커스지수(시장가격지수),50000.0,20171102,,9597.5,17450.0,-1.05,17441.14,0.05,550000.0,11.0,872057000.0
20260702,20260709,A281990,RISE 중소형고배당,일반,FnGuide 중소형고배당포커스지수(시장가격지수),50000.0,20171102,,9495.75,17265.0,-1.06,17365.52,-0.58,550000.0,11.0,868276000.0
20260702,20260703,A284980,RISE 200금융,일반,코스피 200 금융,20000.0,20171208,,20794.5,23105.0,3.59,23189.94,-0.37,900000.0,45.0,463798800.0
20260702,20260706,A284980,RISE 200금융,일반,코스피 200 금융,20000.0,20171208,,21100.5,23445.0,1.47,23498.05,-0.23,900000.0,45.0,469961000.0
20260702,20260707,A284980,RISE 200금융,일반,코스피 200 금융,20000.0,20171208,,20961.0,23290.0,-0.66,23487.96,-0.84,900000.0,45.0,469759200.0
20260702,20260708,A284980,RISE 200금융,일반,코스피 200 금융,20000.0,20171208,,20565.0,22850.0,-1.89,22806.94,0.19,900000.0,45.0,456138800.0
20260702,20260709,A284980,RISE 200금융,일반,코스피 200 금융,20000.0,20171208,,20025.0,22250.0,-2.63,22247.45,0.01,900000.0,45.0,444949000.0
20260702,20260703,A285690,FOCUS ESG리더스,일반,KRX ESG Leaders 150,50000.0,20171213,,8111.25,23175.0,1.44,23135.9,0.17,350000.0,7.0,1156795000.0
20260702,20260706,A285690,FOCUS ESG리더스,일반,KRX ESG Leaders 150,50000.0,20171213,,8048.25,22995.0,-0.78,22903.51,0.4,350000.0,7.0,1145175500.0
20260702,20260707,A285690,FOCUS ESG리더스,일반,KRX ESG Leaders 150,50000.0,20171213,,7777.0,22220.0,-3.37,22384.46,-0.73,350000.0,7.0,1119223000.0
20260702,20260708,A285690,FOCUS ESG리더스,일반,KRX ESG Leaders 150,50000.0,20171213,,7486.5,21390.0,-3.74,21399.86,-0.05,350000.0,7.0,1069993000.0
20260702,20260709,A285690,FOCUS ESG리더스,일반,KRX ESG Leaders 150,50000.0,20171213,,7465.5,21330.0,-0.28,21130.56,0.94,350000.0,7.0,1056528000.0000001
20260702,20260703,A289040,KODEX MSCI KOREA ESG유니버설,일반,MSCI Korea ESG Universal Capped Index,100000.0,20180207,,23676.0,39460.0,2.45,39310.92,0.38,600000.0,6.0,3931092000.0
20260702,20260706,A289040,KODEX MSCI KOREA ESG유니버설,일반,MSCI Korea ESG Universal Capped Index,100000.0,20180207,,23244.0,38740.0,-1.82,38950.06,-0.54,600000.0,6.0,3895006000.0
20260702,20260707,A289040,KODEX MSCI KOREA ESG유니버설,일반,MSCI Korea ESG Universal Capped Index,100000.0,20180207,,22158.0,36930.0,-4.67,37157.04,-0.61,600000.0,6.0,3715704000.0
20260702,20260708,A289040,KODEX MSCI KOREA ESG유니버설,일반,MSCI Korea ESG Universal Capped Index,100000.0,20180207,,21309.0,35515.0,-3.83,35180.8,0.95,600000.0,6.0,3518080000.0000005
20260702,20260709,A289040,KODEX MSCI KOREA ESG유니버설,일반,MSCI Korea ESG Universal Capped Index,100000.0,20180207,,21339.0,35565.0,0.14,35446.3,0.33,600000.0,6.0,3544630000.0000005
20260702,20260703,A289250,TIGER MSCI KOREA ESG유니버설,일반,MSCI Korea ESG Universal Index,30000.0,20180207,,27218.4,41240.0,5.51,41237.96,0.0,660000.0,22.0,1237138800.0
20260702,20260706,A289250,TIGER MSCI KOREA ESG유니버설,일반,MSCI Korea ESG Universal Index,30000.0,20180207,,28172.7,40830.0,-0.99,40812.74,0.04,690000.0,23.0,1224382200.0
20260702,20260707,A289250,TIGER MSCI KOREA ESG유니버설,일반,MSCI Korea ESG Universal Index,30000.0,20180207,,26696.1,38690.0,-5.24,38914.1,-0.58,690000.0,23.0,1167423000.0
20260702,20260708,A289250,TIGER MSCI KOREA ESG유니버설,일반,MSCI Korea ESG Universal Index,30000.0,20180207,,25367.85,36765.0,-4.98,36866.28,-0.27,690000.0,23.0,1105988400.0
20260702,20260709,A289250,TIGER MSCI KOREA ESG유니버설,일반,MSCI Korea ESG Universal Index,30000.0,20180207,,25385.1,36790.0,0.07,37164.6,-1.01,690000.0,23.0,1114938000.0
20260702,20260703,A289260,TIGER MSCI KOREA ESG리더스,일반,MSCI Korea Country ESG Leaders Capped Index,30000.0,20180207,,20466.0,34110.0,4.12,34044.8,0.19,600000.0,20.0,1021344000.0000001
20260702,20260706,A289260,TIGER MSCI KOREA ESG리더스,일반,MSCI Korea Country ESG Leaders Capped Index,30000.0,20180207,,19848.0,33080.0,-3.02,33050.71,0.09,600000.0,20.0,991521300.0
20260702,20260707,A289260,TIGER MSCI KOREA ESG리더스,일반,MSCI Korea Country ESG Leaders Capped Index,30000.0,20180207,,18828.0,31380.0,-5.14,31614.53,-0.74,600000.0,20.0,948435900.0
20260702,20260708,A289260,TIGER MSCI KOREA ESG리더스,일반,MSCI Korea Country ESG Leaders Capped Index,30000.0,20180207,,18030.0,30050.0,-4.24,29955.81,0.31,600000.0,20.0,898674300.0
20260702,20260709,A289260,TIGER MSCI KOREA ESG리더스,일반,MSCI Korea Country ESG Leaders Capped Index,30000.0,20180207,,18096.0,30160.0,0.37,30321.92,-0.53,600000.0,20.0,909657600.0
20260702,20260703,A289480,TIGER 200커버드콜,일반,코스피 200 커버드콜 ATM 지수,100000.0,20180209,,28819.0,12530.0,5.69,12690.31,-1.26,2300000.0,23.0,1269031000.0
20260702,20260706,A289480,TIGER 200커버드콜,일반,코스피 200 커버드콜 ATM 지수,100000.0,20180209,,29118.0,12660.0,1.04,12717.39,-0.45,2300000.0,23.0,1271739000.0
20260702,20260707,A289480,TIGER 200커버드콜,일반,코스피 200 커버드콜 ATM 지수,100000.0,20180209,,28520.0,12400.0,-2.05,12634.55,-1.86,2300000.0,23.0,1263455000.0
20260702,20260708,A289480,TIGER 200커버드콜,일반,코스피 200 커버드콜 ATM 지수,100000.0,20180209,,27991.0,12170.0,-1.85,12255.64,-0.7,2300000.0,23.0,1225564000.0
20260702,20260709,A289480,TIGER 200커버드콜,일반,코스피 200 커버드콜 ATM 지수,100000.0,20180209,,28347.5,12325.0,1.27,12403.35,-0.63,2300000.0,23.0,1240335000.0
20260702,20260703,A290080,RISE 200고배당커버드콜ATM,일반,코스피 200 고배당커버드콜 ATM 지수(시장가격지수),50000.0,20180227,,11243.75,6425.0,3.63,6423.3,0.03,1750000.0,35.0,321165000.0
20260702,20260706,A290080,RISE 200고배당커버드콜ATM,일반,코스피 200 고배당커버드콜 ATM 지수(시장가격지수),50000.0,20180227,,11191.25,6395.0,-0.47,6497.05,-1.57,1750000.0,35.0,324852500.0
20260702,20260707,A290080,RISE 200고배당커버드콜ATM,일반,코스피 200 고배당커버드콜 ATM 지수(시장가격지수),50000.0,20180227,,11506.25,6575.0,2.81,6806.39,-3.4,1750000.0,35.0,340319500.0
20260702,20260708,A290080,RISE 200고배당커버드콜ATM,일반,코스피 200 고배당커버드콜 ATM 지수(시장가격지수),50000.0,20180227,,11725.0,6700.0,1.9,6807.55,-1.58,1750000.0,35.0,340377500.0
20260702,20260709,A290080,RISE 200고배당커버드콜ATM,일반,코스피 200 고배당커버드콜 ATM 지수(시장가격지수),50000.0,20180227,,11646.25,6655.0,-0.67,6732.56,-1.15,1750000.0,35.0,336628000.0
20260702,20260703,A290130,RISE ESG사회책임투자,일반,KRX ESG 사회책임경영(S)지수,50000.0,20180227,,696420.0,58035.0,5.45,57921.6,0.2,12000000.0,240.0,2896080000.0
20260702,20260706,A290130,RISE ESG사회책임투자,일반,KRX ESG 사회책임경영(S)지수,50000.0,20180227,,717797.25,57195.0,-1.45,57237.42,-0.07,12550000.0,251.0,2861871000.0
20260702,20260707,A290130,RISE ESG사회책임투자,일반,KRX ESG 사회책임경영(S)지수,50000.0,20180227,,703134.0,53880.0,-5.8,54082.38,-0.37,13050000.0,261.0,2704119000.0
20260702,20260708,A290130,RISE ESG사회책임투자,일반,KRX ESG 사회책임경영(S)지수,50000.0,20180227,,683253.0,51180.0,-5.01,51054.19,0.25,13350000.0,267.0,2552709500.0
20260702,20260709,A290130,RISE ESG사회책임투자,일반,KRX ESG 사회책임경영(S)지수,50000.0,20180227,,706226.0,52120.0,1.84,51905.53,0.41,13550000.0,271.0,2595276500.0
20260702,20260703,A291620,KIWOOM 코스닥150선물인버스,인버스 1X,F-코스닥150 인버스지수,10000.0,20180316,,2610.0,4350.0,1.4,4359.69,-0.22,600000.0,60.0,43596899.99999999
20260702,20260706,A291620,KIWOOM 코스닥150선물인버스,인버스 1X,F-코스닥150 인버스지수,10000.0,20180316,,2697.0,4495.0,3.33,4496.05,-0.02,600000.0,60.0,44960500.0
20260702,20260707,A291620,KIWOOM 코스닥150선물인버스,인버스 1X,F-코스닥150 인버스지수,10000.0,20180316,,2733.0,4555.0,1.33,4571.34,-0.36,600000.0,60.0,45713400.0
20260702,20260708,A291620,KIWOOM 코스닥150선물인버스,인버스 1X,F-코스닥150 인버스지수,10000.0,20180316,,2764.5,4850.0,6.48,4864.37,-0.3,570000.0,57.0,48643700.0
20260702,20260709,A291620,KIWOOM 코스닥150선물인버스,인버스 1X,F-코스닥150 인버스지수,10000.0,20180316,,2713.2,4760.0,-1.86,4755.82,0.09,570000.0,57.0,47558200.0
20260702,20260703,A291630,KIWOOM 코스닥150선물레버리지,레버리지,F-코스닥150 레버리지지수,10000.0,20180316,,4854.8,4580.0,-4.58,4521.87,1.29,1060000.0,106.0,45218700.0
20260702,20260706,A291630,KIWOOM 코스닥150선물레버리지,레버리지,F-코스닥150 레버리지지수,10000.0,20180316,,4531.5,4275.0,-6.66,4236.97,0.9,1060000.0,106.0,42369700.0
20260702,20260707,A291630,KIWOOM 코스닥150선물레버리지,레버리지,F-코스닥150 레버리지지수,10000.0,20180316,,4404.3,4155.0,-2.81,4099.11,1.36,1060000.0,106.0,40991100.0
20260702,20260708,A291630,KIWOOM 코스닥150선물레버리지,레버리지,F-코스닥150 레버리지지수,10000.0,20180316,,3978.5,3650.0,-12.15,3575.78,2.08,1090000.0,109.0,35757800.0
20260702,20260709,A291630,KIWOOM 코스닥150선물레버리지,레버리지,F-코스닥150 레버리지지수,10000.0,20180316,,4121.6,3680.0,0.82,3731.65,-1.38,1120000.0,112.0,37316500.0
20260702,20260703,A292050,RISE KRX300,일반,KRX 300,50000.0,20180326,,20671.0,59060.0,5.96,58998.73,0.1,350000.0,7.0,2949936500.0
20260702,20260706,A292050,RISE KRX300,일반,KRX 300,50000.0,20180326,,20552.0,58720.0,-0.58,58658.16,0.11,350000.0,7.0,2932908000.0
20260702,20260707,A292050,RISE KRX300,일반,KRX 300,50000.0,20180326,,19360.25,55315.0,-5.8,55664.89,-0.63,350000.0,7.0,2783244500.0
20260702,20260708,A292050,RISE KRX300,일반,KRX 300,50000.0,20180326,,18480.0,52800.0,-4.55,52553.88,0.47,350000.0,7.0,2627694000.0
20260702,20260709,A292050,RISE KRX300,일반,KRX 300,50000.0,20180326,,18480.0,52800.0,0.0,53111.88,-0.59,350000.0,7.0,2655594000.0
20260702,20260703,A292150,TIGER 코리아TOP10,일반,FnGuide TOP10 지수,50000.0,20180330,,2368756.5,46310.0,6.71,46064.42,0.53,51150000.0,1023.0,2303221000.0
20260702,20260706,A292150,TIGER 코리아TOP10,일반,FnGuide TOP10 지수,50000.0,20180330,,2361088.0,46115.0,-0.42,45867.74,0.54,51200000.0,1024.0,2293387000.0
20260702,20260707,A292150,TIGER 코리아TOP10,일반,FnGuide TOP10 지수,50000.0,20180330,,2268696.75,43755.0,-5.12,43677.73,0.18,51850000.0,1037.0,2183886500.0
20260702,20260708,A292150,TIGER 코리아TOP10,일반,FnGuide TOP10 지수,50000.0,20180330,,2152012.5,41625.0,-4.87,41489.05,0.33,51700000.0,1034.0,2074452500.0000002
20260702,20260709,A292150,TIGER 코리아TOP10,일반,FnGuide TOP10 지수,50000.0,20180330,,2164162.0,41860.0,0.56,41887.37,-0.07,51700000.0,1034.0,2094368500.0000002
20260702,20260703,A292160,TIGER KRX300,일반,KRX 300,100000.0,20180326,,28935.0,57870.0,7.03,57606.91,0.46,500000.0,5.0,5760691000.0
20260702,20260706,A292160,TIGER KRX300,일반,KRX 300,100000.0,20180326,,28725.0,57450.0,-0.73,57276.53,0.3,500000.0,5.0,5727653000.0
20260702,20260707,A292160,TIGER KRX300,일반,KRX 300,100000.0,20180326,,27085.0,54170.0,-5.71,54368.41,-0.36,500000.0,5.0,5436841000.0
20260702,20260708,A292160,TIGER KRX300,일반,KRX 300,100000.0,20180326,,25787.5,51575.0,-4.79,51354.26,0.43,500000.0,5.0,5135426000.0
20260702,20260709,A292160,TIGER KRX300,일반,KRX 300,100000.0,20180326,,26137.5,52275.0,1.36,51875.19,0.77,500000.0,5.0,5187519000.0
20260702,20260703,A292190,KODEX KRX300,일반,KRX 300,100000.0,20180326,,97308.0,57240.0,5.15,57464.46,-0.39,1700000.0,17.0,5746446000.0
20260702,20260706,A292190,KODEX KRX300,일반,KRX 300,100000.0,20180326,,96679.0,56870.0,-0.65,57137.39,-0.47,1700000.0,17.0,5713739000.0
20260702,20260707,A292190,KODEX KRX300,일반,KRX 300,100000.0,20180326,,86256.0,53910.0,-5.2,54218.57,-0.57,1600000.0,16.0,5421857000.0
20260702,20260708,A292190,KODEX KRX300,일반,KRX 300,100000.0,20180326,,81776.0,51110.0,-5.19,51195.67,-0.17,1600000.0,16.0,5119567000.0
20260702,20260709,A292190,KODEX KRX300,일반,KRX 300,100000.0,20180326,,82576.0,51610.0,0.98,51731.33,-0.23,1600000.0,16.0,5173133000.0
20260702,20260703,A292500,SOL KRX300,일반,KRX 300,100000.0,20180326,,29482.5,58965.0,7.06,58724.41,0.41,500000.0,5.0,5872441000.0
20260702,20260706,A292500,SOL KRX300,일반,KRX 300,100000.0,20180326,,29072.5,58145.0,-1.39,58380.32,-0.4,500000.0,5.0,5838032000.0
20260702,20260707,A292500,SOL KRX300,일반,KRX 300,100000.0,20180326,,27562.5,55125.0,-5.19,55412.01,-0.52,500000.0,5.0,5541201000.0
20260702,20260708,A292500,SOL KRX300,일반,KRX 300,100000.0,20180326,,26095.0,52190.0,-5.32,52334.94,-0.28,500000.0,5.0,5233494000.0
20260702,20260709,A292500,SOL KRX300,일반,KRX 300,100000.0,20180326,,26135.0,52270.0,0.15,52850.07,-1.1,500000.0,5.0,5285007000.0
20260702,20260703,A293180,HANARO 200,일반,코스피 200,50000.0,20180330,,596209.25,131035.0,5.69,131018.69,0.01,4550000.0,91.0,6550934500.0
20260702,20260706,A293180,HANARO 200,일반,코스피 200,50000.0,20180330,,593138.0,130360.0,-0.52,130395.88,-0.03,4550000.0,91.0,6519794000.0
20260702,20260707,A293180,HANARO 200,일반,코스피 200,50000.0,20180330,,564131.75,123985.0,-4.89,123619.77,0.3,4550000.0,91.0,6180988500.0
20260702,20260708,A293180,HANARO 200,일반,코스피 200,50000.0,20180330,,521050.5,117090.0,-5.56,116838.27,0.22,4450000.0,89.0,5841913500.0
20260702,20260709,A293180,HANARO 200,일반,코스피 200,50000.0,20180330,,524922.0,117960.0,0.74,117978.66,-0.02,4450000.0,89.0,5898933000.0
20260702,20260703,A294400,KIWOOM 200TR,일반,코스피 200 TR지수,50000.0,20180423,,2178367.5,171525.0,5.81,171200.02,0.19,12700000.0,254.0,8560000999.999999
20260702,20260706,A294400,KIWOOM 200TR,일반,코스피 200 TR지수,50000.0,20180423,,2156635.25,170485.0,-0.61,170372.58,0.07,12650000.0,253.0,8518628999.999999
20260702,20260707,A294400,KIWOOM 200TR,일반,코스피 200 TR지수,50000.0,20180423,,2048983.75,161975.0,-4.99,161477.83,0.31,12650000.0,253.0,8073891499.999999
20260702,20260708,A294400,KIWOOM 200TR,일반,코스피 200 TR지수,50000.0,20180423,,1943671.5,153045.0,-5.51,152674.22,0.24,12700000.0,254.0,7633711000.0
20260702,20260709,A294400,KIWOOM 200TR,일반,코스피 200 TR지수,50000.0,20180423,,1960880.0,154400.0,0.89,154152.76,0.16,12700000.0,254.0,7707638000.0
20260702,20260703,A295040,SOL 200TR,일반,코스피 200 TR지수,150000.0,20180423,,976552.5,48950.0,5.81,48949.49,0.0,19950000.0,133.0,7342423500.0
20260702,20260706,A295040,SOL 200TR,일반,코스피 200 TR지수,150000.0,20180423,,985871.25,48685.0,-0.54,48710.39,-0.05,20250000.0,135.0,7306558500.0
20260702,20260707,A295040,SOL 200TR,일반,코스피 200 TR지수,150000.0,20180423,,953314.5,46390.0,-4.71,46191.11,0.43,20550000.0,137.0,6928666500.0
20260702,20260708,A295040,SOL 200TR,일반,코스피 200 TR지수,150000.0,20180423,,912917.25,43785.0,-5.62,43639.13,0.33,20850000.0,139.0,6545869500.0
20260702,20260709,A295040,SOL 200TR,일반,코스피 200 TR지수,150000.0,20180423,,917608.5,44010.0,0.51,44065.61,-0.13,20850000.0,139.0,6609841500.0
20260702,20260703,A300610,TIGER K게임,일반,WISE K게임 테마 지수,50000.0,20180724,,13716.0,5715.0,-0.17,5684.73,0.53,2400000.0,48.0,284236500.0
20260702,20260706,A300610,TIGER K게임,일반,WISE K게임 테마 지수,50000.0,20180724,,13560.0,5650.0,-1.14,5664.5,-0.26,2400000.0,48.0,283225000.0
20260702,20260707,A300610,TIGER K게임,일반,WISE K게임 테마 지수,50000.0,20180724,,13740.0,5725.0,1.33,5753.49,-0.5,2400000.0,48.0,287674500.0
20260702,20260708,A300610,TIGER K게임,일반,WISE K게임 테마 지수,50000.0,20180724,,13704.0,5710.0,-0.26,5706.87,0.05,2400000.0,48.0,285343500.0
20260702,20260709,A300610,TIGER K게임,일반,WISE K게임 테마 지수,50000.0,20180724,,12784.0,5440.0,-4.73,5655.97,-3.82,2350000.0,47.0,282798500.0
20260702,20260703,A300640,RISE 게임테마,일반,WISE 게임 테마 지수 (시장가격지수),50000.0,20180724,,23063.25,6685.0,-2.05,6728.78,-0.65,3450000.0,69.0,336439000.0
20260702,20260706,A300640,RISE 게임테마,일반,WISE 게임 테마 지수 (시장가격지수),50000.0,20180724,,23063.25,6685.0,0.0,6718.81,-0.5,3450000.0,69.0,335940500.0
20260702,20260707,A300640,RISE 게임테마,일반,WISE 게임 테마 지수 (시장가격지수),50000.0,20180724,,23563.5,6830.0,2.17,6828.26,0.03,3450000.0,69.0,341413000.0
20260702,20260708,A300640,RISE 게임테마,일반,WISE 게임 테마 지수 (시장가격지수),50000.0,20180724,,23218.5,6730.0,-1.46,6765.48,-0.52,3450000.0,69.0,338274000.0
20260702,20260709,A300640,RISE 게임테마,일반,WISE 게임 테마 지수 (시장가격지수),50000.0,20180724,,23097.75,6695.0,-0.52,6709.54,-0.22,3450000.0,69.0,335477000.0
20260702,20260703,A300950,KODEX 게임산업,일반,FnGuide 게임 산업 지수,100000.0,20180724,,27278.0,5930.0,-1.5,5906.06,0.41,4600000.0,46.0,590606000.0
20260702,20260706,A300950,KODEX 게임산업,일반,FnGuide 게임 산업 지수,100000.0,20180724,,27002.0,5870.0,-1.01,5863.55,0.11,4600000.0,46.0,586355000.0
20260702,20260707,A300950,KODEX 게임산업,일반,FnGuide 게임 산업 지수,100000.0,20180724,,27554.0,5990.0,2.04,6001.77,-0.2,4600000.0,46.0,600177000.0
20260702,20260708,A300950,KODEX 게임산업,일반,FnGuide 게임 산업 지수,100000.0,20180724,,26752.5,5945.0,-0.75,5971.5,-0.44,4500000.0,45.0,597150000.0
20260702,20260709,A300950,KODEX 게임산업,일반,FnGuide 게임 산업 지수,100000.0,20180724,,26460.0,5880.0,-1.09,5872.38,0.13,4500000.0,45.0,587238000.0
20260702,20260703,A301400,PLUS 코스닥150,일반,코스닥 150,50000.0,20180705,,10766.0,15380.0,-1.13,15429.67,-0.32,700000.0,14.0,771483500.0
20260702,20260706,A301400,PLUS 코스닥150,일반,코스닥 150,50000.0,20180705,,10402.0,14860.0,-3.38,14937.37,-0.52,700000.0,14.0,746868500.0
20260702,20260707,A301400,PLUS 코스닥150,일반,코스닥 150,50000.0,20180705,,10279.5,14685.0,-1.18,14697.71,-0.09,700000.0,14.0,734885500.0
20260702,20260708,A301400,PLUS 코스닥150,일반,코스닥 150,50000.0,20180705,,9611.0,13730.0,-6.5,13723.23,0.05,700000.0,14.0,686161500.0
20260702,20260709,A301400,PLUS 코스닥150,일반,코스닥 150,50000.0,20180705,,9716.0,13880.0,1.09,13918.44,-0.28,700000.0,14.0,695922000.0
20260702,20260703,A302450,RISE 코스피,일반,코스피지수,50000.0,20180724,,248316.25,84175.0,2.46,83878.35,0.35,2950000.0,59.0,4193917500.0000005
20260702,20260706,A302450,RISE 코스피,일반,코스피지수,50000.0,20180724,,245027.0,83060.0,-1.32,83498.1,-0.52,2950000.0,59.0,4174905000.0000005
20260702,20260707,A302450,RISE 코스피,일반,코스피지수,50000.0,20180724,,234952.75,79645.0,-4.11,79381.96,0.33,2950000.0,59.0,3969098000.0000005
20260702,20260708,A302450,RISE 코스피,일반,코스피지수,50000.0,20180724,,220925.5,74890.0,-5.97,75100.89,-0.28,2950000.0,59.0,3755044500.0
20260702,20260709,A302450,RISE 코스피,일반,코스피지수,50000.0,20180724,,220586.25,74775.0,-0.15,75603.28,-1.1,2950000.0,59.0,3780164000.0
20260702,20260703,A304760,HANARO KRX300,일반,KRX 300,50000.0,20180814,,22464.0,56160.0,1.65,56493.36,-0.59,400000.0,8.0,2824668000.0
20260702,20260706,A304760,HANARO KRX300,일반,KRX 300,50000.0,20180814,,22558.0,56395.0,0.42,56165.56,0.41,400000.0,8.0,2808278000.0
20260702,20260707,A304760,HANARO KRX300,일반,KRX 300,50000.0,20180814,,21214.0,53035.0,-5.96,53315.49,-0.53,400000.0,8.0,2665774500.0
20260702,20260708,A304760,HANARO KRX300,일반,KRX 300,50000.0,20180814,,20238.0,50595.0,-4.6,50368.82,0.45,400000.0,8.0,2518441000.0
20260702,20260709,A304760,HANARO KRX300,일반,KRX 300,50000.0,20180814,,20466.0,51165.0,1.13,50868.42,0.58,400000.0,8.0,2543421000.0
20260702,20260703,A304770,HANARO 코스닥150,일반,코스닥 150,20000.0,20180814,,22199.3,15205.0,-0.91,15287.53,-0.54,1460000.0,73.0,305750600.0
20260702,20260706,A304770,HANARO 코스닥150,일반,코스닥 150,20000.0,20180814,,21527.7,14745.0,-3.03,14802.75,-0.39,1460000.0,73.0,296055000.0
20260702,20260707,A304770,HANARO 코스닥150,일반,코스닥 150,20000.0,20180814,,21191.9,14515.0,-1.56,14567.13,-0.36,1460000.0,73.0,291342600.0
20260702,20260708,A304770,HANARO 코스닥150,일반,코스닥 150,20000.0,20180814,,19834.1,13585.0,-6.41,13608.25,-0.17,1460000.0,73.0,272165000.0
20260702,20260709,A304770,HANARO 코스닥150,일반,코스닥 150,20000.0,20180814,,20067.7,13745.0,1.18,13801.63,-0.41,1460000.0,73.0,276032600.0
20260702,20260703,A304780,HANARO 200선물레버리지,레버리지,코스피 200 선물레버리지지수,50000.0,20180814,,90729.0,201620.0,11.81,201494.19,0.06,450000.0,9.0,10074709500.0
20260702,20260706,A304780,HANARO 200선물레버리지,레버리지,코스피 200 선물레버리지지수,50000.0,20180814,,88425.0,196500.0,-2.54,198859.05,-1.19,450000.0,9.0,9942952500.0
20260702,20260707,A304780,HANARO 200선물레버리지,레버리지,코스피 200 선물레버리지지수,50000.0,20180814,,80523.0,178940.0,-8.94,180961.63,-1.12,450000.0,9.0,9048081500.0
20260702,20260708,A304780,HANARO 200선물레버리지,레버리지,코스피 200 선물레버리지지수,50000.0,20180814,,71988.75,159975.0,-10.6,159312.26,0.42,450000.0,9.0,7965613000.0
20260702,20260709,A304780,HANARO 200선물레버리지,레버리지,코스피 200 선물레버리지지수,50000.0,20180814,,72895.5,161990.0,1.26,161883.63,0.07,450000.0,9.0,8094181500.0
20260702,20260703,A305050,ACE 코스피,일반,코스피지수,50000.0,20181005,,50592.0,84320.0,5.53,83952.74,0.44,600000.0,12.0,4197637000.0000005
20260702,20260706,A305050,ACE 코스피,일반,코스피지수,50000.0,20181005,,49959.0,83265.0,-1.25,83570.27,-0.37,600000.0,12.0,4178513500.0
20260702,20260707,A305050,ACE 코스피,일반,코스피지수,50000.0,20181005,,47487.0,79145.0,-4.95,79467.72,-0.41,600000.0,12.0,3973386000.0
20260702,20260708,A305050,ACE 코스피,일반,코스피지수,50000.0,20181005,,45321.0,75535.0,-4.56,75212.24,0.43,600000.0,12.0,3760612000.0000005
20260702,20260709,A305050,ACE 코스피,일반,코스피지수,50000.0,20181005,,45828.0,76380.0,1.12,75685.73,0.92,600000.0,12.0,3784286500.0
20260702,20260703,A305540,TIGER 2차전지테마,일반,WISE 2차전지 테마 지수,50000.0,20180912,,891000.0,18000.0,0.73,17925.93,0.41,49500000.0,990.0,896296500.0
20260702,20260706,A305540,TIGER 2차전지테마,일반,WISE 2차전지 테마 지수,50000.0,20180912,,875017.75,17695.0,-1.69,17631.65,0.36,49450000.0,989.0,881582500.0000001
20260702,20260707,A305540,TIGER 2차전지테마,일반,WISE 2차전지 테마 지수,50000.0,20180912,,854122.5,17255.0,-2.49,17235.33,0.11,49500000.0,990.0,861766500.0000001
20260702,20260708,A305540,TIGER 2차전지테마,일반,WISE 2차전지 테마 지수,50000.0,20180912,,808408.25,16315.0,-5.45,16247.92,0.41,49550000.0,991.0,812396000.0
20260702,20260709,A305540,TIGER 2차전지테마,일반,WISE 2차전지 테마 지수,50000.0,20180912,,804578.25,16205.0,-0.67,16112.87,0.57,49650000.0,993.0,805643500.0
20260702,20260703,A305720,KODEX 2차전지산업,일반,FnGuide 2차전지 산업 지수,100000.0,20180912,,1659743.5,14395.0,1.37,14328.94,0.46,115300000.0,1153.0,1432894000.0
20260702,20260706,A305720,KODEX 2차전지산업,일반,FnGuide 2차전지 산업 지수,100000.0,20180912,,1579760.0,14105.0,-2.01,14063.2,0.3,112000000.0,1120.0,1406320000.0
20260702,20260707,A305720,KODEX 2차전지산업,일반,FnGuide 2차전지 산업 지수,100000.0,20180912,,1518561.5,13595.0,-3.62,13696.95,-0.74,111700000.0,1117.0,1369695000.0
20260702,20260708,A305720,KODEX 2차전지산업,일반,FnGuide 2차전지 산업 지수,100000.0,20180912,,1447875.0,12870.0,-5.33,12901.03,-0.24,112500000.0,1125.0,1290103000.0
20260702,20260709,A305720,KODEX 2차전지산업,일반,FnGuide 2차전지 산업 지수,100000.0,20180912,,1432775.0,12850.0,-0.16,12796.72,0.42,111500000.0,1115.0,1279672000.0
20260702,20260703,A306520,HANARO 200선물인버스,인버스 1X,코스피 200 선물인버스 지수,50000.0,20180918,,1305.0,2175.0,-5.23,2184.61,-0.44,600000.0,12.0,109230500.0
20260702,20260706,A306520,HANARO 200선물인버스,인버스 1X,코스피 200 선물인버스 지수,50000.0,20180918,,1323.0,2205.0,1.38,2198.67,0.29,600000.0,12.0,109933500.0
20260702,20260707,A306520,HANARO 200선물인버스,인버스 1X,코스피 200 선물인버스 지수,50000.0,20180918,,1389.0,2315.0,4.99,2292.82,0.97,600000.0,12.0,114641000.00000001
20260702,20260708,A306520,HANARO 200선물인버스,인버스 1X,코스피 200 선물인버스 지수,50000.0,20180918,,1452.0,2420.0,4.54,2422.77,-0.11,600000.0,12.0,121138500.0
20260702,20260709,A306520,HANARO 200선물인버스,인버스 1X,코스피 200 선물인버스 지수,50000.0,20180918,,1437.0,2395.0,-1.03,2402.01,-0.29,600000.0,12.0,120100500.00000001
20260702,20260703,A306530,HANARO 코스닥150선물레버리지,레버리지,F-코스닥150 레버리지지수,20000.0,20180918,,3435.2,9040.0,-3.11,9023.34,0.18,380000.0,19.0,180466800.0
20260702,20260706,A306530,HANARO 코스닥150선물레버리지,레버리지,F-코스닥150 레버리지지수,20000.0,20180918,,3207.2,8440.0,-6.64,8457.27,-0.2,380000.0,19.0,169145400.0
20260702,20260707,A306530,HANARO 코스닥150선물레버리지,레버리지,F-코스닥150 레버리지지수,20000.0,20180918,,3110.3,8185.0,-3.02,8177.03,0.1,380000.0,19.0,163540600.0
20260702,20260708,A306530,HANARO 코스닥150선물레버리지,레버리지,F-코스닥150 레버리지지수,20000.0,20180918,,2872.0,7180.0,-12.28,7133.9,0.65,400000.0,20.0,142678000.0
20260702,20260709,A306530,HANARO 코스닥150선물레버리지,레버리지,F-코스닥150 레버리지지수,20000.0,20180918,,2948.0,7370.0,2.65,7437.05,-0.9,400000.0,20.0,148741000.0
20260702,20260703,A306950,KODEX KRX300레버리지,레버리지,KRX300레버리지,100000.0,20181016,,99904.0,124880.0,9.95,125294.21,-0.33,800000.0,8.0,12529421000.0
20260702,20260706,A306950,KODEX KRX300레버리지,레버리지,KRX300레버리지,100000.0,20181016,,98876.0,123595.0,-1.03,125803.4,-1.76,800000.0,8.0,12580340000.0
20260702,20260707,A306950,KODEX KRX300레버리지,레버리지,KRX300레버리지,100000.0,20181016,,87760.0,109700.0,-11.24,110140.97,-0.4,800000.0,8.0,11014097000.0
20260702,20260708,A306950,KODEX KRX300레버리지,레버리지,KRX300레버리지,100000.0,20181016,,79596.0,99495.0,-9.3,97909.04,1.62,800000.0,8.0,9790904000.0
20260702,20260709,A306950,KODEX KRX300레버리지,레버리지,KRX300레버리지,100000.0,20181016,,80448.0,100560.0,1.07,99493.62,1.07,800000.0,8.0,9949362000.0
20260702,20260703,A307510,TIGER 의료기기,일반,FnGuide 의료기기 지수,50000.0,20181108,,6990.0,13980.0,-0.14,13915.06,0.47,500000.0,10.0,695753000.0
20260702,20260706,A307510,TIGER 의료기기,일반,FnGuide 의료기기 지수,50000.0,20181108,,6750.0,13500.0,-3.43,13588.95,-0.65,500000.0,10.0,679447500.0
20260702,20260707,A307510,TIGER 의료기기,일반,FnGuide 의료기기 지수,50000.0,20181108,,5528.0,13820.0,2.37,13847.45,-0.2,400000.0,8.0,692372500.0
20260702,20260708,A307510,TIGER 의료기기,일반,FnGuide 의료기기 지수,50000.0,20181108,,5278.0,13195.0,-4.52,13305.86,-0.83,400000.0,8.0,665293000.0
20260702,20260709,A307510,TIGER 의료기기,일반,FnGuide 의료기기 지수,50000.0,20181108,,5194.0,12985.0,-1.59,13065.54,-0.62,400000.0,8.0,653277000.0
20260702,20260703,A307520,TIGER 지주회사,일반,FnGuide 지주회사 지수,50000.0,20181108,,327323.5,22810.0,0.88,22758.16,0.23,14350000.0,287.0,1137908000.0
20260702,20260706,A307520,TIGER 지주회사,일반,FnGuide 지주회사 지수,50000.0,20181108,,322372.75,22465.0,-1.51,22590.74,-0.56,14350000.0,287.0,1129537000.0
20260702,20260707,A307520,TIGER 지주회사,일반,FnGuide 지주회사 지수,50000.0,20181108,,312645.0,21940.0,-2.34,22047.49,-0.49,14250000.0,285.0,1102374500.0
20260702,20260708,A307520,TIGER 지주회사,일반,FnGuide 지주회사 지수,50000.0,20181108,,298555.0,21025.0,-4.17,21066.1,-0.2,14200000.0,284.0,1053304999.9999999
20260702,20260709,A307520,TIGER 지주회사,일반,FnGuide 지주회사 지수,50000.0,20181108,,289219.25,20585.0,-2.09,20622.28,-0.18,14050000.0,281.0,1031114000.0
20260702,20260703,A310960,TIGER 200TR,일반,코스피 200 TR지수,100000.0,20181120,,395876.0,76130.0,5.54,76216.47,-0.11,5200000.0,52.0,7621647000.0
20260702,20260706,A310960,TIGER 200TR,일반,코스피 200 TR지수,100000.0,20181120,,394160.0,75800.0,-0.43,75856.38,-0.07,5200000.0,52.0,7585638000.0
20260702,20260707,A310960,TIGER 200TR,일반,코스피 200 TR지수,100000.0,20181120,,383110.5,72285.0,-4.64,71938.44,0.48,5300000.0,53.0,7193844000.0
20260702,20260708,A310960,TIGER 200TR,일반,코스피 200 TR지수,100000.0,20181120,,362149.0,68330.0,-5.47,67927.51,0.59,5300000.0,53.0,6792750999.999999
20260702,20260709,A310960,TIGER 200TR,일반,코스피 200 TR지수,100000.0,20181120,,355784.0,68420.0,0.13,68639.04,-0.32,5200000.0,52.0,6863903999.999999
20260702,20260703,A310970,TIGER MSCI Korea TR,일반,MSCI Korea TR Index,100000.0,20181120,,5319518.0,58585.0,6.36,58531.06,0.09,90800000.0,908.0,5853106000.0
20260702,20260706,A310970,TIGER MSCI Korea TR,일반,MSCI Korea TR Index,100000.0,20181120,,5286830.0,58225.0,-0.61,58320.29,-0.16,90800000.0,908.0,5832029000.0
20260702,20260707,A310970,TIGER MSCI Korea TR,일반,MSCI Korea TR Index,100000.0,20181120,,5024872.0,55340.0,-4.96,55117.89,0.4,90800000.0,908.0,5511789000.0
20260702,20260708,A310970,TIGER MSCI Korea TR,일반,MSCI Korea TR Index,100000.0,20181120,,4692998.0,51685.0,-6.6,52032.03,-0.67,90800000.0,908.0,5203203000.0
20260702,20260709,A310970,TIGER MSCI Korea TR,일반,MSCI Korea TR Index,100000.0,20181120,,4767000.0,52500.0,1.58,52591.07,-0.17,90800000.0,908.0,5259107000.0
20260702,20260703,A314700,HANARO 농업융복합산업,일반,FnGuide 농업융복합산업지수(시장가격),50000.0,20181221,,6055.5,11010.0,-0.72,11022.49,-0.11,550000.0,11.0,551124500.0
20260702,20260706,A314700,HANARO 농업융복합산업,일반,FnGuide 농업융복합산업지수(시장가격),50000.0,20181221,,5964.75,10845.0,-1.5,10901.72,-0.52,550000.0,11.0,545086000.0
20260702,20260707,A314700,HANARO 농업융복합산업,일반,FnGuide 농업융복합산업지수(시장가격),50000.0,20181221,,6019.75,10945.0,0.92,11016.03,-0.64,550000.0,11.0,550801500.0
20260702,20260708,A314700,HANARO 농업융복합산업,일반,FnGuide 농업융복합산업지수(시장가격),50000.0,20181221,,5846.5,10630.0,-2.88,10683.56,-0.5,550000.0,11.0,534178000.0
20260702,20260709,A314700,HANARO 농업융복합산업,일반,FnGuide 농업융복합산업지수(시장가격),50000.0,20181221,,5761.25,10475.0,-1.46,10418.35,0.54,550000.0,11.0,520917500.0
20260702,20260703,A315270,TIGER 200커뮤니케이션서비스,일반,코스피 200 커뮤니케이션서비스,20000.0,20190115,,5128.5,19725.0,-1.18,19690.08,0.18,260000.0,13.0,393801600.00000006
20260702,20260706,A315270,TIGER 200커뮤니케이션서비스,일반,코스피 200 커뮤니케이션서비스,20000.0,20190115,,5110.3,19655.0,-0.35,19770.87,-0.59,260000.0,13.0,395417400.0
20260702,20260707,A315270,TIGER 200커뮤니케이션서비스,일반,코스피 200 커뮤니케이션서비스,20000.0,20190115,,4830.0,20125.0,2.39,20055.41,0.35,240000.0,12.0,401108200.0
20260702,20260708,A315270,TIGER 200커뮤니케이션서비스,일반,코스피 200 커뮤니케이션서비스,20000.0,20190115,,4731.6,19715.0,-2.04,19826.13,-0.56,240000.0,12.0,396522600.0
20260702,20260709,A315270,TIGER 200커뮤니케이션서비스,일반,코스피 200 커뮤니케이션서비스,20000.0,20190115,,4674.0,19475.0,-1.22,19679.16,-1.04,240000.0,12.0,393583200.0
20260702,20260703,A315930,KODEX Top5PlusTR,일반,FnGuide TOP 5 Plus Total Return 지수,100000.0,20190122,,1661676.0,93880.0,5.13,94060.05,-0.19,17700000.0,177.0,9406005000.0
20260702,20260706,A315930,KODEX Top5PlusTR,일반,FnGuide TOP 5 Plus Total Return 지수,100000.0,20190122,,1668136.5,94245.0,0.39,94578.84,-0.35,17700000.0,177.0,9457884000.0
20260702,20260707,A315930,KODEX Top5PlusTR,일반,FnGuide TOP 5 Plus Total Return 지수,100000.0,20190122,,1592800.0,90500.0,-3.97,90615.59,-0.13,17600000.0,176.0,9061559000.0
20260702,20260708,A315930,KODEX Top5PlusTR,일반,FnGuide TOP 5 Plus Total Return 지수,100000.0,20190122,,1531200.0,87000.0,-3.87,86914.74,0.1,17600000.0,176.0,8691474000.0
20260702,20260709,A315930,KODEX Top5PlusTR,일반,FnGuide TOP 5 Plus Total Return 지수,100000.0,20190122,,1519962.5,86855.0,-0.17,86994.84,-0.16,17500000.0,175.0,8699484000.0
20260702,20260703,A315960,RISE 대형고배당10TR,일반,WISE 대형고배당10 TR 지수,50000.0,20190122,,635800.0,93500.0,6.11,93364.7,0.14,6800000.0,136.0,4668235000.0
20260702,20260706,A315960,RISE 대형고배당10TR,일반,WISE 대형고배당10 TR 지수,50000.0,20190122,,636174.0,93555.0,0.06,93839.42,-0.3,6800000.0,136.0,4691971000.0
20260702,20260707,A315960,RISE 대형고배당10TR,일반,WISE 대형고배당10 TR 지수,50000.0,20190122,,606662.0,89215.0,-4.64,89580.68,-0.41,6800000.0,136.0,4479034000.0
20260702,20260708,A315960,RISE 대형고배당10TR,일반,WISE 대형고배당10 TR 지수,50000.0,20190122,,582250.0,85000.0,-4.72,85406.72,-0.48,6850000.0,137.0,4270336000.0
20260702,20260709,A315960,RISE 대형고배당10TR,일반,WISE 대형고배당10 TR 지수,50000.0,20190122,,585812.0,85520.0,0.61,85544.99,-0.03,6850000.0,137.0,4277249500.0000005
20260702,20260703,A316670,KIWOOM 코스닥150,일반,코스닥 150,20000.0,20190122,,41029.4,7570.0,-1.75,7613.16,-0.57,5420000.0,271.0,152263200.0
20260702,20260706,A316670,KIWOOM 코스닥150,일반,코스닥 150,20000.0,20190122,,40489.2,7335.0,-3.1,7371.46,-0.49,5520000.0,276.0,147429200.0
20260702,20260707,A316670,KIWOOM 코스닥150,일반,코스닥 150,20000.0,20190122,,40544.0,7240.0,-1.3,7253.32,-0.18,5600000.0,280.0,145066400.0
20260702,20260708,A316670,KIWOOM 코스닥150,일반,코스닥 150,20000.0,20190122,,38453.6,6770.0,-6.49,6773.2,-0.05,5680000.0,284.0,135464000.0
20260702,20260709,A316670,KIWOOM 코스닥150,일반,코스닥 150,20000.0,20190122,,39462.5,6875.0,1.55,6869.11,0.09,5740000.0,287.0,137382200.0
20260702,20260703,A322400,HANARO e커머스,일반,FnGuide E커머스 지수(시장가격),50000.0,20190423,,36535.5,10590.0,0.52,10540.56,0.47,3450000.0,69.0,527028000.0
20260702,20260706,A322400,HANARO e커머스,일반,FnGuide E커머스 지수(시장가격),50000.0,20190423,,36138.75,10475.0,-1.09,10555.0,-0.76,3450000.0,69.0,527750000.0
20260702,20260707,A322400,HANARO e커머스,일반,FnGuide E커머스 지수(시장가격),50000.0,20190423,,36259.5,10510.0,0.33,10586.26,-0.72,3450000.0,69.0,529313000.0
20260702,20260708,A322400,HANARO e커머스,일반,FnGuide E커머스 지수(시장가격),50000.0,20190423,,35414.25,10265.0,-2.33,10262.92,0.02,3450000.0,69.0,513146000.0
20260702,20260709,A322400,HANARO e커머스,일반,FnGuide E커머스 지수(시장가격),50000.0,20190423,,34569.0,10020.0,-2.39,10095.26,-0.75,3450000.0,69.0,504763000.0
20260702,20260703,A322410,HANARO K고배당,일반,FnGuide 고배당 알파 지수 (시장가격),50000.0,20190423,,43310.5,22795.0,1.72,22753.67,0.18,1900000.0,38.0,1137683500.0
20260702,20260706,A322410,HANARO K고배당,일반,FnGuide 고배당 알파 지수 (시장가격),50000.0,20190423,,42411.25,22925.0,0.57,22856.63,0.3,1850000.0,37.0,1142831500.0
20260702,20260707,A322410,HANARO K고배당,일반,FnGuide 고배당 알파 지수 (시장가격),50000.0,20190423,,42402.0,22920.0,-0.02,23032.35,-0.49,1850000.0,37.0,1151617500.0
20260702,20260708,A322410,HANARO K고배당,일반,FnGuide 고배당 알파 지수 (시장가격),50000.0,20190423,,41717.5,22550.0,-1.61,22670.23,-0.53,1850000.0,37.0,1133511500.0
20260702,20260709,A322410,HANARO K고배당,일반,FnGuide 고배당 알파 지수 (시장가격),50000.0,20190423,,41107.0,22220.0,-1.46,22492.72,-1.21,1850000.0,37.0,1124636000.0
20260702,20260703,A325010,KODEX 성장주,일반,FnGuide 성장 지수(PR),100000.0,20190531,,166912.0,52160.0,1.61,52050.42,0.21,3200000.0,32.0,5205042000.0
20260702,20260706,A325010,KODEX 성장주,일반,FnGuide 성장 지수(PR),100000.0,20190531,,164016.0,51255.0,-1.74,51172.21,0.16,3200000.0,32.0,5117221000.0
20260702,20260707,A325010,KODEX 성장주,일반,FnGuide 성장 지수(PR),100000.0,20190531,,154320.0,48225.0,-5.91,48399.3,-0.36,3200000.0,32.0,4839930000.0
20260702,20260708,A325010,KODEX 성장주,일반,FnGuide 성장 지수(PR),100000.0,20190531,,144640.0,45200.0,-6.27,45359.21,-0.35,3200000.0,32.0,4535921000.0
20260702,20260709,A325010,KODEX 성장주,일반,FnGuide 성장 지수(PR),100000.0,20190531,,146640.0,45825.0,1.38,45992.6,-0.36,3200000.0,32.0,4599260000.0
20260702,20260703,A325020,KODEX 배당가치,일반,FnGuide SLV 배당가치 지수,100000.0,20190531,,129297.0,30785.0,3.03,30871.19,-0.28,4200000.0,42.0,3087119000.0
20260702,20260706,A325020,KODEX 배당가치,일반,FnGuide SLV 배당가치 지수,100000.0,20190531,,130809.0,31145.0,1.17,31235.36,-0.29,4200000.0,42.0,3123536000.0
20260702,20260707,A325020,KODEX 배당가치,일반,FnGuide SLV 배당가치 지수,100000.0,20190531,,128940.0,30700.0,-1.43,30746.18,-0.15,4200000.0,42.0,3074618000.0
20260702,20260708,A325020,KODEX 배당가치,일반,FnGuide SLV 배당가치 지수,100000.0,20190531,,124908.0,29740.0,-3.13,29810.48,-0.24,4200000.0,42.0,2981048000.0
20260702,20260709,A325020,KODEX 배당가치,일반,FnGuide SLV 배당가치 지수,100000.0,20190531,,122640.0,29200.0,-1.82,29286.77,-0.3,4200000.0,42.0,2928677000.0
20260702,20260703,A326230,RISE 내수주플러스,일반,FnGuide 내수주플러스 지수,20000.0,20190620,,7344.0,11475.0,-1.33,11505.14,-0.26,640000.0,32.0,230102800.0
20260702,20260706,A326230,RISE 내수주플러스,일반,FnGuide 내수주플러스 지수,20000.0,20190620,,7289.6,11390.0,-0.74,11428.78,-0.34,640000.0,32.0,228575600.0
20260702,20260707,A326230,RISE 내수주플러스,일반,FnGuide 내수주플러스 지수,20000.0,20190620,,7475.2,11680.0,2.55,11730.67,-0.43,640000.0,32.0,234613400.0
20260702,20260708,A326230,RISE 내수주플러스,일반,FnGuide 내수주플러스 지수,20000.0,20190620,,7312.0,11425.0,-2.18,11447.23,-0.19,640000.0,32.0,228944600.0
20260702,20260709,A326230,RISE 내수주플러스,일반,FnGuide 내수주플러스 지수,20000.0,20190620,,6992.0,10925.0,-4.38,11113.51,-1.7,640000.0,32.0,222270200.0
20260702,20260703,A326240,RISE IT플러스,일반,FnGuide IT플러스 지수,20000.0,20190620,,135139.6,51580.0,3.33,51670.59,-0.18,2620000.0,131.0,1033411799.9999999
20260702,20260706,A326240,RISE IT플러스,일반,FnGuide IT플러스 지수,20000.0,20190620,,132165.9,50445.0,-2.2,50444.94,0.0,2620000.0,131.0,1008898800.0
20260702,20260707,A326240,RISE IT플러스,일반,FnGuide IT플러스 지수,20000.0,20190620,,124083.2,47360.0,-6.12,47523.96,-0.35,2620000.0,131.0,950479200.0
20260702,20260708,A326240,RISE IT플러스,일반,FnGuide IT플러스 지수,20000.0,20190620,,117915.6,44665.0,-5.69,44529.93,0.3,2640000.0,132.0,890598600.0
20260702,20260709,A326240,RISE IT플러스,일반,FnGuide IT플러스 지수,20000.0,20190620,,118918.8,45045.0,0.85,45198.63,-0.34,2640000.0,132.0,903972600.0
20260702,20260703,A328370,PLUS 코스피TR,일반,코스피 TR,50000.0,20190625,,143419.5,45530.0,2.04,45497.88,0.07,3150000.0,63.0,2274894000.0
20260702,20260706,A328370,PLUS 코스피TR,일반,코스피 TR,50000.0,20190625,,142380.0,45200.0,-0.72,45305.98,-0.23,3150000.0,63.0,2265299000.0
20260702,20260707,A328370,PLUS 코스피TR,일반,코스피 TR,50000.0,20190625,,134442.0,42680.0,-5.58,43055.25,-0.87,3150000.0,63.0,2152762500.0
20260702,20260708,A328370,PLUS 코스피TR,일반,코스피 TR,50000.0,20190625,,128520.0,40800.0,-4.4,40743.18,0.14,3150000.0,63.0,2037159000.0
20260702,20260709,A328370,PLUS 코스피TR,일반,코스피 TR,50000.0,20190625,,128772.0,40880.0,0.2,41035.1,-0.38,3150000.0,63.0,2051755000.0
20260702,20260703,A332500,ACE 200TR,일반,코스피 200 TR지수,100000.0,20190828,,193424.0,87920.0,5.74,87820.69,0.11,2200000.0,22.0,8782069000.0
20260702,20260706,A332500,ACE 200TR,일반,코스피 200 TR지수,100000.0,20190828,,192071.0,87305.0,-0.7,87409.34,-0.12,2200000.0,22.0,8740934000.0
20260702,20260707,A332500,ACE 200TR,일반,코스피 200 TR지수,100000.0,20190828,,182688.0,83040.0,-4.89,82827.51,0.26,2200000.0,22.0,8282750999.999999
20260702,20260708,A332500,ACE 200TR,일반,코스피 200 TR지수,100000.0,20190828,,172876.0,78580.0,-5.37,78252.9,0.42,2200000.0,22.0,7825289999.999999
20260702,20260709,A332500,ACE 200TR,일반,코스피 200 TR지수,100000.0,20190828,,173800.0,79000.0,0.53,79057.15,-0.07,2200000.0,22.0,7905714999.999999
20260702,20260703,A332930,HANARO 200TR,일반,코스피 200 TR지수,50000.0,20190828,,248428.5,171330.0,6.16,171293.72,0.02,1450000.0,29.0,8564686000.0
20260702,20260706,A332930,HANARO 200TR,일반,코스피 200 TR지수,50000.0,20190828,,247312.0,170560.0,-0.45,170472.77,0.05,1450000.0,29.0,8523638499.999999
20260702,20260707,A332930,HANARO 200TR,일반,코스피 200 TR지수,50000.0,20190828,,234624.5,161810.0,-5.13,161648.58,0.1,1450000.0,29.0,8082428999.999999
20260702,20260708,A332930,HANARO 200TR,일반,코스피 200 TR지수,50000.0,20190828,,222386.5,153370.0,-5.22,152752.7,0.4,1450000.0,29.0,7637635000.000001
20260702,20260709,A332930,HANARO 200TR,일반,코스피 200 TR지수,50000.0,20190828,,223097.0,153860.0,0.32,154239.55,-0.25,1450000.0,29.0,7711977499.999999
20260702,20260703,A332940,HANARO MSCI Korea TR,일반,MSCI Korea TR Index,100000.0,20190828,,139152.0,57980.0,2.26,58324.86,-0.59,2400000.0,24.0,5832486000.0
20260702,20260706,A332940,HANARO MSCI Korea TR,일반,MSCI Korea TR Index,100000.0,20190828,,139908.0,58295.0,0.54,58116.09,0.31,2400000.0,24.0,5811609000.0
20260702,20260707,A332940,HANARO MSCI Korea TR,일반,MSCI Korea TR Index,100000.0,20190828,,131124.0,54635.0,-6.28,54923.72,-0.53,2400000.0,24.0,5492372000.0
20260702,20260708,A332940,HANARO MSCI Korea TR,일반,MSCI Korea TR Index,100000.0,20190828,,124908.0,52045.0,-4.74,51847.26,0.38,2400000.0,24.0,5184726000.0
20260702,20260709,A332940,HANARO MSCI Korea TR,일반,MSCI Korea TR Index,100000.0,20190828,,124596.0,51915.0,-0.25,52408.76,-0.94,2400000.0,24.0,5240876000.0
20260702,20260703,A337120,KODEX 멀티팩터,일반,FnGuide 멀티팩터 지수,100000.0,20191114,,24849.0,41415.0,6.08,41231.1,0.45,600000.0,6.0,4123110000.0
20260702,20260706,A337120,KODEX 멀티팩터,일반,FnGuide 멀티팩터 지수,100000.0,20191114,,24531.0,40885.0,-1.28,41075.36,-0.46,600000.0,6.0,4107536000.0
20260702,20260707,A337120,KODEX 멀티팩터,일반,FnGuide 멀티팩터 지수,100000.0,20191114,,23439.0,39065.0,-4.45,39086.01,-0.05,600000.0,6.0,3908601000.0
20260702,20260708,A337120,KODEX 멀티팩터,일반,FnGuide 멀티팩터 지수,100000.0,20191114,,22239.0,37065.0,-5.12,36967.12,0.26,600000.0,6.0,3696712000.0000005
20260702,20260709,A337120,KODEX 멀티팩터,일반,FnGuide 멀티팩터 지수,100000.0,20191114,,21960.0,36600.0,-1.25,37238.02,-1.71,600000.0,6.0,3723801999.9999995
20260702,20260703,A337140,KODEX 코스피대형주,일반,코스피 대형주 지수,100000.0,20191114,,91266.0,43460.0,5.55,43422.98,0.09,2100000.0,21.0,4342298000.0
20260702,20260706,A337140,KODEX 코스피대형주,일반,코스피 대형주 지수,100000.0,20191114,,90709.5,43195.0,-0.61,43225.45,-0.07,2100000.0,21.0,4322545000.0
20260702,20260707,A337140,KODEX 코스피대형주,일반,코스피 대형주 지수,100000.0,20191114,,85596.0,40760.0,-5.64,40973.11,-0.52,2100000.0,21.0,4097311000.0
20260702,20260708,A337140,KODEX 코스피대형주,일반,코스피 대형주 지수,100000.0,20191114,,81627.0,38870.0,-4.64,38717.85,0.39,2100000.0,21.0,3871785000.0
20260702,20260709,A337140,KODEX 코스피대형주,일반,코스피 대형주 지수,100000.0,20191114,,82057.5,39075.0,0.53,39018.57,0.14,2100000.0,21.0,3901857000.0
20260702,20260703,A337150,KODEX 200exTOP,일반,코스피 200 초대형제외 지수,100000.0,20191114,,19558.0,27940.0,0.85,27920.78,0.07,700000.0,7.0,2792078000.0
20260702,20260706,A337150,KODEX 200exTOP,일반,코스피 200 초대형제외 지수,100000.0,20191114,,19418.0,27740.0,-0.72,27658.18,0.3,700000.0,7.0,2765818000.0
20260702,20260707,A337150,KODEX 200exTOP,일반,코스피 200 초대형제외 지수,100000.0,20191114,,18641.0,26630.0,-4.0,26849.69,-0.82,700000.0,7.0,2684969000.0
20260702,20260708,A337150,KODEX 200exTOP,일반,코스피 200 초대형제외 지수,100000.0,20191114,,17853.5,25505.0,-4.22,25610.24,-0.41,700000.0,7.0,2561024000.0
20260702,20260709,A337150,KODEX 200exTOP,일반,코스피 200 초대형제외 지수,100000.0,20191114,,17514.0,25020.0,-1.9,25169.37,-0.59,700000.0,7.0,2516937000.0
20260702,20260703,A337160,KODEX 200ESG,일반,코스피 200 ESG 지수,100000.0,20191114,,218006.0,57370.0,6.29,57202.11,0.29,3800000.0,38.0,5720211000.0
20260702,20260706,A337160,KODEX 200ESG,일반,코스피 200 ESG 지수,100000.0,20191114,,216676.0,57020.0,-0.61,56852.39,0.29,3800000.0,38.0,5685239000.0
20260702,20260707,A337160,KODEX 200ESG,일반,코스피 200 ESG 지수,100000.0,20191114,,211185.0,54150.0,-5.03,53982.92,0.31,3900000.0,39.0,5398292000.0
20260702,20260708,A337160,KODEX 200ESG,일반,코스피 200 ESG 지수,100000.0,20191114,,200109.0,51310.0,-5.24,51099.13,0.41,3900000.0,39.0,5109913000.0
20260702,20260709,A337160,KODEX 200ESG,일반,코스피 200 ESG 지수,100000.0,20191114,,202078.5,51815.0,0.98,51598.79,0.42,3900000.0,39.0,5159879000.0
20260702,20260703,A354500,ACE 코스닥150,일반,코스닥 150,100000.0,20200507,,144572.0,15380.0,-1.6,15423.51,-0.28,9400000.0,94.0,1542351000.0
20260702,20260706,A354500,ACE 코스닥150,일반,코스닥 150,100000.0,20200507,,139684.0,14860.0,-3.38,14933.51,-0.49,9400000.0,94.0,1493351000.0
20260702,20260707,A354500,ACE 코스닥150,일반,코스닥 150,100000.0,20200507,,140928.0,14680.0,-1.21,14695.07,-0.1,9600000.0,96.0,1469507000.0
20260702,20260708,A354500,ACE 코스닥150,일반,코스닥 150,100000.0,20200507,,131808.0,13730.0,-6.47,13725.24,0.03,9600000.0,96.0,1372524000.0
20260702,20260709,A354500,ACE 코스닥150,일반,코스닥 150,100000.0,20200507,,133680.0,13925.0,1.42,13921.1,0.03,9600000.0,96.0,1392110000.0
20260702,20260703,A359210,KODEX 코스피TR,일반,코스피 TR,100000.0,20200721,,88410.0,42100.0,5.46,41940.71,0.38,2100000.0,21.0,4194071000.0
20260702,20260706,A359210,KODEX 코스피TR,일반,코스피 TR,100000.0,20200721,,87538.5,41685.0,-0.99,41750.23,-0.16,2100000.0,21.0,4175023000.0000005
20260702,20260707,A359210,KODEX 코스피TR,일반,코스피 TR,100000.0,20200721,,82950.0,39500.0,-5.24,39698.82,-0.5,2100000.0,21.0,3969882000.0
20260702,20260708,A359210,KODEX 코스피TR,일반,코스피 TR,100000.0,20200721,,79149.0,37690.0,-4.58,37570.57,0.32,2100000.0,21.0,3757057000.0
20260702,20260709,A359210,KODEX 코스피TR,일반,코스피 TR,100000.0,20200721,,79275.0,37750.0,0.16,37811.36,-0.16,2100000.0,21.0,3781136000.0
20260702,20260703,A360140,KODEX 200롱코스닥150숏선물,일반,코스피 200 롱 100% 코스닥 150 숏 100% 선물지수,100000.0,20200821,,56320.0,25600.0,7.47,25653.97,-0.21,2200000.0,22.0,2565397000.0
20260702,20260706,A360140,KODEX 200롱코스닥150숏선물,일반,코스피 200 롱 100% 코스닥 150 숏 100% 선물지수,100000.0,20200821,,57904.0,26320.0,2.81,26314.02,0.02,2200000.0,22.0,2631402000.0
20260702,20260707,A360140,KODEX 200롱코스닥150숏선물,일반,코스피 200 롱 100% 코스닥 150 숏 100% 선물지수,100000.0,20200821,,54549.0,24795.0,-5.79,25478.32,-2.68,2200000.0,22.0,2547832000.0
20260702,20260708,A360140,KODEX 200롱코스닥150숏선물,일반,코스피 200 롱 100% 코스닥 150 숏 100% 선물지수,100000.0,20200821,,56199.0,25545.0,3.02,25613.06,-0.27,2200000.0,22.0,2561306000.0
20260702,20260709,A360140,KODEX 200롱코스닥150숏선물,일반,코스피 200 롱 100% 코스닥 150 숏 100% 선물지수,100000.0,20200821,,55902.0,25410.0,-0.53,25285.95,0.49,2200000.0,22.0,2528595000.0
20260702,20260703,A360150,KODEX 코스닥150롱코스피200숏선물,일반,코스닥 150 롱 100% 코스피 200 숏 100% 선물지수,100000.0,20200821,,13630.0,2900.0,-7.05,2886.14,0.48,4700000.0,47.0,288614000.0
20260702,20260706,A360150,KODEX 코스닥150롱코스피200숏선물,일반,코스닥 150 롱 100% 코스피 200 숏 100% 선물지수,100000.0,20200821,,13277.5,2825.0,-2.59,2813.02,0.43,4700000.0,47.0,281302000.0
20260702,20260707,A360150,KODEX 코스닥150롱코스피200숏선물,일반,코스닥 150 롱 100% 코스피 200 숏 100% 선물지수,100000.0,20200821,,13818.0,2940.0,4.07,2893.15,1.62,4700000.0,47.0,289315000.0
20260702,20260708,A360150,KODEX 코스닥150롱코스피200숏선물,일반,코스닥 150 롱 100% 코스피 200 숏 100% 선물지수,100000.0,20200821,,13606.5,2895.0,-1.53,2887.3,0.27,4700000.0,47.0,288730000.0
20260702,20260709,A360150,KODEX 코스닥150롱코스피200숏선물,일반,코스닥 150 롱 100% 코스피 200 숏 100% 선물지수,100000.0,20200821,,13724.0,2920.0,0.86,2924.43,-0.15,4700000.0,47.0,292443000.0
20260702,20260703,A361580,RISE 200TR,일반,코스피 200 TR지수,50000.0,20200821,,557212.5,74295.0,5.59,74232.64,0.08,7500000.0,150.0,3711632000.0
20260702,20260706,A361580,RISE 200TR,일반,코스피 200 TR지수,50000.0,20200821,,553875.0,73850.0,-0.6,73870.23,-0.03,7500000.0,150.0,3693511500.0
20260702,20260707,A361580,RISE 200TR,일반,코스피 200 TR지수,50000.0,20200821,,533368.0,70180.0,-4.97,70019.84,0.23,7600000.0,152.0,3500992000.0
20260702,20260708,A361580,RISE 200TR,일반,코스피 200 TR지수,50000.0,20200821,,513980.0,66320.0,-5.5,66114.59,0.31,7750000.0,155.0,3305729500.0
20260702,20260709,A361580,RISE 200TR,일반,코스피 200 TR지수,50000.0,20200821,,521157.0,66815.0,0.75,66841.84,-0.04,7800000.0,156.0,3342092000.0
20260702,20260703,A363580,KODEX 200IT TR,일반,코스피 200 정보기술 TR,100000.0,20200925,,319950.0,71100.0,4.1,71010.5,0.13,4500000.0,45.0,7101050000.0
20260702,20260706,A363580,KODEX 200IT TR,일반,코스피 200 정보기술 TR,100000.0,20200925,,307575.0,68350.0,-3.87,68360.72,-0.02,4500000.0,45.0,6836072000.0
20260702,20260707,A363580,KODEX 200IT TR,일반,코스피 200 정보기술 TR,100000.0,20200925,,286020.0,63560.0,-7.01,63768.86,-0.33,4500000.0,45.0,6376886000.0
20260702,20260708,A363580,KODEX 200IT TR,일반,코스피 200 정보기술 TR,100000.0,20200925,,267795.0,59510.0,-6.37,59746.24,-0.4,4500000.0,45.0,5974624000.0
20260702,20260709,A363580,KODEX 200IT TR,일반,코스피 200 정보기술 TR,100000.0,20200925,,274050.0,60900.0,2.34,60922.11,-0.04,4500000.0,45.0,6092211000.0
20260702,20260703,A364690,KODEX 혁신기술테마액티브,일반,코스피지수,100000.0,20200929,,28398.0,47330.0,5.18,47434.92,-0.22,600000.0,6.0,4743492000.0
20260702,20260706,A364690,KODEX 혁신기술테마액티브,일반,코스피지수,100000.0,20200929,,28020.0,46700.0,-1.33,46887.49,-0.4,600000.0,6.0,4688749000.0
20260702,20260707,A364690,KODEX 혁신기술테마액티브,일반,코스피지수,100000.0,20200929,,26508.0,44180.0,-5.4,44381.68,-0.45,600000.0,6.0,4438168000.0
20260702,20260708,A364690,KODEX 혁신기술테마액티브,일반,코스피지수,100000.0,20200929,,25104.0,41840.0,-5.3,41716.63,0.3,600000.0,6.0,4171662999.9999995
20260702,20260709,A364690,KODEX 혁신기술테마액티브,일반,코스피지수,100000.0,20200929,,25062.0,41770.0,-0.17,42013.49,-0.58,600000.0,6.0,4201349000.0
20260702,20260703,A364960,TIGER BBIG,일반,KRX BBIG 지수,50000.0,20201007,,80257.5,6525.0,-0.99,6548.8,-0.36,12300000.0,246.0,327440000.0
20260702,20260706,A364960,TIGER BBIG,일반,KRX BBIG 지수,50000.0,20201007,,79150.5,6435.0,-1.38,6414.69,0.32,12300000.0,246.0,320734500.0
20260702,20260707,A364960,TIGER BBIG,일반,KRX BBIG 지수,50000.0,20201007,,79150.5,6435.0,0.0,6417.05,0.28,12300000.0,246.0,320852500.0
20260702,20260708,A364960,TIGER BBIG,일반,KRX BBIG 지수,50000.0,20201007,,76690.5,6235.0,-3.11,6223.74,0.18,12300000.0,246.0,311187000.0
20260702,20260709,A364960,TIGER BBIG,일반,KRX BBIG 지수,50000.0,20201007,,74476.5,6055.0,-2.89,6049.04,0.1,12300000.0,246.0,302452000.0
20260702,20260703,A364970,TIGER 바이오TOP10,일반,KRX 바이오 TOP 10 지수,50000.0,20201007,,284769.0,7155.0,0.07,7178.33,-0.33,39800000.0,796.0,358916500.0
20260702,20260706,A364970,TIGER 바이오TOP10,일반,KRX 바이오 TOP 10 지수,50000.0,20201007,,279400.0,6985.0,-2.38,6993.67,-0.12,40000000.0,800.0,349683500.0
20260702,20260707,A364970,TIGER 바이오TOP10,일반,KRX 바이오 TOP 10 지수,50000.0,20201007,,285200.0,7130.0,2.08,7116.85,0.18,40000000.0,800.0,355842500.0
20260702,20260708,A364970,TIGER 바이오TOP10,일반,KRX 바이오 TOP 10 지수,50000.0,20201007,,271677.5,6775.0,-4.98,6785.03,-0.15,40100000.0,802.0,339251500.0
20260702,20260709,A364970,TIGER 바이오TOP10,일반,KRX 바이오 TOP 10 지수,50000.0,20201007,,266656.25,6625.0,-2.21,6616.37,0.13,40250000.0,805.0,330818500.0
20260702,20260703,A364980,TIGER 2차전지TOP10,일반,KRX 2차전지 TOP 10 지수,50000.0,20201007,,631148.5,9755.0,1.61,9729.99,0.26,64700000.0,1294.0,486499500.0
20260702,20260706,A364980,TIGER 2차전지TOP10,일반,KRX 2차전지 TOP 10 지수,50000.0,20201007,,612623.75,9535.0,-2.26,9556.09,-0.22,64250000.0,1285.0,477804500.0
20260702,20260707,A364980,TIGER 2차전지TOP10,일반,KRX 2차전지 TOP 10 지수,50000.0,20201007,,591360.0,9240.0,-3.09,9302.12,-0.67,64000000.0,1280.0,465106000.00000006
20260702,20260708,A364980,TIGER 2차전지TOP10,일반,KRX 2차전지 TOP 10 지수,50000.0,20201007,,561600.0,8775.0,-5.03,8778.95,-0.04,64000000.0,1280.0,438947500.00000006
20260702,20260709,A364980,TIGER 2차전지TOP10,일반,KRX 2차전지 TOP 10 지수,50000.0,20201007,,552981.0,8580.0,-2.22,8646.54,-0.77,64450000.0,1289.0,432327000.00000006
20260702,20260703,A364990,TIGER 게임TOP10,일반,KRX 게임 TOP 10 지수,50000.0,20201007,,24082.5,5070.0,-2.12,5059.57,0.21,4750000.0,95.0,252978500.0
20260702,20260706,A364990,TIGER 게임TOP10,일반,KRX 게임 TOP 10 지수,50000.0,20201007,,23655.0,4980.0,-1.78,5008.42,-0.57,4750000.0,95.0,250421000.0
20260702,20260707,A364990,TIGER 게임TOP10,일반,KRX 게임 TOP 10 지수,50000.0,20201007,,24296.25,5115.0,2.71,5135.79,-0.4,4750000.0,95.0,256789500.0
20260702,20260708,A364990,TIGER 게임TOP10,일반,KRX 게임 TOP 10 지수,50000.0,20201007,,24462.5,5150.0,0.68,5124.83,0.49,4750000.0,95.0,256241500.0
20260702,20260709,A364990,TIGER 게임TOP10,일반,KRX 게임 TOP 10 지수,50000.0,20201007,,23453.0,4990.0,-3.11,5007.44,-0.35,4700000.0,94.0,250371999.99999997
20260702,20260703,A365000,TIGER 인터넷TOP10,일반,KRX 인터넷 TOP 10,50000.0,20201007,,38456.75,3865.0,-1.02,3857.73,0.19,9950000.0,199.0,192886500.0
20260702,20260706,A365000,TIGER 인터넷TOP10,일반,KRX 인터넷 TOP 10,50000.0,20201007,,37611.0,3780.0,-2.2,3782.5,-0.07,9950000.0,199.0,189125000.0
20260702,20260707,A365000,TIGER 인터넷TOP10,일반,KRX 인터넷 TOP 10,50000.0,20201007,,37063.75,3725.0,-1.46,3742.23,-0.46,9950000.0,199.0,187111500.0
20260702,20260708,A365000,TIGER 인터넷TOP10,일반,KRX 인터넷 TOP 10,50000.0,20201007,,36481.5,3630.0,-2.55,3622.56,0.21,10050000.0,201.0,181128000.0
20260702,20260709,A365000,TIGER 인터넷TOP10,일반,KRX 인터넷 TOP 10,50000.0,20201007,,35275.5,3510.0,-3.31,3517.36,-0.21,10050000.0,201.0,175868000.0
20260702,20260703,A365040,TIGER AI코리아그로스액티브,일반,코스피지수,100000.0,20200929,,84930.0,42465.0,3.57,42269.48,0.46,2000000.0,20.0,4226948000.0000005
20260702,20260706,A365040,TIGER AI코리아그로스액티브,일반,코스피지수,100000.0,20200929,,84360.0,42180.0,-0.67,42151.89,0.07,2000000.0,20.0,4215189000.0
20260702,20260707,A365040,TIGER AI코리아그로스액티브,일반,코스피지수,100000.0,20200929,,80520.0,40260.0,-4.55,40107.45,0.38,2000000.0,20.0,4010744999.9999995
20260702,20260708,A365040,TIGER AI코리아그로스액티브,일반,코스피지수,100000.0,20200929,,79978.5,38085.0,-5.4,37910.43,0.46,2100000.0,21.0,3791043000.0
20260702,20260709,A365040,TIGER AI코리아그로스액티브,일반,코스피지수,100000.0,20200929,,76130.0,38065.0,-0.05,38144.68,-0.21,2000000.0,20.0,3814468000.0
20260702,20260703,A367740,HANARO Fn5G산업,일반,FnGuide 5G 산업 지수,50000.0,20201029,,25531.0,46420.0,2.38,46231.89,0.41,550000.0,11.0,2311594500.0
20260702,20260706,A367740,HANARO Fn5G산업,일반,FnGuide 5G 산업 지수,50000.0,20201029,,24684.0,44880.0,-3.32,45035.87,-0.35,550000.0,11.0,2251793500.0
20260702,20260707,A367740,HANARO Fn5G산업,일반,FnGuide 5G 산업 지수,50000.0,20201029,,23845.25,43355.0,-3.4,43613.01,-0.59,550000.0,11.0,2180650500.0
20260702,20260708,A367740,HANARO Fn5G산업,일반,FnGuide 5G 산업 지수,50000.0,20201029,,22651.75,41185.0,-5.01,41302.75,-0.29,550000.0,11.0,2065137500.0
20260702,20260709,A367740,HANARO Fn5G산업,일반,FnGuide 5G 산업 지수,50000.0,20201029,,23573.0,42860.0,4.07,42096.3,1.81,550000.0,11.0,2104815000.0000002
20260702,20260703,A367760,RISE 네트워크인프라,일반,FnGuide 네트워크 인프라 지수,50000.0,20201029,,925329.0,75230.0,4.09,75072.35,0.21,12300000.0,246.0,3753617500.0000005
20260702,20260706,A367760,RISE 네트워크인프라,일반,FnGuide 네트워크 인프라 지수,50000.0,20201029,,897039.0,72930.0,-3.06,72579.89,0.48,12300000.0,246.0,3628994500.0
20260702,20260707,A367760,RISE 네트워크인프라,일반,FnGuide 네트워크 인프라 지수,50000.0,20201029,,835045.25,67615.0,-7.29,67869.64,-0.38,12350000.0,247.0,3393482000.0
20260702,20260708,A367760,RISE 네트워크인프라,일반,FnGuide 네트워크 인프라 지수,50000.0,20201029,,773110.0,62600.0,-7.42,62980.96,-0.6,12350000.0,247.0,3149048000.0
20260702,20260709,A367760,RISE 네트워크인프라,일반,FnGuide 네트워크 인프라 지수,50000.0,20201029,,789165.0,63900.0,2.08,63993.79,-0.15,12350000.0,247.0,3199689500.0
20260702,20260703,A367770,RISE 수소경제테마,일반,FnGuide 수소경제테마 지수,50000.0,20201029,,130147.5,24790.0,1.37,24713.65,0.31,5250000.0,105.0,1235682500.0
20260702,20260706,A367770,RISE 수소경제테마,일반,FnGuide 수소경제테마 지수,50000.0,20201029,,128441.25,24465.0,-1.31,24555.45,-0.37,5250000.0,105.0,1227772500.0
20260702,20260707,A367770,RISE 수소경제테마,일반,FnGuide 수소경제테마 지수,50000.0,20201029,,123558.75,23535.0,-3.8,23563.26,-0.12,5250000.0,105.0,1178163000.0
20260702,20260708,A367770,RISE 수소경제테마,일반,FnGuide 수소경제테마 지수,50000.0,20201029,,115920.0,22080.0,-6.18,22184.15,-0.47,5250000.0,105.0,1109207500.0
20260702,20260709,A367770,RISE 수소경제테마,일반,FnGuide 수소경제테마 지수,50000.0,20201029,,113190.0,21560.0,-2.36,21554.03,0.03,5250000.0,105.0,1077701500.0
20260702,20260703,A368190,HANARO Fn K-뉴딜디지털플러스,일반,FnGuide K-뉴딜 디지털 플러스 지수,50000.0,20201110,,24752.0,7735.0,-0.51,7705.29,0.39,3200000.0,64.0,385264500.0
20260702,20260706,A368190,HANARO Fn K-뉴딜디지털플러스,일반,FnGuide K-뉴딜 디지털 플러스 지수,50000.0,20201110,,23920.0,7475.0,-3.36,7566.59,-1.21,3200000.0,64.0,378329500.0
20260702,20260707,A368190,HANARO Fn K-뉴딜디지털플러스,일반,FnGuide K-뉴딜 디지털 플러스 지수,50000.0,20201110,,23888.0,7465.0,-0.13,7521.35,-0.75,3200000.0,64.0,376067500.0
20260702,20260708,A368190,HANARO Fn K-뉴딜디지털플러스,일반,FnGuide K-뉴딜 디지털 플러스 지수,50000.0,20201110,,23248.0,7265.0,-2.68,7231.62,0.46,3200000.0,64.0,361581000.0
20260702,20260709,A368190,HANARO Fn K-뉴딜디지털플러스,일반,FnGuide K-뉴딜 디지털 플러스 지수,50000.0,20201110,,22480.0,7025.0,-3.3,7058.28,-0.47,3200000.0,64.0,352914000.0
20260702,20260703,A368680,KODEX K-뉴딜디지털플러스,일반,FnGuide K-뉴딜 디지털 플러스 지수,100000.0,20201110,,6997.5,7775.0,1.9,7768.18,0.09,900000.0,9.0,776818000.0
20260702,20260706,A368680,KODEX K-뉴딜디지털플러스,일반,FnGuide K-뉴딜 디지털 플러스 지수,100000.0,20201110,,6799.5,7555.0,-2.83,7627.9,-0.96,900000.0,9.0,762790000.0
20260702,20260707,A368680,KODEX K-뉴딜디지털플러스,일반,FnGuide K-뉴딜 디지털 플러스 지수,100000.0,20201110,,6853.5,7615.0,0.79,7582.42,0.43,900000.0,9.0,758242000.0
20260702,20260708,A368680,KODEX K-뉴딜디지털플러스,일반,FnGuide K-뉴딜 디지털 플러스 지수,100000.0,20201110,,6561.0,7290.0,-4.27,7289.26,0.01,900000.0,9.0,728926000.0
20260702,20260709,A368680,KODEX K-뉴딜디지털플러스,일반,FnGuide K-뉴딜 디지털 플러스 지수,100000.0,20201110,,6408.0,7120.0,-2.33,7113.87,0.09,900000.0,9.0,711387000.0
20260702,20260703,A373490,KODEX 코리아혁신성장액티브,일반,FnGuide K-이노베이션 지수,50000.0,20201224,,14500.0,29000.0,2.11,28933.93,0.23,500000.0,10.0,1446696500.0
20260702,20260706,A373490,KODEX 코리아혁신성장액티브,일반,FnGuide K-이노베이션 지수,50000.0,20201224,,14217.5,28435.0,-1.95,28298.46,0.48,500000.0,10.0,1414923000.0
20260702,20260707,A373490,KODEX 코리아혁신성장액티브,일반,FnGuide K-이노베이션 지수,50000.0,20201224,,13577.5,27155.0,-4.5,27060.23,0.35,500000.0,10.0,1353011500.0
20260702,20260708,A373490,KODEX 코리아혁신성장액티브,일반,FnGuide K-이노베이션 지수,50000.0,20201224,,12637.5,25275.0,-6.92,25481.89,-0.81,500000.0,10.0,1274094500.0
20260702,20260709,A373490,KODEX 코리아혁신성장액티브,일반,FnGuide K-이노베이션 지수,50000.0,20201224,,12100.0,24200.0,-4.25,25316.41,-4.41,500000.0,10.0,1265820500.0
20260702,20260703,A375760,HANARO 탄소효율그린뉴딜,일반,KRX/S&P 탄소효율 그린뉴딜지수,100000.0,20210205,,25470.0,28300.0,3.82,28576.86,-0.97,900000.0,9.0,2857686000.0
20260702,20260706,A375760,HANARO 탄소효율그린뉴딜,일반,KRX/S&P 탄소효율 그린뉴딜지수,100000.0,20210205,,25663.5,28515.0,0.76,28429.97,0.3,900000.0,9.0,2842997000.0
20260702,20260707,A375760,HANARO 탄소효율그린뉴딜,일반,KRX/S&P 탄소효율 그린뉴딜지수,100000.0,20210205,,24237.0,26930.0,-5.56,27090.87,-0.59,900000.0,9.0,2709087000.0
20260702,20260708,A375760,HANARO 탄소효율그린뉴딜,일반,KRX/S&P 탄소효율 그린뉴딜지수,100000.0,20210205,,23139.0,25710.0,-4.53,25601.71,0.42,900000.0,9.0,2560171000.0
20260702,20260709,A375760,HANARO 탄소효율그린뉴딜,일반,KRX/S&P 탄소효율 그린뉴딜지수,100000.0,20210205,,22923.0,25470.0,-0.93,25774.93,-1.18,900000.0,9.0,2577493000.0
20260702,20260703,A375770,KODEX 탄소효율그린뉴딜,일반,KRX/S&P 탄소효율 그린뉴딜지수,100000.0,20210205,,52281.0,29045.0,5.24,28932.64,0.39,1800000.0,18.0,2893264000.0
20260702,20260706,A375770,KODEX 탄소효율그린뉴딜,일반,KRX/S&P 탄소효율 그린뉴딜지수,100000.0,20210205,,51957.0,28865.0,-0.62,28785.17,0.28,1800000.0,18.0,2878517000.0
20260702,20260707,A375770,KODEX 탄소효율그린뉴딜,일반,KRX/S&P 탄소효율 그린뉴딜지수,100000.0,20210205,,48834.0,27130.0,-6.01,27439.91,-1.13,1800000.0,18.0,2743991000.0
20260702,20260708,A375770,KODEX 탄소효율그린뉴딜,일반,KRX/S&P 탄소효율 그린뉴딜지수,100000.0,20210205,,46368.0,25760.0,-5.05,25916.88,-0.61,1800000.0,18.0,2591688000.0
20260702,20260709,A375770,KODEX 탄소효율그린뉴딜,일반,KRX/S&P 탄소효율 그린뉴딜지수,100000.0,20210205,,46224.0,25680.0,-0.31,26098.49,-1.6,1800000.0,18.0,2609849000.0
20260702,20260703,A376410,TIGER 탄소효율그린뉴딜,일반,KRX/S&P 탄소효율 그린뉴딜지수,100000.0,20210205,,25848.0,28720.0,6.94,28590.64,0.45,900000.0,9.0,2859064000.0
20260702,20260706,A376410,TIGER 탄소효율그린뉴딜,일반,KRX/S&P 탄소효율 그린뉴딜지수,100000.0,20210205,,25546.5,28385.0,-1.17,28439.0,-0.19,900000.0,9.0,2843900000.0
20260702,20260707,A376410,TIGER 탄소효율그린뉴딜,일반,KRX/S&P 탄소효율 그린뉴딜지수,100000.0,20210205,,24282.0,26980.0,-4.95,27127.36,-0.54,900000.0,9.0,2712736000.0
20260702,20260708,A376410,TIGER 탄소효율그린뉴딜,일반,KRX/S&P 탄소효율 그린뉴딜지수,100000.0,20210205,,23175.0,25750.0,-4.56,25647.44,0.4,900000.0,9.0,2564744000.0
20260702,20260709,A376410,TIGER 탄소효율그린뉴딜,일반,KRX/S&P 탄소효율 그린뉴딜지수,100000.0,20210205,,23179.5,25755.0,0.02,25804.12,-0.19,900000.0,9.0,2580412000.0
20260702,20260703,A377990,TIGER Fn신재생에너지,일반,FnGuide 신재생에너지 지수,50000.0,20210305,,132177.5,26975.0,-3.02,26861.93,0.42,4900000.0,98.0,1343096500.0
20260702,20260706,A377990,TIGER Fn신재생에너지,일반,FnGuide 신재생에너지 지수,50000.0,20210305,,125219.5,25555.0,-5.26,25617.11,-0.24,4900000.0,98.0,1280855500.0
20260702,20260707,A377990,TIGER Fn신재생에너지,일반,FnGuide 신재생에너지 지수,50000.0,20210305,,120491.0,24590.0,-3.78,24597.97,-0.03,4900000.0,98.0,1229898500.0
20260702,20260708,A377990,TIGER Fn신재생에너지,일반,FnGuide 신재생에너지 지수,50000.0,20210305,,110642.0,22580.0,-8.17,22679.67,-0.44,4900000.0,98.0,1133983500.0
20260702,20260709,A377990,TIGER Fn신재생에너지,일반,FnGuide 신재생에너지 지수,50000.0,20210305,,111720.0,22800.0,0.97,22887.99,-0.38,4900000.0,98.0,1144399500.0
20260702,20260703,A380340,ACE 코리아AI테크핵심산업,일반,FnGuide 코리아AI테크핵심산업지수 (Price Return),100000.0,20210402,,38856.0,32380.0,1.95,32345.27,0.11,1200000.0,12.0,3234527000.0
20260702,20260706,A380340,ACE 코리아AI테크핵심산업,일반,FnGuide 코리아AI테크핵심산업지수 (Price Return),100000.0,20210402,,37830.0,31525.0,-2.64,31427.23,0.31,1200000.0,12.0,3142723000.0
20260702,20260707,A380340,ACE 코리아AI테크핵심산업,일반,FnGuide 코리아AI테크핵심산업지수 (Price Return),100000.0,20210402,,35994.0,29995.0,-4.85,30200.17,-0.68,1200000.0,12.0,3020017000.0
20260702,20260708,A380340,ACE 코리아AI테크핵심산업,일반,FnGuide 코리아AI테크핵심산업지수 (Price Return),100000.0,20210402,,33768.0,28140.0,-6.18,28303.24,-0.58,1200000.0,12.0,2830324000.0
20260702,20260709,A380340,ACE 코리아AI테크핵심산업,일반,FnGuide 코리아AI테크핵심산업지수 (Price Return),100000.0,20210402,,33468.0,27890.0,-0.89,28091.52,-0.72,1200000.0,12.0,2809152000.0
20260702,20260703,A381560,HANARO Fn전기&수소차,일반,FnGuide 전기&수소차 지수 (시장가격),50000.0,20210402,,26600.0,19000.0,1.58,18986.02,0.07,1400000.0,28.0,949301000.0
20260702,20260706,A381560,HANARO Fn전기&수소차,일반,FnGuide 전기&수소차 지수 (시장가격),50000.0,20210402,,26453.0,18895.0,-0.55,18835.11,0.32,1400000.0,28.0,941755500.0
20260702,20260707,A381560,HANARO Fn전기&수소차,일반,FnGuide 전기&수소차 지수 (시장가격),50000.0,20210402,,25270.0,18050.0,-4.47,18219.68,-0.93,1400000.0,28.0,910984000.0
20260702,20260708,A381560,HANARO Fn전기&수소차,일반,FnGuide 전기&수소차 지수 (시장가격),50000.0,20210402,,24458.0,17470.0,-3.21,17504.92,-0.2,1400000.0,28.0,875245999.9999999
20260702,20260709,A381560,HANARO Fn전기&수소차,일반,FnGuide 전기&수소차 지수 (시장가격),50000.0,20210402,,23786.0,16990.0,-2.75,16994.88,-0.03,1400000.0,28.0,849744000.0
20260702,20260703,A381570,HANARO Fn친환경에너지,일반,FnGuide 친환경에너지 지수 (시장가격),50000.0,20210402,,8742.25,10285.0,-1.01,10239.15,0.45,850000.0,17.0,511957500.0
20260702,20260706,A381570,HANARO Fn친환경에너지,일반,FnGuide 친환경에너지 지수 (시장가격),50000.0,20210402,,8415.0,9900.0,-3.74,9962.73,-0.63,850000.0,17.0,498136500.0
20260702,20260707,A381570,HANARO Fn친환경에너지,일반,FnGuide 친환경에너지 지수 (시장가격),50000.0,20210402,,8194.0,9640.0,-2.63,9660.51,-0.21,850000.0,17.0,483025500.0
20260702,20260708,A381570,HANARO Fn친환경에너지,일반,FnGuide 친환경에너지 지수 (시장가격),50000.0,20210402,,7735.0,9100.0,-5.6,9102.42,-0.03,850000.0,17.0,455121000.0
20260702,20260709,A381570,HANARO Fn친환경에너지,일반,FnGuide 친환경에너지 지수 (시장가격),50000.0,20210402,,7718.0,9080.0,-0.22,9067.67,0.14,850000.0,17.0,453383500.0
20260702,20260703,A385510,KODEX 신재생에너지액티브,일반,FnGuide K-신재생에너지플러스 지수,50000.0,20210525,,320182.5,38810.0,-1.28,38642.68,0.43,8250000.0,165.0,1932134000.0
20260702,20260706,A385510,KODEX 신재생에너지액티브,일반,FnGuide K-신재생에너지플러스 지수,50000.0,20210525,,310380.0,36950.0,-4.79,36844.12,0.29,8400000.0,168.0,1842206000.0000002
20260702,20260707,A385510,KODEX 신재생에너지액티브,일반,FnGuide K-신재생에너지플러스 지수,50000.0,20210525,,299670.0,35675.0,-3.45,35902.42,-0.63,8400000.0,168.0,1795121000.0
20260702,20260708,A385510,KODEX 신재생에너지액티브,일반,FnGuide K-신재생에너지플러스 지수,50000.0,20210525,,279468.0,33270.0,-6.74,33332.2,-0.19,8400000.0,168.0,1666609999.9999998
20260702,20260709,A385510,KODEX 신재생에너지액티브,일반,FnGuide K-신재생에너지플러스 지수,50000.0,20210525,,283668.0,33770.0,1.5,33439.28,0.99,8400000.0,168.0,1671964000.0
20260702,20260703,A385520,KODEX 자율주행액티브,일반,FnGuide K-미래차 지수,50000.0,20210525,,37159.5,17695.0,1.96,17631.68,0.36,2100000.0,42.0,881584000.0
20260702,20260706,A385520,KODEX 자율주행액티브,일반,FnGuide K-미래차 지수,50000.0,20210525,,36267.0,17270.0,-2.4,17381.3,-0.64,2100000.0,42.0,869065000.0
20260702,20260707,A385520,KODEX 자율주행액티브,일반,FnGuide K-미래차 지수,50000.0,20210525,,35311.5,16815.0,-2.63,16757.76,0.34,2100000.0,42.0,837887999.9999999
20260702,20260708,A385520,KODEX 자율주행액티브,일반,FnGuide K-미래차 지수,50000.0,20210525,,33432.0,15920.0,-5.32,16018.04,-0.61,2100000.0,42.0,800902000.0
20260702,20260709,A385520,KODEX 자율주행액티브,일반,FnGuide K-미래차 지수,50000.0,20210525,,33222.0,15820.0,-0.63,15924.57,-0.66,2100000.0,42.0,796228500.0
20260702,20260703,A385590,ACE ESG액티브,일반,MSCI Korea Country ESG Leaders Custom Capped Price return Index,100000.0,20210525,,64020.5,27835.0,5.94,27789.8,0.16,2300000.0,23.0,2778980000.0
20260702,20260706,A385590,ACE ESG액티브,일반,MSCI Korea Country ESG Leaders Custom Capped Price return Index,100000.0,20210525,,62974.0,27380.0,-1.63,27450.73,-0.26,2300000.0,23.0,2745073000.0
20260702,20260707,A385590,ACE ESG액티브,일반,MSCI Korea Country ESG Leaders Custom Capped Price return Index,100000.0,20210525,,59374.5,25815.0,-5.72,26124.83,-1.19,2300000.0,23.0,2612483000.0
20260702,20260708,A385590,ACE ESG액티브,일반,MSCI Korea Country ESG Leaders Custom Capped Price return Index,100000.0,20210525,,56844.5,24715.0,-4.26,24705.19,0.04,2300000.0,23.0,2470519000.0
20260702,20260709,A385590,ACE ESG액티브,일반,MSCI Korea Country ESG Leaders Custom Capped Price return Index,100000.0,20210525,,56465.0,24550.0,-0.67,24897.63,-1.4,2300000.0,23.0,2489763000.0
20260702,20260703,A385600,ACE 2차전지&친환경차액티브,일반,FnGuide 친환경자동차밸류체인 지수,100000.0,20210525,,18975.0,12650.0,0.88,12593.93,0.45,1500000.0,15.0,1259393000.0
20260702,20260706,A385600,ACE 2차전지&친환경차액티브,일반,FnGuide 친환경자동차밸류체인 지수,100000.0,20210525,,18607.5,12405.0,-1.94,12474.86,-0.56,1500000.0,15.0,1247486000.0
20260702,20260707,A385600,ACE 2차전지&친환경차액티브,일반,FnGuide 친환경자동차밸류체인 지수,100000.0,20210525,,18030.0,12020.0,-3.1,12102.24,-0.68,1500000.0,15.0,1210224000.0
20260702,20260708,A385600,ACE 2차전지&친환경차액티브,일반,FnGuide 친환경자동차밸류체인 지수,100000.0,20210525,,17512.5,11675.0,-2.87,11655.29,0.17,1500000.0,15.0,1165529000.0
20260702,20260709,A385600,ACE 2차전지&친환경차액티브,일반,FnGuide 친환경자동차밸류체인 지수,100000.0,20210525,,16897.5,11265.0,-3.51,11355.46,-0.8,1500000.0,15.0,1135546000.0
20260702,20260703,A385710,TIME K이노베이션액티브,일반,KRX BBIG 지수,100000.0,20210525,,12155.0,12155.0,0.45,12205.17,-0.41,1000000.0,10.0,1220517000.0
20260702,20260706,A385710,TIME K이노베이션액티브,일반,KRX BBIG 지수,100000.0,20210525,,11800.0,11800.0,-2.92,11779.07,0.18,1000000.0,10.0,1177907000.0
20260702,20260707,A385710,TIME K이노베이션액티브,일반,KRX BBIG 지수,100000.0,20210525,,11425.0,11425.0,-3.18,11405.64,0.17,1000000.0,10.0,1140564000.0
20260702,20260708,A385710,TIME K이노베이션액티브,일반,KRX BBIG 지수,100000.0,20210525,,10805.0,10805.0,-5.43,10858.23,-0.49,1000000.0,10.0,1085823000.0
20260702,20260709,A385710,TIME K이노베이션액티브,일반,KRX BBIG 지수,100000.0,20210525,,10615.0,10615.0,-1.76,10699.25,-0.79,1000000.0,10.0,1069925000.0
20260702,20260703,A385720,TIME 코스피액티브,일반,코스피지수,100000.0,20210525,,454524.0,30920.0,3.53,30778.73,0.46,14700000.0,147.0,3077873000.0
20260702,20260706,A385720,TIME 코스피액티브,일반,코스피지수,100000.0,20210525,,445042.5,30275.0,-2.09,30210.25,0.21,14700000.0,147.0,3021025000.0
20260702,20260707,A385720,TIME 코스피액티브,일반,코스피지수,100000.0,20210525,,426684.0,28830.0,-4.77,29096.93,-0.92,14800000.0,148.0,2909693000.0
20260702,20260708,A385720,TIME 코스피액티브,일반,코스피지수,100000.0,20210525,,408036.0,27570.0,-4.37,27445.69,0.45,14800000.0,148.0,2744569000.0
20260702,20260709,A385720,TIME 코스피액티브,일반,코스피지수,100000.0,20210525,,410346.0,27540.0,-0.11,27492.6,0.17,14900000.0,149.0,2749260000.0
20260702,20260703,A387280,TIGER 퓨처모빌리티액티브,일반,FnGuide 퓨처모빌리티 지수,10000.0,20210525,,17493.0,12495.0,1.63,12541.43,-0.37,1400000.0,140.0,125414300.0
20260702,20260706,A387280,TIGER 퓨처모빌리티액티브,일반,FnGuide 퓨처모빌리티 지수,10000.0,20210525,,17185.0,12275.0,-1.76,12323.88,-0.4,1400000.0,140.0,123238799.99999999
20260702,20260707,A387280,TIGER 퓨처모빌리티액티브,일반,FnGuide 퓨처모빌리티 지수,10000.0,20210525,,16443.0,11745.0,-4.32,11827.27,-0.7,1400000.0,140.0,118272700.0
20260702,20260708,A387280,TIGER 퓨처모빌리티액티브,일반,FnGuide 퓨처모빌리티 지수,10000.0,20210525,,15680.0,11200.0,-4.64,11218.07,-0.16,1400000.0,140.0,112180700.0
20260702,20260709,A387280,TIGER 퓨처모빌리티액티브,일반,FnGuide 퓨처모빌리티 지수,10000.0,20210525,,15435.0,11025.0,-1.56,11106.79,-0.74,1400000.0,140.0,111067900.00000001
20260702,20260703,A388280,RISE K엔터&여행레저,일반,FnGuide K엔터&여행레저 지수,20000.0,20210610,,28779.3,8415.0,-1.35,8392.37,0.27,3420000.0,171.0,167847400.00000003
20260702,20260706,A388280,RISE K엔터&여행레저,일반,FnGuide K엔터&여행레저 지수,20000.0,20210610,,28745.1,8405.0,-0.12,8446.91,-0.5,3420000.0,171.0,168938200.0
20260702,20260707,A388280,RISE K엔터&여행레저,일반,FnGuide K엔터&여행레저 지수,20000.0,20210610,,29377.8,8590.0,2.2,8640.26,-0.58,3420000.0,171.0,172805200.0
20260702,20260708,A388280,RISE K엔터&여행레저,일반,FnGuide K엔터&여행레저 지수,20000.0,20210610,,28135.0,8275.0,-3.67,8329.47,-0.65,3400000.0,170.0,166589400.0
20260702,20260709,A388280,RISE K엔터&여행레저,일반,FnGuide K엔터&여행레저 지수,20000.0,20210610,,27183.0,7995.0,-3.38,8047.23,-0.65,3400000.0,170.0,160944600.0
20260702,20260703,A388420,RISE 비메모리반도체액티브,일반,iSelect 비메모리반도체 지수(시장가격지수),20000.0,20210610,,306465.9,34905.0,4.82,34820.94,0.24,8780000.0,439.0,696418800.0
20260702,20260706,A388420,RISE 비메모리반도체액티브,일반,iSelect 비메모리반도체 지수(시장가격지수),20000.0,20210610,,295929.9,33705.0,-3.44,33753.54,-0.14,8780000.0,439.0,675070800.0
20260702,20260707,A388420,RISE 비메모리반도체액티브,일반,iSelect 비메모리반도체 지수(시장가격지수),20000.0,20210610,,281127.8,31730.0,-5.86,31631.76,0.31,8860000.0,443.0,632635200.0
20260702,20260708,A388420,RISE 비메모리반도체액티브,일반,iSelect 비메모리반도체 지수(시장가격지수),20000.0,20210610,,265484.8,29630.0,-6.62,29631.3,0.0,8960000.0,448.0,592626000.0
20260702,20260709,A388420,RISE 비메모리반도체액티브,일반,iSelect 비메모리반도체 지수(시장가격지수),20000.0,20210610,,273844.0,30700.0,3.61,30733.46,-0.11,8920000.0,446.0,614669200.0
20260702,20260703,A391670,HK 베스트일레븐액티브,일반,코스피 200,50000.0,20210706,,22633.0,34820.0,4.08,35245.58,-1.21,650000.0,13.0,1762279000.0
20260702,20260706,A391670,HK 베스트일레븐액티브,일반,코스피 200,50000.0,20210706,,22571.25,34725.0,-0.27,34739.99,-0.04,650000.0,13.0,1736999500.0
20260702,20260707,A391670,HK 베스트일레븐액티브,일반,코스피 200,50000.0,20210706,,21076.25,32425.0,-6.62,32622.65,-0.61,650000.0,13.0,1631132500.0
20260702,20260708,A391670,HK 베스트일레븐액티브,일반,코스피 200,50000.0,20210706,,19763.25,30405.0,-6.23,30546.35,-0.46,650000.0,13.0,1527317500.0
20260702,20260709,A391670,HK 베스트일레븐액티브,일반,코스피 200,50000.0,20210706,,20120.75,30955.0,1.81,30880.59,0.24,650000.0,13.0,1544029500.0
20260702,20260703,A395150,KODEX 웹툰&드라마,일반,FnGuide 웹툰&드라마 지수,100000.0,20210730,,9204.0,1770.0,-0.06,1772.93,-0.17,5200000.0,52.0,177293000.0
20260702,20260706,A395150,KODEX 웹툰&드라마,일반,FnGuide 웹툰&드라마 지수,100000.0,20210730,,9188.4,1767.0,-0.17,1778.39,-0.64,5200000.0,52.0,177839000.0
20260702,20260707,A395150,KODEX 웹툰&드라마,일반,FnGuide 웹툰&드라마 지수,100000.0,20210730,,9339.2,1796.0,1.64,1802.96,-0.39,5200000.0,52.0,180296000.0
20260702,20260708,A395150,KODEX 웹툰&드라마,일반,FnGuide 웹툰&드라마 지수,100000.0,20210730,,9178.0,1765.0,-1.73,1768.7,-0.21,5200000.0,52.0,176870000.0
20260702,20260709,A395150,KODEX 웹툰&드라마,일반,FnGuide 웹툰&드라마 지수,100000.0,20210730,,9183.2,1766.0,0.06,1781.81,-0.89,5200000.0,52.0,178181000.0
20260702,20260703,A395160,KODEX AI반도체TOP2플러스,일반,FnGuide AI반도체 TOP2+ 지수,100000.0,20210730,,4972616.0,53240.0,5.43,53122.34,0.22,93400000.0,934.0,5312234000.0
20260702,20260706,A395160,KODEX AI반도체TOP2플러스,일반,FnGuide AI반도체 TOP2+ 지수,100000.0,20210730,,4856757.0,51070.0,-4.08,51194.59,-0.24,95100000.0,951.0,5119459000.0
20260702,20260707,A395160,KODEX AI반도체TOP2플러스,일반,FnGuide AI반도체 TOP2+ 지수,100000.0,20210730,,4561110.0,46925.0,-8.12,47293.9,-0.78,97200000.0,972.0,4729390000.0
20260702,20260708,A395160,KODEX AI반도체TOP2플러스,일반,FnGuide AI반도체 TOP2+ 지수,100000.0,20210730,,4282191.0,43965.0,-6.31,44024.14,-0.13,97400000.0,974.0,4402414000.0
20260702,20260709,A395160,KODEX AI반도체TOP2플러스,일반,FnGuide AI반도체 TOP2+ 지수,100000.0,20210730,,4424231.0,45470.0,3.42,45354.66,0.25,97300000.0,973.0,4535466000.0
20260702,20260703,A395170,KODEX Top10동일가중,일반,FnGuide TOP10 동일가중 지수,100000.0,20210730,,38790.0,19395.0,4.36,19419.89,-0.13,2000000.0,20.0,1941989000.0
20260702,20260706,A395170,KODEX Top10동일가중,일반,FnGuide TOP10 동일가중 지수,100000.0,20210730,,38450.0,19225.0,-0.88,19295.47,-0.37,2000000.0,20.0,1929547000.0
20260702,20260707,A395170,KODEX Top10동일가중,일반,FnGuide TOP10 동일가중 지수,100000.0,20210730,,36130.0,18065.0,-6.03,18069.97,-0.03,2000000.0,20.0,1806997000.0
20260702,20260708,A395170,KODEX Top10동일가중,일반,FnGuide TOP10 동일가중 지수,100000.0,20210730,,33800.0,16900.0,-6.45,16976.61,-0.45,2000000.0,20.0,1697661000.0
20260702,20260709,A395170,KODEX Top10동일가중,일반,FnGuide TOP10 동일가중 지수,100000.0,20210730,,33680.0,16840.0,-0.36,16842.65,-0.02,2000000.0,20.0,1684265000.0000002
20260702,20260703,A395270,HANARO Fn K-반도체,일반,FnGuide K-반도체 지수 (시장가격),50000.0,20210730,,5260654.5,75045.0,5.73,74700.92,0.46,70100000.0,1402.0,3735046000.0
20260702,20260706,A395270,HANARO Fn K-반도체,일반,FnGuide K-반도체 지수 (시장가격),50000.0,20210730,,5007345.0,72100.0,-3.92,72076.87,0.03,69450000.0,1389.0,3603843500.0
20260702,20260707,A395270,HANARO Fn K-반도체,일반,FnGuide K-반도체 지수 (시장가격),50000.0,20210730,,4643614.5,66290.0,-8.06,66657.01,-0.55,70050000.0,1401.0,3332850499.9999995
20260702,20260708,A395270,HANARO Fn K-반도체,일반,FnGuide K-반도체 지수 (시장가격),50000.0,20210730,,4166723.75,61775.0,-6.81,62132.75,-0.58,67450000.0,1349.0,3106637500.0
20260702,20260709,A395270,HANARO Fn K-반도체,일반,FnGuide K-반도체 지수 (시장가격),50000.0,20210730,,4239222.75,64085.0,3.74,64039.44,0.07,66150000.0,1323.0,3201972000.0
20260702,20260703,A395280,HANARO Fn K-게임,일반,FnGuide K-게임 지수 (시장가격),50000.0,20210730,,8928.0,3720.0,-1.98,3730.78,-0.29,2400000.0,48.0,186539000.0
20260702,20260706,A395280,HANARO Fn K-게임,일반,FnGuide K-게임 지수 (시장가격),50000.0,20210730,,8784.0,3660.0,-1.61,3705.02,-1.22,2400000.0,48.0,185251000.0
20260702,20260707,A395280,HANARO Fn K-게임,일반,FnGuide K-게임 지수 (시장가격),50000.0,20210730,,9000.0,3750.0,2.46,3796.8,-1.23,2400000.0,48.0,189840000.0
20260702,20260708,A395280,HANARO Fn K-게임,일반,FnGuide K-게임 지수 (시장가격),50000.0,20210730,,9108.0,3795.0,1.2,3776.98,0.48,2400000.0,48.0,188849000.0
20260702,20260709,A395280,HANARO Fn K-게임,일반,FnGuide K-게임 지수 (시장가격),50000.0,20210730,,9192.0,3830.0,0.92,3705.01,3.37,2400000.0,48.0,185250500.0
20260702,20260703,A395290,HANARO Fn K-POP&미디어,일반,FnGuide K-POP&미디어 지수 (시장가격),50000.0,20210730,,34437.5,5510.0,-3.67,5510.13,0.0,6250000.0,125.0,275506500.0
20260702,20260706,A395290,HANARO Fn K-POP&미디어,일반,FnGuide K-POP&미디어 지수 (시장가격),50000.0,20210730,,34937.0,5635.0,2.27,5638.74,-0.07,6200000.0,124.0,281937000.0
20260702,20260707,A395290,HANARO Fn K-POP&미디어,일반,FnGuide K-POP&미디어 지수 (시장가격),50000.0,20210730,,36394.0,5870.0,4.17,5862.18,0.13,6200000.0,124.0,293109000.0
20260702,20260708,A395290,HANARO Fn K-POP&미디어,일반,FnGuide K-POP&미디어 지수 (시장가격),50000.0,20210730,,35718.75,5715.0,-2.64,5705.92,0.16,6250000.0,125.0,285296000.0
20260702,20260709,A395290,HANARO Fn K-POP&미디어,일반,FnGuide K-POP&미디어 지수 (시장가격),50000.0,20210730,,34562.5,5530.0,-3.24,5494.12,0.65,6250000.0,125.0,274706000.0
20260702,20260703,A395750,PLUS ESG가치주액티브,일반,FnGuide 한화 ESG Value 지수,50000.0,20210730,,9672.0,24180.0,4.36,24147.99,0.13,400000.0,8.0,1207399500.0
20260702,20260706,A395750,PLUS ESG가치주액티브,일반,FnGuide 한화 ESG Value 지수,50000.0,20210730,,9508.0,23770.0,-1.7,23987.47,-0.91,400000.0,8.0,1199373500.0
20260702,20260707,A395750,PLUS ESG가치주액티브,일반,FnGuide 한화 ESG Value 지수,50000.0,20210730,,9114.0,22785.0,-4.14,22967.07,-0.79,400000.0,8.0,1148353500.0
20260702,20260708,A395750,PLUS ESG가치주액티브,일반,FnGuide 한화 ESG Value 지수,50000.0,20210730,,8692.0,21730.0,-4.63,21811.04,-0.37,400000.0,8.0,1090552000.0
20260702,20260709,A395750,PLUS ESG가치주액티브,일반,FnGuide 한화 ESG Value 지수,50000.0,20210730,,8788.0,21970.0,1.1,21897.33,0.33,400000.0,8.0,1094866500.0
20260702,20260703,A395760,PLUS ESG성장주액티브,일반,FnGuide 한화 ESG Growth 지수,50000.0,20210730,,14901.0,24835.0,4.13,24810.75,0.1,600000.0,12.0,1240537500.0
20260702,20260706,A395760,PLUS ESG성장주액티브,일반,FnGuide 한화 ESG Growth 지수,50000.0,20210730,,14718.0,24530.0,-1.23,24663.92,-0.54,600000.0,12.0,1233196000.0
20260702,20260707,A395760,PLUS ESG성장주액티브,일반,FnGuide 한화 ESG Growth 지수,50000.0,20210730,,13764.0,22940.0,-6.48,23601.67,-2.8,600000.0,12.0,1180083500.0
20260702,20260708,A395760,PLUS ESG성장주액티브,일반,FnGuide 한화 ESG Growth 지수,50000.0,20210730,,13347.0,22245.0,-3.03,22302.43,-0.26,600000.0,12.0,1115121500.0
20260702,20260709,A395760,PLUS ESG성장주액티브,일반,FnGuide 한화 ESG Growth 지수,50000.0,20210730,,13395.0,22325.0,0.36,22381.23,-0.25,600000.0,12.0,1119061500.0
20260702,20260703,A396500,TIGER 반도체TOP10,일반,FnGuide 반도체TOP10 지수,50000.0,20210810,,11166795.0,45700.0,4.23,45601.1,0.22,244350000.0,4887.0,2280055000.0
20260702,20260706,A396500,TIGER 반도체TOP10,일반,FnGuide 반도체TOP10 지수,50000.0,20210810,,10895825.0,44500.0,-2.63,44427.78,0.16,244850000.0,4897.0,2221389000.0
20260702,20260707,A396500,TIGER 반도체TOP10,일반,FnGuide 반도체TOP10 지수,50000.0,20210810,,10234106.25,41375.0,-7.02,41410.87,-0.09,247350000.0,4947.0,2070543500.0000002
20260702,20260708,A396500,TIGER 반도체TOP10,일반,FnGuide 반도체TOP10 지수,50000.0,20210810,,9599820.0,38600.0,-6.71,38794.48,-0.5,248700000.0,4974.0,1939724000.0000002
20260702,20260709,A396500,TIGER 반도체TOP10,일반,FnGuide 반도체TOP10 지수,50000.0,20210810,,10046517.0,40170.0,4.07,40246.66,-0.19,250100000.0,5002.0,2012333000.0000002
20260702,20260703,A400970,TIGER Fn메타버스,일반,FnGuide 메타버스테마 지수,50000.0,20211013,,42978.0,8265.0,-1.96,8304.77,-0.48,5200000.0,104.0,415238500.0
20260702,20260706,A400970,TIGER Fn메타버스,일반,FnGuide 메타버스테마 지수,50000.0,20211013,,43134.0,8295.0,0.36,8288.78,0.08,5200000.0,104.0,414439000.00000006
20260702,20260707,A400970,TIGER Fn메타버스,일반,FnGuide 메타버스테마 지수,50000.0,20211013,,43758.0,8415.0,1.45,8439.47,-0.29,5200000.0,104.0,421973499.99999994
20260702,20260708,A400970,TIGER Fn메타버스,일반,FnGuide 메타버스테마 지수,50000.0,20211013,,43342.0,8335.0,-0.95,8321.03,0.17,5200000.0,104.0,416051500.00000006
20260702,20260709,A400970,TIGER Fn메타버스,일반,FnGuide 메타버스테마 지수,50000.0,20211013,,42042.0,8085.0,-3.0,8044.6,0.5,5200000.0,104.0,402230000.0
20260702,20260703,A401170,RISE 메타버스,일반,iSelect 메타버스 지수(시장가격지수),20000.0,20211013,,50306.4,12330.0,-1.95,12372.56,-0.34,4080000.0,204.0,247451200.0
20260702,20260706,A401170,RISE 메타버스,일반,iSelect 메타버스 지수(시장가격지수),20000.0,20211013,,50184.0,12300.0,-0.24,12269.55,0.25,4080000.0,204.0,245391000.0
20260702,20260707,A401170,RISE 메타버스,일반,iSelect 메타버스 지수(시장가격지수),20000.0,20211013,,49651.6,12290.0,-0.08,12338.39,-0.39,4040000.0,202.0,246767800.0
20260702,20260708,A401170,RISE 메타버스,일반,iSelect 메타버스 지수(시장가격지수),20000.0,20211013,,48944.6,12115.0,-1.42,12078.86,0.3,4040000.0,202.0,241577200.0
20260702,20260709,A401170,RISE 메타버스,일반,iSelect 메타버스 지수(시장가격지수),20000.0,20211013,,47369.0,11725.0,-3.22,11705.77,0.16,4040000.0,202.0,234115400.0
20260702,20260703,A401470,KODEX 메타버스액티브,일반,FnGuide K-메타버스 지수,50000.0,20211013,,62067.5,10175.0,2.26,10213.17,-0.37,6100000.0,122.0,510658500.0
20260702,20260706,A401470,KODEX 메타버스액티브,일반,FnGuide K-메타버스 지수,50000.0,20211013,,62220.0,10200.0,0.25,10246.26,-0.45,6100000.0,122.0,512313000.0
20260702,20260707,A401470,KODEX 메타버스액티브,일반,FnGuide K-메타버스 지수,50000.0,20211013,,62586.0,10260.0,0.59,10309.54,-0.48,6100000.0,122.0,515477000.00000006
20260702,20260708,A401470,KODEX 메타버스액티브,일반,FnGuide K-메타버스 지수,50000.0,20211013,,61213.5,10035.0,-2.19,10039.44,-0.04,6100000.0,122.0,501972000.0
20260702,20260709,A401470,KODEX 메타버스액티브,일반,FnGuide K-메타버스 지수,50000.0,20211013,,61000.0,10000.0,-0.35,9883.22,1.18,6100000.0,122.0,494160999.99999994
20260702,20260703,A402460,HANARO Fn K-메타버스MZ,일반,FnGuide K-메타버스 MZ 지수(시장가격),50000.0,20211013,,8648.75,15725.0,-0.47,15729.08,-0.03,550000.0,11.0,786454000.0
20260702,20260706,A402460,HANARO Fn K-메타버스MZ,일반,FnGuide K-메타버스 MZ 지수(시장가격),50000.0,20211013,,8560.75,15565.0,-1.02,15521.2,0.28,550000.0,11.0,776060000.0
20260702,20260707,A402460,HANARO Fn K-메타버스MZ,일반,FnGuide K-메타버스 MZ 지수(시장가격),50000.0,20211013,,8475.5,15410.0,-1.0,15515.53,-0.68,550000.0,11.0,775776500.0
20260702,20260708,A402460,HANARO Fn K-메타버스MZ,일반,FnGuide K-메타버스 MZ 지수(시장가격),50000.0,20211013,,8338.0,15160.0,-1.62,15213.96,-0.35,550000.0,11.0,760698000.0
20260702,20260709,A402460,HANARO Fn K-메타버스MZ,일반,FnGuide K-메타버스 MZ 지수(시장가격),50000.0,20211013,,8145.5,14810.0,-2.31,15080.01,-1.79,550000.0,11.0,754000500.0
20260702,20260703,A403790,MIDAS 코스피액티브,일반,코스피지수,75000.0,20211013,,197554.5,67540.0,5.01,67581.81,-0.06,2925000.0,39.0,5068635750.0
20260702,20260706,A403790,MIDAS 코스피액티브,일반,코스피지수,75000.0,20211013,,197086.5,67380.0,-0.24,67526.83,-0.22,2925000.0,39.0,5064512250.0
20260702,20260707,A403790,MIDAS 코스피액티브,일반,코스피지수,75000.0,20211013,,189057.38,64635.0,-4.07,64339.0,0.46,2925000.0,39.0,4825425000.0
20260702,20260708,A403790,MIDAS 코스피액티브,일반,코스피지수,75000.0,20211013,,179200.13,61265.0,-5.21,61174.27,0.15,2925000.0,39.0,4588070250.0
20260702,20260709,A403790,MIDAS 코스피액티브,일반,코스피지수,75000.0,20211013,,179448.75,61350.0,0.14,61440.87,-0.15,2925000.0,39.0,4608065250.0
20260702,20260703,A404120,TIME K신재생에너지액티브,일반,KRX 기후변화 솔루션지수,100000.0,20211029,,19162.5,27375.0,-0.33,27543.48,-0.61,700000.0,7.0,2754348000.0
20260702,20260706,A404120,TIME K신재생에너지액티브,일반,KRX 기후변화 솔루션지수,100000.0,20211029,,18875.5,26965.0,-1.5,27055.45,-0.33,700000.0,7.0,2705545000.0
20260702,20260707,A404120,TIME K신재생에너지액티브,일반,KRX 기후변화 솔루션지수,100000.0,20211029,,17990.0,25700.0,-4.69,25822.14,-0.47,700000.0,7.0,2582214000.0
20260702,20260708,A404120,TIME K신재생에너지액티브,일반,KRX 기후변화 솔루션지수,100000.0,20211029,,16884.0,24120.0,-6.15,24212.83,-0.38,700000.0,7.0,2421283000.0
20260702,20260709,A404120,TIME K신재생에너지액티브,일반,KRX 기후변화 솔루션지수,100000.0,20211029,,16821.0,24030.0,-0.37,24210.54,-0.75,700000.0,7.0,2421054000.0
20260702,20260703,A404260,KODEX 기후변화솔루션,일반,KRX 기후변화 솔루션지수,100000.0,20211029,,23530.5,26145.0,-0.53,26175.89,-0.12,900000.0,9.0,2617589000.0
20260702,20260706,A404260,KODEX 기후변화솔루션,일반,KRX 기후변화 솔루션지수,100000.0,20211029,,23359.5,25955.0,-0.73,25901.42,0.21,900000.0,9.0,2590142000.0
20260702,20260707,A404260,KODEX 기후변화솔루션,일반,KRX 기후변화 솔루션지수,100000.0,20211029,,22266.0,24740.0,-4.68,24735.35,0.02,900000.0,9.0,2473535000.0
20260702,20260708,A404260,KODEX 기후변화솔루션,일반,KRX 기후변화 솔루션지수,100000.0,20211029,,20898.0,23220.0,-6.14,23385.45,-0.71,900000.0,9.0,2338545000.0
20260702,20260709,A404260,KODEX 기후변화솔루션,일반,KRX 기후변화 솔루션지수,100000.0,20211029,,20466.0,22740.0,-2.07,23215.25,-2.05,900000.0,9.0,2321525000.0
20260702,20260703,A404540,TIGER KRX기후변화솔루션,일반,KRX 기후변화 솔루션지수,50000.0,20211029,,14522.75,26405.0,1.11,26390.0,0.06,550000.0,11.0,1319500000.0
20260702,20260706,A404540,TIGER KRX기후변화솔루션,일반,KRX 기후변화 솔루션지수,50000.0,20211029,,10376.0,25940.0,-1.76,26111.0,-0.65,400000.0,8.0,1305550000.0
20260702,20260707,A404540,TIGER KRX기후변화솔루션,일반,KRX 기후변화 솔루션지수,50000.0,20211029,,9900.0,24750.0,-4.59,24933.51,-0.74,400000.0,8.0,1246675500.0
20260702,20260708,A404540,TIGER KRX기후변화솔루션,일반,KRX 기후변화 솔루션지수,50000.0,20211029,,9360.0,23400.0,-5.45,23567.83,-0.71,400000.0,8.0,1178391500.0
20260702,20260709,A404540,TIGER KRX기후변화솔루션,일반,KRX 기후변화 솔루션지수,50000.0,20211029,,9326.0,23315.0,-0.36,23398.19,-0.36,400000.0,8.0,1169909500.0
20260702,20260703,A404650,SOL KRX기후변화솔루션,일반,KRX 기후변화 솔루션지수,100000.0,20211029,,15642.0,26070.0,-1.25,26172.36,-0.39,600000.0,6.0,2617236000.0
20260702,20260706,A404650,SOL KRX기후변화솔루션,일반,KRX 기후변화 솔루션지수,100000.0,20211029,,15555.0,25925.0,-0.56,25904.92,0.08,600000.0,6.0,2590492000.0
20260702,20260707,A404650,SOL KRX기후변화솔루션,일반,KRX 기후변화 솔루션지수,100000.0,20211029,,14829.0,24715.0,-4.67,24734.73,-0.08,600000.0,6.0,2473473000.0
20260702,20260708,A404650,SOL KRX기후변화솔루션,일반,KRX 기후변화 솔루션지수,100000.0,20211029,,13965.0,23275.0,-5.83,23381.58,-0.46,600000.0,6.0,2338158000.0
20260702,20260709,A404650,SOL KRX기후변화솔루션,일반,KRX 기후변화 솔루션지수,100000.0,20211029,,13836.0,23060.0,-0.92,23212.78,-0.66,600000.0,6.0,2321278000.0
20260702,20260703,A407300,HANARO Fn골프테마,일반,FnGuide 골프 테마 지수(시장가격),50000.0,20211124,,6575.25,11955.0,0.8,12034.46,-0.66,550000.0,11.0,601723000.0
20260702,20260706,A407300,HANARO Fn골프테마,일반,FnGuide 골프 테마 지수(시장가격),50000.0,20211124,,6547.75,11905.0,-0.42,11981.34,-0.64,550000.0,11.0,599067000.0
20260702,20260707,A407300,HANARO Fn골프테마,일반,FnGuide 골프 테마 지수(시장가격),50000.0,20211124,,6429.5,11690.0,-1.81,11803.02,-0.96,550000.0,11.0,590151000.0
20260702,20260708,A407300,HANARO Fn골프테마,일반,FnGuide 골프 테마 지수(시장가격),50000.0,20211124,,6270.0,11400.0,-2.48,11279.39,1.07,550000.0,11.0,563969500.0
20260702,20260709,A407300,HANARO Fn골프테마,일반,FnGuide 골프 테마 지수(시장가격),50000.0,20211124,,6110.5,11110.0,-2.54,11183.86,-0.66,550000.0,11.0,559193000.0
20260702,20260703,A407310,HANARO 200 TOP10,일반,KOSPI 200 Top 10 지수(시장가격),50000.0,20211124,,23448.0,19540.0,3.14,19607.17,-0.34,1200000.0,24.0,980358499.9999999
20260702,20260706,A407310,HANARO 200 TOP10,일반,KOSPI 200 Top 10 지수(시장가격),50000.0,20211124,,23430.0,19525.0,-0.08,19489.43,0.18,1200000.0,24.0,974471500.0
20260702,20260707,A407310,HANARO 200 TOP10,일반,KOSPI 200 Top 10 지수(시장가격),50000.0,20211124,,22266.0,18555.0,-4.97,18524.99,0.16,1200000.0,24.0,926249500.0000001
20260702,20260708,A407310,HANARO 200 TOP10,일반,KOSPI 200 Top 10 지수(시장가격),50000.0,20211124,,21108.0,17590.0,-5.2,17565.01,0.14,1200000.0,24.0,878250499.9999999
20260702,20260709,A407310,HANARO 200 TOP10,일반,KOSPI 200 Top 10 지수(시장가격),50000.0,20211124,,20778.0,17315.0,-1.56,17280.41,0.2,1200000.0,24.0,864020500.0
20260702,20260703,A407820,에셋플러스 코리아플랫폼액티브,일반,FnGuide 플랫폼 지수(Price Return),100000.0,20211116,,12897.0,7165.0,1.34,7139.24,0.36,1800000.0,18.0,713924000.0
20260702,20260706,A407820,에셋플러스 코리아플랫폼액티브,일반,FnGuide 플랫폼 지수(Price Return),100000.0,20211116,,12672.0,7040.0,-1.74,7020.29,0.28,1800000.0,18.0,702029000.0
20260702,20260707,A407820,에셋플러스 코리아플랫폼액티브,일반,FnGuide 플랫폼 지수(Price Return),100000.0,20211116,,12429.0,6905.0,-1.92,6879.65,0.37,1800000.0,18.0,687965000.0
20260702,20260708,A407820,에셋플러스 코리아플랫폼액티브,일반,FnGuide 플랫폼 지수(Price Return),100000.0,20211116,,11853.0,6585.0,-4.63,6561.19,0.36,1800000.0,18.0,656119000.0
20260702,20260709,A407820,에셋플러스 코리아플랫폼액티브,일반,FnGuide 플랫폼 지수(Price Return),100000.0,20211116,,11826.0,6570.0,-0.23,6535.72,0.52,1800000.0,18.0,653572000.0
20260702,20260703,A410870,TIME K컬처액티브,일반,FnGuide K-컬처 지수,100000.0,20211215,,11665.5,10605.0,-3.11,10539.1,0.63,1100000.0,11.0,1053910000.0
20260702,20260706,A410870,TIME K컬처액티브,일반,FnGuide K-컬처 지수,100000.0,20211215,,11506.0,10460.0,-1.37,10432.26,0.27,1100000.0,11.0,1043226000.0
20260702,20260707,A410870,TIME K컬처액티브,일반,FnGuide K-컬처 지수,100000.0,20211215,,11880.0,10800.0,3.25,10794.3,0.05,1100000.0,11.0,1079430000.0
20260702,20260708,A410870,TIME K컬처액티브,일반,FnGuide K-컬처 지수,100000.0,20211215,,11390.5,10355.0,-4.12,10306.54,0.47,1100000.0,11.0,1030654000.0000001
20260702,20260709,A410870,TIME K컬처액티브,일반,FnGuide K-컬처 지수,100000.0,20211215,,11055.0,10050.0,-2.95,10033.9,0.16,1100000.0,11.0,1003390000.0
20260702,20260703,A411540,SOL 200 Top10,일반,KOSPI 200 Top 10 지수(시장가격),100000.0,20211209,,28112.0,20080.0,3.59,20047.13,0.16,1400000.0,14.0,2004713000.0
20260702,20260706,A411540,SOL 200 Top10,일반,KOSPI 200 Top 10 지수(시장가격),100000.0,20211209,,29940.0,19960.0,-0.6,19926.28,0.17,1500000.0,15.0,1992628000.0
20260702,20260707,A411540,SOL 200 Top10,일반,KOSPI 200 Top 10 지수(시장가격),100000.0,20211209,,28447.5,18965.0,-4.98,18937.83,0.14,1500000.0,15.0,1893783000.0000002
20260702,20260708,A411540,SOL 200 Top10,일반,KOSPI 200 Top 10 지수(시장가격),100000.0,20211209,,26970.0,17980.0,-5.19,17954.92,0.14,1500000.0,15.0,1795491999.9999998
20260702,20260709,A411540,SOL 200 Top10,일반,KOSPI 200 Top 10 지수(시장가격),100000.0,20211209,,26737.5,17825.0,-0.86,17660.73,0.93,1500000.0,15.0,1766073000.0
20260702,20260703,A412560,TIGER BBIG레버리지,레버리지,KRX BBIG 레버리지 지수,50000.0,20211215,,1171.3,1802.0,-1.85,1801.09,0.05,650000.0,13.0,90054500.0
20260702,20260706,A412560,TIGER BBIG레버리지,레버리지,KRX BBIG 레버리지 지수,50000.0,20211215,,1143.35,1759.0,-2.39,1743.7,0.88,650000.0,13.0,87185000.0
20260702,20260707,A412560,TIGER BBIG레버리지,레버리지,KRX BBIG 레버리지 지수,50000.0,20211215,,1129.7,1738.0,-1.19,1742.9,-0.28,650000.0,13.0,87145000.0
20260702,20260708,A412560,TIGER BBIG레버리지,레버리지,KRX BBIG 레버리지 지수,50000.0,20211215,,1071.85,1649.0,-5.12,1644.24,0.29,650000.0,13.0,82212000.0
20260702,20260709,A412560,TIGER BBIG레버리지,레버리지,KRX BBIG 레버리지 지수,50000.0,20211215,,1004.25,1545.0,-6.31,1558.72,-0.88,650000.0,13.0,77936000.0
20260702,20260703,A412570,TIGER 2차전지TOP10레버리지,레버리지,KRX 2차전지 TOP 10 레버리지 지수,50000.0,20211215,,158432.3,1222.0,1.83,1204.65,1.44,129650000.0,2593.0,60232500.00000001
20260702,20260706,A412570,TIGER 2차전지TOP10레버리지,레버리지,KRX 2차전지 TOP 10 레버리지 지수,50000.0,20211215,,152574.0,1180.0,-3.44,1156.78,2.01,129300000.0,2586.0,57839000.0
20260702,20260707,A412570,TIGER 2차전지TOP10레버리지,레버리지,KRX 2차전지 TOP 10 레버리지 지수,50000.0,20211215,,142939.1,1097.0,-7.03,1084.99,1.11,130300000.0,2606.0,54249500.0
20260702,20260708,A412570,TIGER 2차전지TOP10레버리지,레버리지,KRX 2차전지 TOP 10 레버리지 지수,50000.0,20211215,,127414.35,973.0,-11.3,959.99,1.36,130950000.0,2619.0,47999500.0
20260702,20260709,A412570,TIGER 2차전지TOP10레버리지,레버리지,KRX 2차전지 TOP 10 레버리지 지수,50000.0,20211215,,127540.85,971.0,-0.21,941.26,3.16,131350000.0,2627.0,47063000.0
20260702,20260703,A413930,WON AI ESG액티브,일반,MK-iSelect AI ESG 지수(시장가격지수),50000.0,20220105,,18447.0,33540.0,4.57,33742.11,-0.6,550000.0,11.0,1687105500.0
20260702,20260706,A413930,WON AI ESG액티브,일반,MK-iSelect AI ESG 지수(시장가격지수),50000.0,20220105,,18306.75,33285.0,-0.76,33375.31,-0.27,550000.0,11.0,1668765500.0
20260702,20260707,A413930,WON AI ESG액티브,일반,MK-iSelect AI ESG 지수(시장가격지수),50000.0,20220105,,17215.0,31300.0,-5.96,31487.74,-0.6,550000.0,11.0,1574387000.0
20260702,20260708,A413930,WON AI ESG액티브,일반,MK-iSelect AI ESG 지수(시장가격지수),50000.0,20220105,,16244.25,29535.0,-5.64,29603.22,-0.23,550000.0,11.0,1480161000.0
20260702,20260709,A413930,WON AI ESG액티브,일반,MK-iSelect AI ESG 지수(시장가격지수),50000.0,20220105,,16442.25,29895.0,1.22,29870.93,0.08,550000.0,11.0,1493546500.0
20260702,20260703,A417630,TIGER KEDI혁신기업ESG30,일반,KEDI 혁신기업ESG30 지수(시장가격 지수),50000.0,20220208,,22176.0,21120.0,0.57,21029.22,0.43,1050000.0,21.0,1051461000.0
20260702,20260706,A417630,TIGER KEDI혁신기업ESG30,일반,KEDI 혁신기업ESG30 지수(시장가격 지수),50000.0,20220208,,21588.0,20560.0,-2.65,20627.94,-0.33,1050000.0,21.0,1031396999.9999999
20260702,20260707,A417630,TIGER KEDI혁신기업ESG30,일반,KEDI 혁신기업ESG30 지수(시장가격 지수),50000.0,20220208,,20863.5,19870.0,-3.36,20025.03,-0.77,1050000.0,21.0,1001251500.0
20260702,20260708,A417630,TIGER KEDI혁신기업ESG30,일반,KEDI 혁신기업ESG30 지수(시장가격 지수),50000.0,20220208,,19918.5,18970.0,-4.53,18894.45,0.4,1050000.0,21.0,944722500.0
20260702,20260709,A417630,TIGER KEDI혁신기업ESG30,일반,KEDI 혁신기업ESG30 지수(시장가격 지수),50000.0,20220208,,19498.5,18570.0,-2.11,18636.18,-0.36,1050000.0,21.0,931809000.0
20260702,20260703,A421320,PLUS 우주항공,일반,iSelect 우주항공UAM지수,50000.0,20220329,,207157.5,30690.0,2.37,30760.6,-0.23,6750000.0,135.0,1538030000.0
20260702,20260706,A421320,PLUS 우주항공,일반,iSelect 우주항공UAM지수,50000.0,20220329,,209216.25,30995.0,0.99,30945.46,0.16,6750000.0,135.0,1547273000.0
20260702,20260707,A421320,PLUS 우주항공,일반,iSelect 우주항공UAM지수,50000.0,20220329,,191919.0,28860.0,-6.89,29029.64,-0.58,6650000.0,133.0,1451482000.0
20260702,20260708,A421320,PLUS 우주항공,일반,iSelect 우주항공UAM지수,50000.0,20220329,,176358.0,26520.0,-8.11,26578.55,-0.22,6650000.0,133.0,1328927500.0
20260702,20260709,A421320,PLUS 우주항공,일반,iSelect 우주항공UAM지수,50000.0,20220329,,177488.5,26690.0,0.64,26647.61,0.16,6650000.0,133.0,1332380500.0
20260702,20260703,A422420,RISE 2차전지액티브,일반,iSelect 2차전지 지수 (시장가격지수),20000.0,20220408,,212568.5,6835.0,-1.09,6804.09,0.45,31100000.0,1555.0,136081800.0
20260702,20260706,A422420,RISE 2차전지액티브,일반,iSelect 2차전지 지수 (시장가격지수),20000.0,20220408,,206458.2,6630.0,-3.0,6639.31,-0.14,31140000.0,1557.0,132786200.00000001
20260702,20260707,A422420,RISE 2차전지액티브,일반,iSelect 2차전지 지수 (시장가격지수),20000.0,20220408,,201111.0,6450.0,-2.71,6457.44,-0.12,31180000.0,1559.0,129148799.99999999
20260702,20260708,A422420,RISE 2차전지액티브,일반,iSelect 2차전지 지수 (시장가격지수),20000.0,20220408,,186934.8,5980.0,-7.29,6002.78,-0.38,31260000.0,1563.0,120055600.0
20260702,20260709,A422420,RISE 2차전지액티브,일반,iSelect 2차전지 지수 (시장가격지수),20000.0,20220408,,188160.0,6000.0,0.33,5996.25,0.06,31360000.0,1568.0,119925000.0
20260702,20260703,A427120,RISE AI플랫폼,일반,FnGuide AI 플랫폼 지수,20000.0,20220517,,3316.5,5025.0,0.6,5031.49,-0.13,660000.0,33.0,100629800.0
20260702,20260706,A427120,RISE AI플랫폼,일반,FnGuide AI 플랫폼 지수,20000.0,20220517,,3296.7,4995.0,-0.6,4997.5,-0.05,660000.0,33.0,99950000.0
20260702,20260707,A427120,RISE AI플랫폼,일반,FnGuide AI 플랫폼 지수,20000.0,20220517,,3190.4,4985.0,-0.2,4960.18,0.5,640000.0,32.0,99203600.0
20260702,20260708,A427120,RISE AI플랫폼,일반,FnGuide AI 플랫폼 지수,20000.0,20220517,,3078.4,4810.0,-3.51,4794.93,0.31,640000.0,32.0,95898600.0
20260702,20260709,A427120,RISE AI플랫폼,일반,FnGuide AI 플랫폼 지수,20000.0,20220517,,3004.8,4695.0,-2.39,4708.77,-0.29,640000.0,32.0,94175400.00000001
20260702,20260703,A433250,UNICORN R&D 액티브,일반,코스피 200,50000.0,20220706,,10932.0,27330.0,3.94,27370.4,-0.15,400000.0,8.0,1368520000.0
20260702,20260706,A433250,UNICORN R&D 액티브,일반,코스피 200,50000.0,20220706,,10790.0,26975.0,-1.3,27117.58,-0.53,400000.0,8.0,1355879000.0
20260702,20260707,A433250,UNICORN R&D 액티브,일반,코스피 200,50000.0,20220706,,10410.0,26025.0,-3.52,25928.87,0.37,400000.0,8.0,1296443500.0
20260702,20260708,A433250,UNICORN R&D 액티브,일반,코스피 200,50000.0,20220706,,9914.0,24785.0,-4.76,24686.23,0.4,400000.0,8.0,1234311500.0
20260702,20260709,A433250,UNICORN R&D 액티브,일반,코스피 200,50000.0,20220706,,10052.0,25130.0,1.39,24530.25,2.44,400000.0,8.0,1226512500.0
20260702,20260703,A433500,ACE 원자력TOP10,일반,DeepSearch 원자력 TOP 10 지수 (시장가격지수),100000.0,20220628,,244627.0,56890.0,-0.35,56985.29,-0.17,4300000.0,43.0,5698529000.0
20260702,20260706,A433500,ACE 원자력TOP10,일반,DeepSearch 원자력 TOP 10 지수 (시장가격지수),100000.0,20220628,,241853.5,56245.0,-1.13,56603.25,-0.63,4300000.0,43.0,5660325000.0
20260702,20260707,A433500,ACE 원자력TOP10,일반,DeepSearch 원자력 TOP 10 지수 (시장가격지수),100000.0,20220628,,225351.0,53655.0,-4.6,53801.66,-0.27,4200000.0,42.0,5380166000.0
20260702,20260708,A433500,ACE 원자력TOP10,일반,DeepSearch 원자력 TOP 10 지수 (시장가격지수),100000.0,20220628,,209580.0,49900.0,-7.0,49830.91,0.14,4200000.0,42.0,4983091000.0
20260702,20260709,A433500,ACE 원자력TOP10,일반,DeepSearch 원자력 TOP 10 지수 (시장가격지수),100000.0,20220628,,206115.0,49075.0,-1.65,49320.62,-0.5,4200000.0,42.0,4932062000.0
20260702,20260703,A434730,HANARO 원자력iSelect,일반,iSelect 원자력지수 (시장가격),50000.0,20220628,,783480.0,65290.0,-1.33,65023.26,0.41,12000000.0,240.0,3251163000.0
20260702,20260706,A434730,HANARO 원자력iSelect,일반,iSelect 원자력지수 (시장가격),50000.0,20220628,,765657.0,63540.0,-2.68,63633.16,-0.15,12050000.0,241.0,3181658000.0
20260702,20260707,A434730,HANARO 원자력iSelect,일반,iSelect 원자력지수 (시장가격),50000.0,20220628,,731929.0,60490.0,-4.8,60644.03,-0.25,12100000.0,242.0,3032201500.0
20260702,20260708,A434730,HANARO 원자력iSelect,일반,iSelect 원자력지수 (시장가격),50000.0,20220628,,669735.0,55350.0,-8.5,55591.18,-0.43,12100000.0,242.0,2779559000.0
20260702,20260709,A434730,HANARO 원자력iSelect,일반,iSelect 원자력지수 (시장가격),50000.0,20220628,,670763.5,55435.0,0.15,55656.89,-0.4,12100000.0,242.0,2782844500.0
20260702,20260703,A434960,DAISHIN343 K200,일반,코스피 200,50000.0,20220628,,92228.5,131755.0,5.75,131769.92,-0.01,700000.0,14.0,6588496000.000001
20260702,20260706,A434960,DAISHIN343 K200,일반,코스피 200,50000.0,20220628,,91770.0,131100.0,-0.5,131160.23,-0.05,700000.0,14.0,6558011500.000001
20260702,20260707,A434960,DAISHIN343 K200,일반,코스피 200,50000.0,20220628,,87419.5,124885.0,-4.74,124246.54,0.51,700000.0,14.0,6212327000.0
20260702,20260708,A434960,DAISHIN343 K200,일반,코스피 200,50000.0,20220628,,82460.0,117800.0,-5.67,117341.05,0.39,700000.0,14.0,5867052500.0
20260702,20260709,A434960,DAISHIN343 K200,일반,코스피 200,50000.0,20220628,,83086.5,118695.0,0.76,118571.57,0.1,700000.0,14.0,5928578500.0
20260702,20260703,A438740,MIDAS 중소형액티브,일반,코스피 중형주 지수,75000.0,20220817,,8448.75,37550.0,0.39,37663.33,-0.3,225000.0,3.0,2824749750.0
20260702,20260706,A438740,MIDAS 중소형액티브,일반,코스피 중형주 지수,75000.0,20220817,,8222.63,36545.0,-2.68,36736.87,-0.52,225000.0,3.0,2755265250.0
20260702,20260707,A438740,MIDAS 중소형액티브,일반,코스피 중형주 지수,75000.0,20220817,,8055.0,35800.0,-2.04,35988.91,-0.52,225000.0,3.0,2699168250.0000005
20260702,20260708,A438740,MIDAS 중소형액티브,일반,코스피 중형주 지수,75000.0,20220817,,7683.75,34150.0,-4.61,34116.58,0.1,225000.0,3.0,2558743500.0
20260702,20260709,A438740,MIDAS 중소형액티브,일반,코스피 중형주 지수,75000.0,20220817,,7561.57,33607.0,-1.59,33767.81,-0.48,225000.0,3.0,2532585750.0
20260702,20260703,A438900,HANARO Fn K-푸드,일반,FnGuide K-푸드 지수 (시장가격),50000.0,20220817,,13343.75,10675.0,-2.2,10705.95,-0.29,1250000.0,25.0,535297500.00000006
20260702,20260706,A438900,HANARO Fn K-푸드,일반,FnGuide K-푸드 지수 (시장가격),50000.0,20220817,,13343.75,10675.0,0.0,10732.11,-0.53,1250000.0,25.0,536605500.0
20260702,20260707,A438900,HANARO Fn K-푸드,일반,FnGuide K-푸드 지수 (시장가격),50000.0,20220817,,14397.5,11075.0,3.75,11086.38,-0.1,1300000.0,26.0,554319000.0
20260702,20260708,A438900,HANARO Fn K-푸드,일반,FnGuide K-푸드 지수 (시장가격),50000.0,20220817,,14072.5,10825.0,-2.26,10899.26,-0.68,1300000.0,26.0,544963000.0
20260702,20260709,A438900,HANARO Fn K-푸드,일반,FnGuide K-푸드 지수 (시장가격),50000.0,20220817,,13741.0,10570.0,-2.36,10634.51,-0.61,1300000.0,26.0,531725500.0
20260702,20260703,A441540,HANARO Fn조선해운,일반,FnGuide 조선해운지수,50000.0,20220915,,80458.0,28735.0,0.74,28736.42,0.0,2800000.0,56.0,1436821000.0
20260702,20260706,A441540,HANARO Fn조선해운,일반,FnGuide 조선해운지수,50000.0,20220915,,81928.0,29260.0,1.83,29214.9,0.15,2800000.0,56.0,1460745000.0
20260702,20260707,A441540,HANARO Fn조선해운,일반,FnGuide 조선해운지수,50000.0,20220915,,76594.0,27355.0,-6.51,27413.95,-0.22,2800000.0,56.0,1370697500.0
20260702,20260708,A441540,HANARO Fn조선해운,일반,FnGuide 조선해운지수,50000.0,20220915,,73514.0,26255.0,-4.02,26179.22,0.29,2800000.0,56.0,1308961000.0
20260702,20260709,A441540,HANARO Fn조선해운,일반,FnGuide 조선해운지수,50000.0,20220915,,71190.0,25425.0,-3.16,25390.9,0.13,2800000.0,56.0,1269545000.0
20260702,20260703,A441800,TIME Korea플러스배당액티브,일반,코스피 200,20000.0,20220927,,919208.6,34070.0,4.29,34093.92,-0.07,26980000.0,1349.0,681878400.0
20260702,20260706,A441800,TIME Korea플러스배당액티브,일반,코스피 200,20000.0,20220927,,917185.1,33995.0,-0.22,34024.4,-0.09,26980000.0,1349.0,680488000.0
20260702,20260707,A441800,TIME Korea플러스배당액티브,일반,코스피 200,20000.0,20220927,,880852.0,32600.0,-4.1,32780.63,-0.55,27020000.0,1351.0,655612600.0
20260702,20260708,A441800,TIME Korea플러스배당액티브,일반,코스피 200,20000.0,20220927,,842836.8,31170.0,-4.39,31203.16,-0.11,27040000.0,1352.0,624063200.0
20260702,20260709,A441800,TIME Korea플러스배당액티브,일반,코스피 200,20000.0,20220927,,842697.0,31050.0,-0.39,31051.16,0.0,27140000.0,1357.0,621023200.0
20260702,20260703,A442090,에셋플러스 코리아대장장이액티브,일반,FnGuide 대장장이 지수(Price Return),100000.0,20220920,,49320.0,32880.0,2.24,33081.89,-0.61,1500000.0,15.0,3308189000.0
20260702,20260706,A442090,에셋플러스 코리아대장장이액티브,일반,FnGuide 대장장이 지수(Price Return),100000.0,20220920,,48510.0,32340.0,-1.64,32515.3,-0.54,1500000.0,15.0,3251530000.0
20260702,20260707,A442090,에셋플러스 코리아대장장이액티브,일반,FnGuide 대장장이 지수(Price Return),100000.0,20220920,,46792.5,31195.0,-3.54,31170.23,0.08,1500000.0,15.0,3117023000.0
20260702,20260708,A442090,에셋플러스 코리아대장장이액티브,일반,FnGuide 대장장이 지수(Price Return),100000.0,20220920,,44535.0,29690.0,-4.82,29564.87,0.42,1500000.0,15.0,2956487000.0
20260702,20260709,A442090,에셋플러스 코리아대장장이액티브,일반,FnGuide 대장장이 지수(Price Return),100000.0,20220920,,45525.0,30350.0,2.22,30007.52,1.14,1500000.0,15.0,3000752000.0
20260702,20260703,A442260,마이티 다이나믹퀀트액티브,일반,코스피 200,40000.0,20221025,,58918.4,46030.0,6.22,45890.93,0.3,1280000.0,32.0,1835637200.0
20260702,20260706,A442260,마이티 다이나믹퀀트액티브,일반,코스피 200,40000.0,20221025,,58304.0,45550.0,-1.04,45611.68,-0.14,1280000.0,32.0,1824467200.0
20260702,20260707,A442260,마이티 다이나믹퀀트액티브,일반,코스피 200,40000.0,20221025,,54668.8,42710.0,-6.24,43152.75,-1.03,1280000.0,32.0,1726110000.0
20260702,20260708,A442260,마이티 다이나믹퀀트액티브,일반,코스피 200,40000.0,20221025,,52454.4,40980.0,-4.05,40846.99,0.33,1280000.0,32.0,1633879600.0
20260702,20260709,A442260,마이티 다이나믹퀀트액티브,일반,코스피 200,40000.0,20221025,,53088.0,41475.0,1.21,41419.26,0.13,1280000.0,32.0,1656770400.0
20260702,20260703,A444200,SOL 코리아메가테크액티브,일반,KEDI 메가테크지수(PR),50000.0,20221018,,630257.5,54805.0,4.37,54544.36,0.48,11500000.0,230.0,2727218000.0
20260702,20260706,A444200,SOL 코리아메가테크액티브,일반,KEDI 메가테크지수(PR),50000.0,20221018,,628608.75,54425.0,-0.69,54173.58,0.46,11550000.0,231.0,2708679000.0
20260702,20260707,A444200,SOL 코리아메가테크액티브,일반,KEDI 메가테크지수(PR),50000.0,20221018,,601188.75,51165.0,-5.99,51482.86,-0.62,11750000.0,235.0,2574143000.0
20260702,20260708,A444200,SOL 코리아메가테크액티브,일반,KEDI 메가테크지수(PR),50000.0,20221018,,567231.25,48275.0,-5.65,48357.45,-0.17,11750000.0,235.0,2417872500.0
20260702,20260709,A444200,SOL 코리아메가테크액티브,일반,KEDI 메가테크지수(PR),50000.0,20221018,,577566.5,48535.0,0.54,48292.22,0.5,11900000.0,238.0,2414611000.0
20260702,20260703,A445150,KODEX 친환경조선해운액티브,일반,FnGuide K-친환경선박 지수,50000.0,20221115,,57541.5,30285.0,0.65,30353.95,-0.23,1900000.0,38.0,1517697500.0
20260702,20260706,A445150,KODEX 친환경조선해운액티브,일반,FnGuide K-친환경선박 지수,50000.0,20221115,,57969.0,30510.0,0.74,30616.1,-0.35,1900000.0,38.0,1530805000.0
20260702,20260707,A445150,KODEX 친환경조선해운액티브,일반,FnGuide K-친환경선박 지수,50000.0,20221115,,55100.0,29000.0,-4.95,29031.48,-0.11,1900000.0,38.0,1451574000.0
20260702,20260708,A445150,KODEX 친환경조선해운액티브,일반,FnGuide K-친환경선박 지수,50000.0,20221115,,52212.0,27480.0,-5.24,27582.46,-0.37,1900000.0,38.0,1379123000.0
20260702,20260709,A445150,KODEX 친환경조선해운액티브,일반,FnGuide K-친환경선박 지수,50000.0,20221115,,50977.0,26830.0,-2.37,26886.56,-0.21,1900000.0,38.0,1344328000.0
20260702,20260703,A445290,KODEX 로봇액티브,일반,iSelect K-로봇테마 지수,50000.0,20221115,,1170924.25,32845.0,1.47,32807.36,0.11,35650000.0,713.0,1640368000.0
20260702,20260706,A445290,KODEX 로봇액티브,일반,iSelect K-로봇테마 지수,50000.0,20221115,,1161655.25,32585.0,-0.79,32688.6,-0.32,35650000.0,713.0,1634430000.0
20260702,20260707,A445290,KODEX 로봇액티브,일반,iSelect K-로봇테마 지수,50000.0,20221115,,1120479.5,31430.0,-3.54,31600.94,-0.54,35650000.0,713.0,1580047000.0
20260702,20260708,A445290,KODEX 로봇액티브,일반,iSelect K-로봇테마 지수,50000.0,20221115,,1062945.0,29900.0,-4.87,29989.94,-0.3,35550000.0,711.0,1499497000.0
20260702,20260709,A445290,KODEX 로봇액티브,일반,iSelect K-로봇테마 지수,50000.0,20221115,,1059390.0,29800.0,-0.33,29790.79,0.03,35550000.0,711.0,1489539500.0
20260702,20260703,A445690,BNK 주주가치액티브,일반,FnGuide 주주가치 지수,50000.0,20221027,,22256.0,34240.0,2.15,34056.06,0.54,650000.0,13.0,1702803000.0
20260702,20260706,A445690,BNK 주주가치액티브,일반,FnGuide 주주가치 지수,50000.0,20221027,,22252.75,34235.0,-0.01,34123.43,0.33,650000.0,13.0,1706171500.0
20260702,20260707,A445690,BNK 주주가치액티브,일반,FnGuide 주주가치 지수,50000.0,20221027,,21482.5,33050.0,-3.46,32899.77,0.46,650000.0,13.0,1644988499.9999998
20260702,20260708,A445690,BNK 주주가치액티브,일반,FnGuide 주주가치 지수,50000.0,20221027,,20614.75,31715.0,-4.04,31588.46,0.4,650000.0,13.0,1579423000.0
20260702,20260709,A445690,BNK 주주가치액티브,일반,FnGuide 주주가치 지수,50000.0,20221027,,20543.25,31605.0,-0.35,31535.67,0.22,650000.0,13.0,1576783500.0
20260702,20260703,A445910,TIGER MKF배당귀족,일반,MKF 배당귀족 지수(시장가격지수),50000.0,20221018,,20390.0,20390.0,0.1,20510.91,-0.59,1000000.0,20.0,1025545500.0
20260702,20260706,A445910,TIGER MKF배당귀족,일반,MKF 배당귀족 지수(시장가격지수),50000.0,20221018,,20510.0,20510.0,0.59,20660.22,-0.73,1000000.0,20.0,1033011000.0
20260702,20260707,A445910,TIGER MKF배당귀족,일반,MKF 배당귀족 지수(시장가격지수),50000.0,20221018,,20730.0,20730.0,1.07,20831.23,-0.49,1000000.0,20.0,1041561500.0
20260702,20260708,A445910,TIGER MKF배당귀족,일반,MKF 배당귀족 지수(시장가격지수),50000.0,20221018,,20195.0,20195.0,-2.58,20341.58,-0.72,1000000.0,20.0,1017079000.0000001
20260702,20260709,A445910,TIGER MKF배당귀족,일반,MKF 배당귀족 지수(시장가격지수),50000.0,20221018,,20325.0,20325.0,0.64,20121.71,1.01,1000000.0,20.0,1006085500.0
20260702,20260703,A446700,RISE 배터리 리사이클링,일반,iSelect 배터리 리사이클링 지수,20000.0,20221101,,11711.5,9925.0,1.12,9864.66,0.61,1180000.0,59.0,197293200.0
20260702,20260706,A446700,RISE 배터리 리사이클링,일반,iSelect 배터리 리사이클링 지수,20000.0,20221101,,11499.1,9745.0,-1.81,9803.64,-0.6,1180000.0,59.0,196072800.0
20260702,20260707,A446700,RISE 배터리 리사이클링,일반,iSelect 배터리 리사이클링 지수,20000.0,20221101,,11410.6,9670.0,-0.77,9619.51,0.52,1180000.0,59.0,192390200.0
20260702,20260708,A446700,RISE 배터리 리사이클링,일반,iSelect 배터리 리사이클링 지수,20000.0,20221101,,10785.2,9140.0,-5.48,9117.99,0.24,1180000.0,59.0,182359800.0
20260702,20260709,A446700,RISE 배터리 리사이클링,일반,iSelect 배터리 리사이클링 지수,20000.0,20221101,,10596.4,8980.0,-1.75,9011.9,-0.35,1180000.0,59.0,180238000.0
20260702,20260703,A447430,ACE 주주환원가치주액티브,일반,FnGuide 올라운드 가치주 시장가격지수,50000.0,20221115,,46545.0,16050.0,0.94,16084.39,-0.21,2900000.0,58.0,804219500.0
20260702,20260706,A447430,ACE 주주환원가치주액티브,일반,FnGuide 올라운드 가치주 시장가격지수,50000.0,20221115,,47804.75,16205.0,0.97,16186.08,0.12,2950000.0,59.0,809304000.0
20260702,20260707,A447430,ACE 주주환원가치주액티브,일반,FnGuide 올라운드 가치주 시장가격지수,50000.0,20221115,,47509.75,16105.0,-0.62,16195.02,-0.56,2950000.0,59.0,809751000.0
20260702,20260708,A447430,ACE 주주환원가치주액티브,일반,FnGuide 올라운드 가치주 시장가격지수,50000.0,20221115,,46801.75,15865.0,-1.49,15842.55,0.14,2950000.0,59.0,792127500.0
20260702,20260709,A447430,ACE 주주환원가치주액티브,일반,FnGuide 올라운드 가치주 시장가격지수,50000.0,20221115,,45474.25,15415.0,-2.84,15596.06,-1.16,2950000.0,59.0,779803000.0
20260702,20260703,A448100,WON 200,일반,코스피 200,25000.0,20221216,,138103.38,134735.0,5.96,134629.54,0.08,1025000.0,41.0,3365738500.0
20260702,20260706,A448100,WON 200,일반,코스피 200,25000.0,20221216,,137303.88,133955.0,-0.58,133994.32,-0.03,1025000.0,41.0,3349858000.0
20260702,20260707,A448100,WON 200,일반,코스피 200,25000.0,20221216,,140222.5,127475.0,-4.84,126938.82,0.42,1100000.0,44.0,3173470500.0
20260702,20260708,A448100,WON 200,일반,코스피 200,25000.0,20221216,,132308.0,120280.0,-5.64,119908.1,0.31,1100000.0,44.0,2997702500.0
20260702,20260709,A448100,WON 200,일반,코스피 200,25000.0,20221216,,133160.5,121055.0,0.64,121148.12,-0.08,1100000.0,44.0,3028703000.0
20260702,20260703,A448570,FOCUS AI코리아액티브,일반,코스피지수,50000.0,20221115,,46977.0,33555.0,4.27,33762.56,-0.61,1400000.0,28.0,1688128000.0
20260702,20260706,A448570,FOCUS AI코리아액티브,일반,코스피지수,50000.0,20221115,,47054.0,33610.0,0.16,33727.36,-0.35,1400000.0,28.0,1686368000.0
20260702,20260707,A448570,FOCUS AI코리아액티브,일반,코스피지수,50000.0,20221115,,43679.25,32355.0,-3.73,32755.57,-1.22,1350000.0,27.0,1637778500.0
20260702,20260708,A448570,FOCUS AI코리아액티브,일반,코스피지수,50000.0,20221115,,42113.25,31195.0,-3.59,31221.27,-0.08,1350000.0,27.0,1561063500.0
20260702,20260709,A448570,FOCUS AI코리아액티브,일반,코스피지수,50000.0,20221115,,41566.5,30790.0,-1.3,30907.14,-0.38,1350000.0,27.0,1545357000.0
20260702,20260703,A449450,PLUS K방산,일반,FnGuide K-방위산업 지수,50000.0,20230105,,1290903.6,63560.0,3.03,63439.17,0.19,20310000.0,406.2,3171958500.0
20260702,20260706,A449450,PLUS K방산,일반,FnGuide K-방위산업 지수,50000.0,20230105,,1307262.6,64620.0,1.67,64865.66,-0.38,20230000.0,404.6,3243283000.0
20260702,20260707,A449450,PLUS K방산,일반,FnGuide K-방위산업 지수,50000.0,20230105,,1207608.75,59635.0,-7.71,59855.98,-0.37,20250000.0,405.0,2992799000.0
20260702,20260708,A449450,PLUS K방산,일반,FnGuide K-방위산업 지수,50000.0,20230105,,1092855.75,54075.0,-9.32,54444.98,-0.68,20210000.0,404.2,2722249000.0
20260702,20260709,A449450,PLUS K방산,일반,FnGuide K-방위산업 지수,50000.0,20230105,,1054962.0,52200.0,-3.47,52705.93,-0.96,20210000.0,404.2,2635296500.0
20260702,20260703,A450910,SOL 코스닥150,일반,코스닥 150,20000.0,20230131,,35187.6,14910.0,-1.49,14951.5,-0.28,2360000.0,118.0,299030000.0
20260702,20260706,A450910,SOL 코스닥150,일반,코스닥 150,20000.0,20230131,,33200.5,14435.0,-3.19,14475.96,-0.28,2300000.0,115.0,289519200.0
20260702,20260707,A450910,SOL 코스닥150,일반,코스닥 150,20000.0,20230131,,32671.5,14205.0,-1.59,14244.41,-0.28,2300000.0,115.0,284888200.0
20260702,20260708,A450910,SOL 코스닥150,일반,코스닥 150,20000.0,20230131,,30567.0,13290.0,-6.44,13303.4,-0.1,2300000.0,115.0,266068000.0
20260702,20260709,A450910,SOL 코스닥150,일반,코스닥 150,20000.0,20230131,,31004.0,13480.0,1.43,13493.36,-0.1,2300000.0,115.0,269867200.0
20260702,20260703,A451060,1Q 200액티브,일반,코스피 200,150000.0,20230131,,485562.0,42040.0,6.36,41930.64,0.26,11550000.0,77.0,6289596000.0
20260702,20260706,A451060,1Q 200액티브,일반,코스피 200,150000.0,20230131,,481404.0,41680.0,-0.86,41738.06,-0.14,11550000.0,77.0,6260709000.0
20260702,20260707,A451060,1Q 200액티브,일반,코스피 200,150000.0,20230131,,463963.5,39655.0,-4.86,39554.49,0.25,11700000.0,78.0,5933173500.0
20260702,20260708,A451060,1Q 200액티브,일반,코스피 200,150000.0,20230131,,444078.75,37475.0,-5.5,37347.81,0.34,11850000.0,79.0,5602171500.0
20260702,20260709,A451060,1Q 200액티브,일반,코스피 200,150000.0,20230131,,457508.25,37655.0,0.48,37770.28,-0.31,12150000.0,81.0,5665542000.0
20260702,20260703,A454320,HANARO CAPEX설비투자iSelect,일반,iSelect CAPEX 설비투자 지수(시장가격),50000.0,20230418,,111475.0,44590.0,-1.51,44511.5,0.18,2500000.0,50.0,2225575000.0
20260702,20260706,A454320,HANARO CAPEX설비투자iSelect,일반,iSelect CAPEX 설비투자 지수(시장가격),50000.0,20230418,,108137.5,43255.0,-2.99,43428.02,-0.4,2500000.0,50.0,2171401000.0
20260702,20260707,A454320,HANARO CAPEX설비투자iSelect,일반,iSelect CAPEX 설비투자 지수(시장가격),50000.0,20230418,,104862.5,41945.0,-3.03,41960.89,-0.04,2500000.0,50.0,2098044500.0
20260702,20260708,A454320,HANARO CAPEX설비투자iSelect,일반,iSelect CAPEX 설비투자 지수(시장가격),50000.0,20230418,,97187.5,38875.0,-7.32,39020.31,-0.37,2500000.0,50.0,1951015500.0
20260702,20260709,A454320,HANARO CAPEX설비투자iSelect,일반,iSelect CAPEX 설비투자 지수(시장가격),50000.0,20230418,,99832.5,39150.0,0.71,39314.09,-0.42,2550000.0,51.0,1965704499.9999998
20260702,20260703,A455850,SOL AI반도체소부장,일반,FnGuide AI 반도체 소부장 지수,50000.0,20230425,,1137752.5,27025.0,-1.04,26911.97,0.42,42100000.0,842.0,1345598500.0
20260702,20260706,A455850,SOL AI반도체소부장,일반,FnGuide AI 반도체 소부장 지수,50000.0,20230425,,1079716.0,25465.0,-5.77,25414.27,0.2,42400000.0,848.0,1270713500.0
20260702,20260707,A455850,SOL AI반도체소부장,일반,FnGuide AI 반도체 소부장 지수,50000.0,20230425,,1024632.0,23940.0,-5.99,24041.38,-0.42,42800000.0,856.0,1202069000.0
20260702,20260708,A455850,SOL AI반도체소부장,일반,FnGuide AI 반도체 소부장 지수,50000.0,20230425,,981245.0,22150.0,-7.48,22309.01,-0.71,44300000.0,886.0,1115450500.0
20260702,20260709,A455850,SOL AI반도체소부장,일반,FnGuide AI 반도체 소부장 지수,50000.0,20230425,,1020025.5,23530.0,6.23,23537.33,-0.03,43350000.0,867.0,1176866500.0
20260702,20260703,A455860,SOL 2차전지소부장Fn,일반,FnGuide 2차전지 소부장 지수(PR),50000.0,20230425,,107406.0,4590.0,0.44,4580.07,0.22,23400000.0,468.0,229003500.0
20260702,20260706,A455860,SOL 2차전지소부장Fn,일반,FnGuide 2차전지 소부장 지수(PR),50000.0,20230425,,106875.0,4500.0,-1.96,4512.63,-0.28,23750000.0,475.0,225631500.0
20260702,20260707,A455860,SOL 2차전지소부장Fn,일반,FnGuide 2차전지 소부장 지수(PR),50000.0,20230425,,104043.0,4390.0,-2.44,4406.45,-0.37,23700000.0,474.0,220322500.0
20260702,20260708,A455860,SOL 2차전지소부장Fn,일반,FnGuide 2차전지 소부장 지수(PR),50000.0,20230425,,96552.25,4135.0,-5.81,4140.65,-0.14,23350000.0,467.0,207032499.99999997
20260702,20260709,A455860,SOL 2차전지소부장Fn,일반,FnGuide 2차전지 소부장 지수(PR),50000.0,20230425,,97290.0,4140.0,0.12,4132.77,0.17,23500000.0,470.0,206638500.00000003
20260702,20260703,A457930,BNK 미래전략기술액티브,일반,iSelect 미래전략기술 지수 (PR),50000.0,20230620,,9054.0,30180.0,3.18,30372.84,-0.63,300000.0,6.0,1518642000.0
20260702,20260706,A457930,BNK 미래전략기술액티브,일반,iSelect 미래전략기술 지수 (PR),50000.0,20230620,,9042.0,30140.0,-0.13,30313.93,-0.57,300000.0,6.0,1515696500.0
20260702,20260707,A457930,BNK 미래전략기술액티브,일반,iSelect 미래전략기술 지수 (PR),50000.0,20230620,,8776.5,29255.0,-2.94,29140.15,0.39,300000.0,6.0,1457007500.0
20260702,20260708,A457930,BNK 미래전략기술액티브,일반,iSelect 미래전략기술 지수 (PR),50000.0,20230620,,8308.5,27695.0,-5.33,27601.79,0.34,300000.0,6.0,1380089500.0
20260702,20260709,A457930,BNK 미래전략기술액티브,일반,iSelect 미래전략기술 지수 (PR),50000.0,20230620,,8413.5,28045.0,1.26,27605.64,1.59,300000.0,6.0,1380282000.0
20260702,20260703,A457990,PLUS 태양광&ESS,일반,FnGuide 태양광&ESS 지수,50000.0,20230620,,113744.0,35545.0,-4.11,35623.47,-0.22,3200000.0,64.0,1781173500.0
20260702,20260706,A457990,PLUS 태양광&ESS,일반,FnGuide 태양광&ESS 지수,50000.0,20230620,,109931.25,33825.0,-4.84,33958.21,-0.39,3250000.0,65.0,1697910500.0
20260702,20260707,A457990,PLUS 태양광&ESS,일반,FnGuide 태양광&ESS 지수,50000.0,20230620,,107786.25,33165.0,-1.95,33335.0,-0.51,3250000.0,65.0,1666750000.0
20260702,20260708,A457990,PLUS 태양광&ESS,일반,FnGuide 태양광&ESS 지수,50000.0,20230620,,101788.5,30845.0,-7.0,31073.77,-0.74,3300000.0,66.0,1553688500.0
20260702,20260709,A457990,PLUS 태양광&ESS,일반,FnGuide 태양광&ESS 지수,50000.0,20230620,,103950.0,31500.0,2.12,31485.51,0.05,3300000.0,66.0,1574275500.0
20260702,20260703,A461450,KODEX 코스닥글로벌,일반,코스닥 글로벌 지수,100000.0,20230629,,24780.0,16520.0,-1.87,16491.76,0.17,1500000.0,15.0,1649175999.9999998
20260702,20260706,A461450,KODEX 코스닥글로벌,일반,코스닥 글로벌 지수,100000.0,20230629,,23857.5,15905.0,-3.72,15855.17,0.31,1500000.0,15.0,1585517000.0
20260702,20260707,A461450,KODEX 코스닥글로벌,일반,코스닥 글로벌 지수,100000.0,20230629,,23505.0,15670.0,-1.48,15714.92,-0.29,1500000.0,15.0,1571492000.0
20260702,20260708,A461450,KODEX 코스닥글로벌,일반,코스닥 글로벌 지수,100000.0,20230629,,21907.5,14605.0,-6.8,14642.91,-0.26,1500000.0,15.0,1464291000.0
20260702,20260709,A461450,KODEX 코스닥글로벌,일반,코스닥 글로벌 지수,100000.0,20230629,,21960.0,14640.0,0.24,14750.87,-0.75,1500000.0,15.0,1475087000.0
20260702,20260703,A461580,TIGER 코스닥글로벌,일반,코스닥 글로벌 지수,50000.0,20230629,,11833.5,16905.0,-1.6,16832.13,0.43,700000.0,14.0,841606500.0
20260702,20260706,A461580,TIGER 코스닥글로벌,일반,코스닥 글로벌 지수,50000.0,20230629,,11329.5,16185.0,-4.26,16185.72,0.0,700000.0,14.0,809286000.0
20260702,20260707,A461580,TIGER 코스닥글로벌,일반,코스닥 글로벌 지수,50000.0,20230629,,11263.0,16090.0,-0.59,16043.02,0.29,700000.0,14.0,802151000.0
20260702,20260708,A461580,TIGER 코스닥글로벌,일반,코스닥 글로벌 지수,50000.0,20230629,,9685.0,14900.0,-7.4,14953.74,-0.36,650000.0,13.0,747687000.0
20260702,20260709,A461580,TIGER 코스닥글로벌,일반,코스닥 글로벌 지수,50000.0,20230629,,11265.0,15020.0,0.81,15063.29,-0.29,750000.0,15.0,753164500.0
20260702,20260703,A461950,KODEX 2차전지핵심소재10,일반,FnGuide 2차전지핵심소재10 지수,50000.0,20230704,,164668.5,4945.0,0.41,4919.9,0.51,33300000.0,666.0,245994999.99999997
20260702,20260706,A461950,KODEX 2차전지핵심소재10,일반,FnGuide 2차전지핵심소재10 지수,50000.0,20230704,,162361.25,4825.0,-2.43,4847.16,-0.46,33650000.0,673.0,242358000.0
20260702,20260707,A461950,KODEX 2차전지핵심소재10,일반,FnGuide 2차전지핵심소재10 지수,50000.0,20230704,,158957.5,4745.0,-1.66,4739.25,0.12,33500000.0,670.0,236962500.0
20260702,20260708,A461950,KODEX 2차전지핵심소재10,일반,FnGuide 2차전지핵심소재10 지수,50000.0,20230704,,149187.0,4460.0,-6.01,4440.82,0.43,33450000.0,669.0,222041000.0
20260702,20260709,A461950,KODEX 2차전지핵심소재10,일반,FnGuide 2차전지핵심소재10 지수,50000.0,20230704,,146686.5,4405.0,-1.23,4426.65,-0.49,33300000.0,666.0,221332499.99999997
20260702,20260703,A462010,TIGER 2차전지소재Fn,일반,FnGuide 2차전지소재 (Price Return) 지수,50000.0,20230713,,520326.25,4925.0,0.1,4903.34,0.44,105650000.0,2113.0,245167000.0
20260702,20260706,A462010,TIGER 2차전지소재Fn,일반,FnGuide 2차전지소재 (Price Return) 지수,50000.0,20230713,,509667.75,4815.0,-2.23,4834.85,-0.41,105850000.0,2117.0,241742500.00000003
20260702,20260707,A462010,TIGER 2차전지소재Fn,일반,FnGuide 2차전지소재 (Price Return) 지수,50000.0,20230713,,500781.0,4740.0,-1.56,4742.88,-0.06,105650000.0,2113.0,237144000.0
20260702,20260708,A462010,TIGER 2차전지소재Fn,일반,FnGuide 2차전지소재 (Price Return) 지수,50000.0,20230713,,470418.0,4440.0,-6.33,4442.27,-0.05,105950000.0,2119.0,222113500.00000003
20260702,20260709,A462010,TIGER 2차전지소재Fn,일반,FnGuide 2차전지소재 (Price Return) 지수,50000.0,20230713,,472281.25,4445.0,0.11,4436.45,0.19,106250000.0,2125.0,221822500.0
20260702,20260703,A462330,KODEX 2차전지산업레버리지,레버리지,FnGuide 2차전지 산업 레버리지(2x) 지수,100000.0,20230704,,615846.0,1085.0,0.65,1077.59,0.69,567600000.0,5676.0,107758999.99999999
20260702,20260706,A462330,KODEX 2차전지산업레버리지,레버리지,FnGuide 2차전지 산업 레버리지(2x) 지수,100000.0,20230704,,594297.0,1035.0,-4.61,1034.97,0.0,574200000.0,5742.0,103497000.0
20260702,20260707,A462330,KODEX 2차전지산업레버리지,레버리지,FnGuide 2차전지 산업 레버리지(2x) 지수,100000.0,20230704,,567399.6,982.0,-5.12,978.26,0.38,577800000.0,5778.0,97826000.0
20260702,20260708,A462330,KODEX 2차전지산업레버리지,레버리지,FnGuide 2차전지 산업 레버리지(2x) 지수,100000.0,20230704,,504718.2,861.0,-12.32,863.67,-0.31,586200000.0,5862.0,86367000.0
20260702,20260709,A462330,KODEX 2차전지산업레버리지,레버리지,FnGuide 2차전지 산업 레버리지(2x) 지수,100000.0,20230704,,505938.0,860.0,-0.12,854.6,0.63,588300000.0,5883.0,85460000.0
20260702,20260703,A462900,KoAct 바이오헬스케어액티브,일반,iSelect 바이오헬스케어 PR 지수,50000.0,20230803,,476836.0,16330.0,-2.3,16275.56,0.33,29200000.0,584.0,813778000.0
20260702,20260706,A462900,KoAct 바이오헬스케어액티브,일반,iSelect 바이오헬스케어 PR 지수,50000.0,20230803,,449901.5,15355.0,-5.97,15391.0,-0.23,29300000.0,586.0,769550000.0
20260702,20260707,A462900,KoAct 바이오헬스케어액티브,일반,iSelect 바이오헬스케어 PR 지수,50000.0,20230803,,464610.5,15830.0,3.09,15786.81,0.27,29350000.0,587.0,789340500.0
20260702,20260708,A462900,KoAct 바이오헬스케어액티브,일반,iSelect 바이오헬스케어 PR 지수,50000.0,20230803,,433650.0,14700.0,-7.14,14710.73,-0.07,29500000.0,590.0,735536500.0
20260702,20260709,A462900,KoAct 바이오헬스케어액티브,일반,iSelect 바이오헬스케어 PR 지수,50000.0,20230803,,429792.0,14520.0,-1.22,14511.54,0.06,29600000.0,592.0,725577000.0
20260702,20260703,A463050,TIME K바이오액티브,일반,KRX 헬스케어,50000.0,20230817,,282292.5,14150.0,-0.81,14071.59,0.56,19950000.0,399.0,703579500.0
20260702,20260706,A463050,TIME K바이오액티브,일반,KRX 헬스케어,50000.0,20230817,,268300.0,13415.0,-5.19,13436.79,-0.16,20000000.0,400.0,671839500.0
20260702,20260707,A463050,TIME K바이오액티브,일반,KRX 헬스케어,50000.0,20230817,,273181.25,13625.0,1.57,13731.19,-0.77,20050000.0,401.0,686559500.0
20260702,20260708,A463050,TIME K바이오액티브,일반,KRX 헬스케어,50000.0,20230817,,257883.0,12830.0,-5.83,12936.53,-0.82,20100000.0,402.0,646826500.0
20260702,20260709,A463050,TIME K바이오액티브,일반,KRX 헬스케어,50000.0,20230817,,252567.0,12660.0,-1.33,12739.64,-0.63,19950000.0,399.0,636982000.0
20260702,20260703,A463250,TIGER K방산&우주,일반,iSelect K방산&우주,50000.0,20230725,,673465.0,39850.0,3.24,40013.5,-0.41,16900000.0,338.0,2000675000.0
20260702,20260706,A463250,TIGER K방산&우주,일반,iSelect K방산&우주,50000.0,20230725,,677621.25,40455.0,1.52,40394.44,0.15,16750000.0,335.0,2019722000.0
20260702,20260707,A463250,TIGER K방산&우주,일반,iSelect K방산&우주,50000.0,20230725,,645628.75,38545.0,-4.72,38782.12,-0.61,16750000.0,335.0,1939106000.0000002
20260702,20260708,A463250,TIGER K방산&우주,일반,iSelect K방산&우주,50000.0,20230725,,587422.5,35070.0,-9.02,35211.91,-0.4,16750000.0,335.0,1760595500.0000002
20260702,20260709,A463250,TIGER K방산&우주,일반,iSelect K방산&우주,50000.0,20230725,,571007.5,34090.0,-2.79,34380.8,-0.85,16750000.0,335.0,1719040000.0000002
20260702,20260703,A464600,SOL 자동차소부장Fn,일반,FnGuide 자동차소부장지수(PR),50000.0,20230822,,27594.0,26280.0,1.37,26268.43,0.04,1050000.0,21.0,1313421500.0
20260702,20260706,A464600,SOL 자동차소부장Fn,일반,FnGuide 자동차소부장지수(PR),50000.0,20230822,,25660.0,25660.0,-2.36,25770.71,-0.43,1000000.0,20.0,1288535500.0
20260702,20260707,A464600,SOL 자동차소부장Fn,일반,FnGuide 자동차소부장지수(PR),50000.0,20230822,,24675.0,24675.0,-3.84,24775.21,-0.4,1000000.0,20.0,1238760500.0
20260702,20260708,A464600,SOL 자동차소부장Fn,일반,FnGuide 자동차소부장지수(PR),50000.0,20230822,,24690.75,23515.0,-4.7,23600.99,-0.36,1050000.0,21.0,1180049500.0
20260702,20260709,A464600,SOL 자동차소부장Fn,일반,FnGuide 자동차소부장지수(PR),50000.0,20230822,,23060.0,23060.0,-1.93,23197.43,-0.59,1000000.0,20.0,1159871500.0
20260702,20260703,A464610,SOL 의료기기소부장Fn,일반,FnGuide 의료기기소부장지수(PR),50000.0,20230822,,15318.0,8280.0,-1.31,8282.87,-0.03,1850000.0,37.0,414143500.00000006
20260702,20260706,A464610,SOL 의료기기소부장Fn,일반,FnGuide 의료기기소부장지수(PR),50000.0,20230822,,14874.0,8040.0,-2.9,8035.66,0.05,1850000.0,37.0,401783000.0
20260702,20260707,A464610,SOL 의료기기소부장Fn,일반,FnGuide 의료기기소부장지수(PR),50000.0,20230822,,16038.75,8225.0,2.3,8217.31,0.09,1950000.0,39.0,410865500.0
20260702,20260708,A464610,SOL 의료기기소부장Fn,일반,FnGuide 의료기기소부장지수(PR),50000.0,20230822,,15570.75,7985.0,-2.92,8005.67,-0.26,1950000.0,39.0,400283500.0
20260702,20260709,A464610,SOL 의료기기소부장Fn,일반,FnGuide 의료기기소부장지수(PR),50000.0,20230822,,15249.0,7820.0,-2.07,7838.85,-0.24,1950000.0,39.0,391942500.0
20260702,20260703,A465330,RISE 2차전지TOP10,일반,iSelect 2차전지 TOP10 지수(PR),25000.0,20230912,,62211.0,10680.0,0.8,10685.88,-0.06,5825000.0,233.0,267146999.99999997
20260702,20260706,A465330,RISE 2차전지TOP10,일반,iSelect 2차전지 TOP10 지수(PR),25000.0,20230912,,62627.25,10570.0,-1.03,10532.77,0.35,5925000.0,237.0,263319250.0
20260702,20260707,A465330,RISE 2차전지TOP10,일반,iSelect 2차전지 TOP10 지수(PR),25000.0,20230912,,61129.38,10405.0,-1.56,10365.99,0.38,5875000.0,235.0,259149750.0
20260702,20260708,A465330,RISE 2차전지TOP10,일반,iSelect 2차전지 TOP10 지수(PR),25000.0,20230912,,56047.75,9790.0,-5.91,9748.35,0.43,5725000.0,229.0,243708750.0
20260702,20260709,A465330,RISE 2차전지TOP10,일반,iSelect 2차전지 TOP10 지수(PR),25000.0,20230912,,55389.38,9675.0,-1.17,9683.67,-0.09,5725000.0,229.0,242091750.0
20260702,20260703,A465350,RISE 2차전지TOP10인버스(합성),인버스 1X,iSelect 2차전지 TOP10 인버스 지수(PR),25000.0,20230912,,41830.0,18800.0,0.19,18761.33,0.21,2225000.0,89.0,469033250.00000006
20260702,20260706,A465350,RISE 2차전지TOP10인버스(합성),인버스 1X,iSelect 2차전지 TOP10 인버스 지수(PR),25000.0,20230912,,42297.25,19010.0,1.12,19036.33,-0.14,2225000.0,89.0,475908250.00000006
20260702,20260707,A465350,RISE 2차전지TOP10인버스(합성),인버스 1X,iSelect 2차전지 TOP10 인버스 지수(PR),25000.0,20230912,,43276.25,19450.0,2.31,19343.56,0.55,2225000.0,89.0,483589000.00000006
20260702,20260708,A465350,RISE 2차전지TOP10인버스(합성),인버스 1X,iSelect 2차전지 TOP10 인버스 지수(PR),25000.0,20230912,,40500.0,20250.0,4.11,20524.46,-1.34,2000000.0,80.0,513111500.0
20260702,20260709,A465350,RISE 2차전지TOP10인버스(합성),인버스 1X,iSelect 2차전지 TOP10 인버스 지수(PR),25000.0,20230912,,40660.0,20330.0,0.4,20665.14,-1.62,2000000.0,80.0,516628500.0
20260702,20260703,A466810,BNK 2차전지양극재,일반,iSelect 2차전지양극재 지수,50000.0,20231019,,7854.0,5610.0,0.81,5586.13,0.43,1400000.0,28.0,279306500.0
20260702,20260706,A466810,BNK 2차전지양극재,일반,iSelect 2차전지양극재 지수,50000.0,20231019,,7770.0,5550.0,-1.07,5529.97,0.36,1400000.0,28.0,276498500.0
20260702,20260707,A466810,BNK 2차전지양극재,일반,iSelect 2차전지양극재 지수,50000.0,20231019,,7644.0,5460.0,-1.62,5438.79,0.39,1400000.0,28.0,271939500.0
20260702,20260708,A466810,BNK 2차전지양극재,일반,iSelect 2차전지양극재 지수,50000.0,20231019,,7161.0,5115.0,-6.32,5092.49,0.44,1400000.0,28.0,254624500.0
20260702,20260709,A466810,BNK 2차전지양극재,일반,iSelect 2차전지양극재 지수,50000.0,20231019,,7344.25,5065.0,-0.98,5093.96,-0.57,1450000.0,29.0,254698000.0
20260702,20260703,A466920,SOL 조선TOP3플러스,일반,FnGuide 조선TOP3플러스지수(PR),50000.0,20231005,,1669910.0,32300.0,0.59,32269.36,0.09,51700000.0,1034.0,1613468000.0
20260702,20260706,A466920,SOL 조선TOP3플러스,일반,FnGuide 조선TOP3플러스지수(PR),50000.0,20231005,,1713901.75,33055.0,2.34,33205.96,-0.45,51850000.0,1037.0,1660298000.0
20260702,20260707,A466920,SOL 조선TOP3플러스,일반,FnGuide 조선TOP3플러스지수(PR),50000.0,20231005,,1558500.0,30000.0,-9.24,29990.63,0.03,51950000.0,1039.0,1499531500.0
20260702,20260708,A466920,SOL 조선TOP3플러스,일반,FnGuide 조선TOP3플러스지수(PR),50000.0,20231005,,1452002.5,27950.0,-6.83,28032.79,-0.3,51950000.0,1039.0,1401639500.0
20260702,20260709,A466920,SOL 조선TOP3플러스,일반,FnGuide 조선TOP3플러스지수(PR),50000.0,20231005,,1422060.0,27400.0,-1.97,27299.89,0.37,51900000.0,1038.0,1364994500.0
20260702,20260703,A466930,SOL 자동차TOP3플러스,일반,FnGuide 자동차TOP3플러스지수(PR),50000.0,20231005,,342898.5,30345.0,2.76,30301.19,0.14,11300000.0,226.0,1515059500.0
20260702,20260706,A466930,SOL 자동차TOP3플러스,일반,FnGuide 자동차TOP3플러스지수(PR),50000.0,20231005,,344925.25,30935.0,1.94,30889.16,0.15,11150000.0,223.0,1544458000.0
20260702,20260707,A466930,SOL 자동차TOP3플러스,일반,FnGuide 자동차TOP3플러스지수(PR),50000.0,20231005,,324952.5,29275.0,-5.37,29429.38,-0.52,11100000.0,222.0,1471469000.0
20260702,20260708,A466930,SOL 자동차TOP3플러스,일반,FnGuide 자동차TOP3플러스지수(PR),50000.0,20231005,,320346.0,28860.0,-1.42,28816.95,0.15,11100000.0,222.0,1440847500.0
20260702,20260709,A466930,SOL 자동차TOP3플러스,일반,FnGuide 자동차TOP3플러스지수(PR),50000.0,20231005,,302714.75,27395.0,-5.08,27481.57,-0.32,11050000.0,221.0,1374078500.0
20260702,20260703,A466940,TIGER 은행고배당플러스TOP10,일반,FnGuide 은행고배당플러스TOP10 지수(시장가격 지수),50000.0,20231017,,821117.25,26445.0,4.34,26406.3,0.15,31050000.0,621.0,1320315000.0
20260702,20260706,A466940,TIGER 은행고배당플러스TOP10,일반,FnGuide 은행고배당플러스TOP10 지수(시장가격 지수),50000.0,20231017,,823683.5,26485.0,0.15,26577.47,-0.35,31100000.0,622.0,1328873500.0
20260702,20260707,A466940,TIGER 은행고배당플러스TOP10,일반,FnGuide 은행고배당플러스TOP10 지수(시장가격 지수),50000.0,20231017,,830432.25,26745.0,0.98,26884.33,-0.52,31050000.0,621.0,1344216500.0
20260702,20260708,A466940,TIGER 은행고배당플러스TOP10,일반,FnGuide 은행고배당플러스TOP10 지수(시장가격 지수),50000.0,20231017,,819802.5,26150.0,-2.22,26199.01,-0.19,31350000.0,627.0,1309950500.0
20260702,20260709,A466940,TIGER 은행고배당플러스TOP10,일반,FnGuide 은행고배당플러스TOP10 지수(시장가격 지수),50000.0,20231017,,798761.25,25725.0,-1.63,25663.97,0.24,31050000.0,621.0,1283198500.0
20260702,20260703,A469070,RISE AI&로봇,일반,iSelect AI&로봇 지수(시장가격),50000.0,20231024,,358475.0,11030.0,0.0,11039.39,-0.09,32500000.0,650.0,551969500.0
20260702,20260706,A469070,RISE AI&로봇,일반,iSelect AI&로봇 지수(시장가격),50000.0,20231024,,354306.75,10885.0,-1.31,10935.03,-0.46,32550000.0,651.0,546751500.0
20260702,20260707,A469070,RISE AI&로봇,일반,iSelect AI&로봇 지수(시장가격),50000.0,20231024,,343728.0,10560.0,-2.99,10617.72,-0.54,32550000.0,651.0,530885999.99999994
20260702,20260708,A469070,RISE AI&로봇,일반,iSelect AI&로봇 지수(시장가격),50000.0,20231024,,326639.25,10035.0,-4.97,10083.81,-0.48,32550000.0,651.0,504190500.0
20260702,20260709,A469070,RISE AI&로봇,일반,iSelect AI&로봇 지수(시장가격),50000.0,20231024,,326978.0,10030.0,-0.05,10047.72,-0.18,32600000.0,652.0,502385999.99999994
20260702,20260703,A469150,ACE AI반도체TOP3+,일반,FnGuide AI 반도체 TOP3+ 지수,50000.0,20231017,,1347233.0,69445.0,5.95,69474.88,-0.04,19400000.0,388.0,3473744000.0
20260702,20260706,A469150,ACE AI반도체TOP3+,일반,FnGuide AI 반도체 TOP3+ 지수,50000.0,20231017,,1323177.0,68205.0,-1.79,68187.38,0.03,19400000.0,388.0,3409369000.0
20260702,20260707,A469150,ACE AI반도체TOP3+,일반,FnGuide AI 반도체 TOP3+ 지수,50000.0,20231017,,1248881.5,63395.0,-7.05,63836.8,-0.69,19700000.0,394.0,3191840000.0
20260702,20260708,A469150,ACE AI반도체TOP3+,일반,FnGuide AI 반도체 TOP3+ 지수,50000.0,20231017,,1103217.75,59795.0,-5.68,59773.14,0.04,18450000.0,369.0,2988657000.0
20260702,20260709,A469150,ACE AI반도체TOP3+,일반,FnGuide AI 반도체 TOP3+ 지수,50000.0,20231017,,1150885.0,62210.0,4.04,62367.31,-0.25,18500000.0,370.0,3118365500.0
20260702,20260703,A469170,ACE 포스코그룹포커스,일반,FnGuide 포스코그룹포커스 지수(시장가격),50000.0,20231017,,103037.0,5510.0,-1.43,5509.73,0.0,18700000.0,374.0,275486500.0
20260702,20260706,A469170,ACE 포스코그룹포커스,일반,FnGuide 포스코그룹포커스 지수(시장가격),50000.0,20231017,,103957.75,5515.0,0.09,5494.56,0.37,18850000.0,377.0,274728000.0
20260702,20260707,A469170,ACE 포스코그룹포커스,일반,FnGuide 포스코그룹포커스 지수(시장가격),50000.0,20231017,,102249.0,5410.0,-1.9,5406.1,0.07,18900000.0,378.0,270305000.0
20260702,20260708,A469170,ACE 포스코그룹포커스,일반,FnGuide 포스코그룹포커스 지수(시장가격),50000.0,20231017,,97403.0,5140.0,-4.99,5148.34,-0.16,18950000.0,379.0,257417000.0
20260702,20260709,A469170,ACE 포스코그룹포커스,일반,FnGuide 포스코그룹포커스 지수(시장가격),50000.0,20231017,,97410.0,5100.0,-0.78,5123.15,-0.45,19100000.0,382.0,256157499.99999997
20260702,20260703,A469790,KIWOOM 코리아테크TOP10,일반,Solactive K-TechTOP10 Index(PR),100000.0,20231031,,52070.0,52070.0,5.27,51962.77,0.21,1000000.0,10.0,5196277000.0
20260702,20260706,A469790,KIWOOM 코리아테크TOP10,일반,Solactive K-TechTOP10 Index(PR),100000.0,20231031,,51140.0,51140.0,-1.79,51036.82,0.2,1000000.0,10.0,5103682000.0
20260702,20260707,A469790,KIWOOM 코리아테크TOP10,일반,Solactive K-TechTOP10 Index(PR),100000.0,20231031,,48210.0,48210.0,-5.73,48478.7,-0.55,1000000.0,10.0,4847870000.0
20260702,20260708,A469790,KIWOOM 코리아테크TOP10,일반,Solactive K-TechTOP10 Index(PR),100000.0,20231031,,36752.0,45940.0,-4.71,45831.79,0.24,800000.0,8.0,4583179000.0
20260702,20260709,A469790,KIWOOM 코리아테크TOP10,일반,Solactive K-TechTOP10 Index(PR),100000.0,20231031,,36944.0,46180.0,0.52,46249.77,-0.15,800000.0,8.0,4624977000.0
20260702,20260703,A470310,UNICORN 생성형AI강소기업액티브,일반,iSelect AI 지수,50000.0,20231121,,5128.5,17095.0,1.7,17167.96,-0.42,300000.0,6.0,858398000.0
20260702,20260706,A470310,UNICORN 생성형AI강소기업액티브,일반,iSelect AI 지수,50000.0,20231121,,5062.5,16875.0,-1.29,16851.85,0.14,300000.0,6.0,842592499.9999999
20260702,20260707,A470310,UNICORN 생성형AI강소기업액티브,일반,iSelect AI 지수,50000.0,20231121,,5053.5,16845.0,-0.18,16722.74,0.73,300000.0,6.0,836137000.0000001
20260702,20260708,A470310,UNICORN 생성형AI강소기업액티브,일반,iSelect AI 지수,50000.0,20231121,,4837.5,16125.0,-4.27,16181.32,-0.35,300000.0,6.0,809066000.0
20260702,20260709,A470310,UNICORN 생성형AI강소기업액티브,일반,iSelect AI 지수,50000.0,20231121,,4770.0,15900.0,-1.4,15844.49,0.35,300000.0,6.0,792224500.0
20260702,20260703,A471760,TIGER AI반도체핵심공정,일반,iSelect AI반도체핵심공정지수,50000.0,20231121,,146850.0,16500.0,2.61,16498.56,0.01,8900000.0,178.0,824928000.0000001
20260702,20260706,A471760,TIGER AI반도체핵심공정,일반,iSelect AI반도체핵심공정지수,50000.0,20231121,,140175.0,15750.0,-4.55,15754.72,-0.03,8900000.0,178.0,787736000.0
20260702,20260707,A471760,TIGER AI반도체핵심공정,일반,iSelect AI반도체핵심공정지수,50000.0,20231121,,134799.75,14895.0,-5.43,14940.25,-0.3,9050000.0,181.0,747012500.0
20260702,20260708,A471760,TIGER AI반도체핵심공정,일반,iSelect AI반도체핵심공정지수,50000.0,20231121,,125749.75,13895.0,-6.71,13947.89,-0.38,9050000.0,181.0,697394500.0
20260702,20260709,A471760,TIGER AI반도체핵심공정,일반,iSelect AI반도체핵심공정지수,50000.0,20231121,,131541.75,14535.0,4.61,14523.02,0.08,9050000.0,181.0,726151000.0
20260702,20260703,A471780,TIGER 코리아테크액티브,일반,KRX 정보기술,10000.0,20231128,,319680.0,44400.0,4.52,44292.72,0.24,7200000.0,720.0,442927200.0
20260702,20260706,A471780,TIGER 코리아테크액티브,일반,KRX 정보기술,10000.0,20231128,,311315.0,42940.0,-3.29,42724.96,0.5,7250000.0,725.0,427249600.0
20260702,20260707,A471780,TIGER 코리아테크액티브,일반,KRX 정보기술,10000.0,20231128,,287716.25,39685.0,-7.58,39908.08,-0.56,7250000.0,725.0,399080800.0
20260702,20260708,A471780,TIGER 코리아테크액티브,일반,KRX 정보기술,10000.0,20231128,,269736.25,37205.0,-6.25,37367.78,-0.44,7250000.0,725.0,373677800.0
20260702,20260709,A471780,TIGER 코리아테크액티브,일반,KRX 정보기술,10000.0,20231128,,278824.0,38300.0,2.94,38305.73,-0.01,7280000.0,728.0,383057300.00000006
20260702,20260703,A471990,KODEX AI반도체핵심장비,일반,iSelect AI 반도체핵심장비 지수,50000.0,20231121,,416670.0,25800.0,-2.48,25693.35,0.42,16150000.0,323.0,1284667500.0
20260702,20260706,A471990,KODEX AI반도체핵심장비,일반,iSelect AI 반도체핵심장비 지수,50000.0,20231121,,402882.0,24270.0,-5.93,24366.6,-0.4,16600000.0,332.0,1218330000.0
20260702,20260707,A471990,KODEX AI반도체핵심장비,일반,iSelect AI 반도체핵심장비 지수,50000.0,20231121,,382049.0,23015.0,-5.17,23118.91,-0.45,16600000.0,332.0,1155945500.0
20260702,20260708,A471990,KODEX AI반도체핵심장비,일반,iSelect AI 반도체핵심장비 지수,50000.0,20231121,,349320.0,21300.0,-7.45,21376.74,-0.36,16400000.0,328.0,1068837000.0000001
20260702,20260709,A471990,KODEX AI반도체핵심장비,일반,iSelect AI 반도체핵심장비 지수,50000.0,20231121,,372921.5,22670.0,6.43,22709.38,-0.17,16450000.0,329.0,1135469000.0
20260702,20260703,A472150,TIGER 배당커버드콜액티브,일반,코스피 200 커버드콜 5% OTM 지수(PR 지수),10000.0,20231212,,2409422.4,25440.0,5.85,25415.42,0.1,94710000.0,9471.0,254154199.99999997
20260702,20260706,A472150,TIGER 배당커버드콜액티브,일반,코스피 200 커버드콜 5% OTM 지수(PR 지수),10000.0,20231212,,2392374.6,25260.0,-0.71,25284.82,-0.1,94710000.0,9471.0,252848200.0
20260702,20260707,A472150,TIGER 배당커버드콜액티브,일반,코스피 200 커버드콜 5% OTM 지수(PR 지수),10000.0,20231212,,2297244.9,23865.0,-5.52,23938.76,-0.31,96260000.0,9626.0,239387599.99999997
20260702,20260708,A472150,TIGER 배당커버드콜액티브,일반,코스피 200 커버드콜 5% OTM 지수(PR 지수),10000.0,20231212,,2177265.6,22560.0,-5.47,22541.48,0.08,96510000.0,9651.0,225414800.0
20260702,20260709,A472150,TIGER 배당커버드콜액티브,일반,코스피 200 커버드콜 5% OTM 지수(PR 지수),10000.0,20231212,,2205815.85,22785.0,1.0,22782.68,0.01,96810000.0,9681.0,227826800.0
20260702,20260703,A472720,TRUSTON 주주가치액티브,일반,코스피 200,20000.0,20231214,,15220.4,29270.0,4.55,29101.63,0.58,520000.0,26.0,582032600.0
20260702,20260706,A472720,TRUSTON 주주가치액티브,일반,코스피 200,20000.0,20231214,,15111.2,29060.0,-0.72,28948.28,0.39,520000.0,26.0,578965600.0
20260702,20260707,A472720,TRUSTON 주주가치액티브,일반,코스피 200,20000.0,20231214,,14487.2,27860.0,-4.13,27983.32,-0.44,520000.0,26.0,559666400.0
20260702,20260708,A472720,TRUSTON 주주가치액티브,일반,코스피 200,20000.0,20231214,,13868.4,26670.0,-4.27,26794.27,-0.46,520000.0,26.0,535885400.0
20260702,20260709,A472720,TRUSTON 주주가치액티브,일반,코스피 200,20000.0,20231214,,13954.2,26835.0,0.62,26699.12,0.51,520000.0,26.0,533982400.0
20260702,20260703,A472840,IBK 200,일반,코스피 200,25000.0,20231221,,48931.88,130485.0,6.6,130025.35,0.35,375000.0,15.0,3250633750.0
20260702,20260706,A472840,IBK 200,일반,코스피 200,25000.0,20231221,,48545.63,129455.0,-0.79,129409.76,0.03,375000.0,15.0,3235244000.0
20260702,20260707,A472840,IBK 200,일반,코스피 200,25000.0,20231221,,45590.63,121575.0,-6.09,122671.63,-0.89,375000.0,15.0,3066790750.0
20260702,20260708,A472840,IBK 200,일반,코스피 200,25000.0,20231221,,43492.5,115980.0,-4.6,115927.83,0.05,375000.0,15.0,2898195750.0
20260702,20260709,A472840,IBK 200,일반,코스피 200,25000.0,20231221,,43794.38,116785.0,0.69,117075.6,-0.25,375000.0,15.0,2926890000.0
20260702,20260703,A474590,WON 반도체밸류체인액티브,일반,FnGuide 반도체 밸류체인 (Price Return) 지수,50000.0,20240116,,429826.75,54755.0,3.95,54646.83,0.2,7850000.0,157.0,2732341500.0
20260702,20260706,A474590,WON 반도체밸류체인액티브,일반,FnGuide 반도체 밸류체인 (Price Return) 지수,50000.0,20240116,,418209.75,52605.0,-3.93,52847.89,-0.46,7950000.0,159.0,2642394500.0
20260702,20260707,A474590,WON 반도체밸류체인액티브,일반,FnGuide 반도체 밸류체인 (Price Return) 지수,50000.0,20240116,,412136.5,49655.0,-5.61,49554.79,0.2,8300000.0,166.0,2477739500.0
20260702,20260708,A474590,WON 반도체밸류체인액티브,일반,FnGuide 반도체 밸류체인 (Price Return) 지수,50000.0,20240116,,392713.75,46475.0,-6.4,46667.63,-0.41,8450000.0,169.0,2333381500.0
20260702,20260709,A474590,WON 반도체밸류체인액티브,일반,FnGuide 반도체 밸류체인 (Price Return) 지수,50000.0,20240116,,409587.75,47905.0,3.08,48203.93,-0.62,8550000.0,171.0,2410196500.0
20260702,20260703,A475050,ACE KPOP포커스,일반,iSelect K-POP 포커스지수(시장가격),50000.0,20240130,,106506.5,7690.0,-3.75,7683.8,0.08,13850000.0,277.0,384190000.0
20260702,20260706,A475050,ACE KPOP포커스,일반,iSelect K-POP 포커스지수(시장가격),50000.0,20240130,,108999.5,7870.0,2.34,7889.37,-0.25,13850000.0,277.0,394468500.0
20260702,20260707,A475050,ACE KPOP포커스,일반,iSelect K-POP 포커스지수(시장가격),50000.0,20240130,,114738.75,8225.0,4.51,8207.02,0.22,13950000.0,279.0,410351000.0
20260702,20260708,A475050,ACE KPOP포커스,일반,iSelect K-POP 포커스지수(시장가격),50000.0,20240130,,112189.25,7985.0,-2.92,7954.38,0.38,14050000.0,281.0,397719000.0
20260702,20260709,A475050,ACE KPOP포커스,일반,iSelect K-POP 포커스지수(시장가격),50000.0,20240130,,106807.5,7575.0,-5.13,7571.71,0.04,14100000.0,282.0,378585500.0
20260702,20260703,A475300,SOL 반도체전공정,일반,FnGuide 반도체 전공정 지수(PR),50000.0,20240214,,304725.0,25500.0,-2.04,25412.96,0.34,11950000.0,239.0,1270648000.0
20260702,20260706,A475300,SOL 반도체전공정,일반,FnGuide 반도체 전공정 지수(PR),50000.0,20240214,,328522.0,23720.0,-6.98,23833.6,-0.48,13850000.0,277.0,1191680000.0
20260702,20260707,A475300,SOL 반도체전공정,일반,FnGuide 반도체 전공정 지수(PR),50000.0,20240214,,319962.5,22375.0,-5.67,22439.21,-0.29,14300000.0,286.0,1121960500.0
20260702,20260708,A475300,SOL 반도체전공정,일반,FnGuide 반도체 전공정 지수(PR),50000.0,20240214,,296725.0,20750.0,-7.26,20870.17,-0.58,14300000.0,286.0,1043508499.9999999
20260702,20260709,A475300,SOL 반도체전공정,일반,FnGuide 반도체 전공정 지수(PR),50000.0,20240214,,300268.0,21680.0,4.48,21838.37,-0.73,13850000.0,277.0,1091918500.0
20260702,20260703,A475310,SOL 반도체후공정,일반,FnGuide 반도체 후공정 지수(PR),50000.0,20240214,,79156.0,28270.0,-0.34,28181.03,0.32,2800000.0,56.0,1409051500.0
20260702,20260706,A475310,SOL 반도체후공정,일반,FnGuide 반도체 후공정 지수(PR),50000.0,20240214,,78474.0,27060.0,-4.28,26986.2,0.27,2900000.0,58.0,1349310000.0
20260702,20260707,A475310,SOL 반도체후공정,일반,FnGuide 반도체 후공정 지수(PR),50000.0,20240214,,72632.25,25485.0,-5.82,25551.06,-0.26,2850000.0,57.0,1277553000.0
20260702,20260708,A475310,SOL 반도체후공정,일반,FnGuide 반도체 후공정 지수(PR),50000.0,20240214,,67245.75,23595.0,-7.42,23693.15,-0.41,2850000.0,57.0,1184657500.0
20260702,20260709,A475310,SOL 반도체후공정,일반,FnGuide 반도체 후공정 지수(PR),50000.0,20240214,,67265.0,24460.0,3.67,24591.4,-0.53,2750000.0,55.0,1229570000.0
20260702,20260703,A475720,RISE 200위클리커버드콜,일반,코스피 200 위클리 커버드콜 ATM 지수,50000.0,20240305,,926445.75,14835.0,4.11,14779.02,0.38,62450000.0,1249.0,738951000.0
20260702,20260706,A475720,RISE 200위클리커버드콜,일반,코스피 200 위클리 커버드콜 ATM 지수,50000.0,20240305,,916285.5,14755.0,-0.54,14836.23,-0.55,62100000.0,1242.0,741811500.0
20260702,20260707,A475720,RISE 200위클리커버드콜,일반,코스피 200 위클리 커버드콜 ATM 지수,50000.0,20240305,,895442.5,14270.0,-3.29,14289.48,-0.14,62750000.0,1255.0,714474000.0
20260702,20260708,A475720,RISE 200위클리커버드콜,일반,코스피 200 위클리 커버드콜 ATM 지수,50000.0,20240305,,853008.0,13670.0,-4.2,13616.36,0.39,62400000.0,1248.0,680818000.0
20260702,20260709,A475720,RISE 200위클리커버드콜,일반,코스피 200 위클리 커버드콜 ATM 지수,50000.0,20240305,,858312.0,13755.0,0.62,13758.43,-0.02,62400000.0,1248.0,687921500.0
20260702,20260703,A476000,UNICORN 포스트IPO액티브,일반,iSelect 포스트 IPO 지수,50000.0,20240227,,3553.0,6460.0,-2.05,6526.97,-1.03,550000.0,11.0,326348500.0
20260702,20260706,A476000,UNICORN 포스트IPO액티브,일반,iSelect 포스트 IPO 지수,50000.0,20240227,,3520.0,6400.0,-0.93,6356.85,0.68,550000.0,11.0,317842500.0
20260702,20260707,A476000,UNICORN 포스트IPO액티브,일반,iSelect 포스트 IPO 지수,50000.0,20240227,,3478.75,6325.0,-1.17,6288.04,0.59,550000.0,11.0,314402000.0
20260702,20260708,A476000,UNICORN 포스트IPO액티브,일반,iSelect 포스트 IPO 지수,50000.0,20240227,,3212.0,5840.0,-7.67,5825.98,0.24,550000.0,11.0,291299000.0
20260702,20260709,A476000,UNICORN 포스트IPO액티브,일반,iSelect 포스트 IPO 지수,50000.0,20240227,,3124.0,5680.0,-2.74,5750.54,-1.23,550000.0,11.0,287527000.0
20260702,20260703,A476260,HANARO 반도체핵심공정주도주,일반,FnGuide 반도체 핵심공정 주도주 지수,50000.0,20240227,,53733.75,15575.0,0.97,15550.6,0.16,3450000.0,69.0,777530000.0
20260702,20260706,A476260,HANARO 반도체핵심공정주도주,일반,FnGuide 반도체 핵심공정 주도주 지수,50000.0,20240227,,61740.0,14700.0,-5.62,14685.43,0.1,4200000.0,84.0,734271500.0
20260702,20260707,A476260,HANARO 반도체핵심공정주도주,일반,FnGuide 반도체 핵심공정 주도주 지수,50000.0,20240227,,58522.5,13770.0,-6.33,13763.07,0.05,4250000.0,85.0,688153500.0
20260702,20260708,A476260,HANARO 반도체핵심공정주도주,일반,FnGuide 반도체 핵심공정 주도주 지수,50000.0,20240227,,53078.5,12790.0,-7.12,12840.05,-0.39,4150000.0,83.0,642002500.0
20260702,20260709,A476260,HANARO 반도체핵심공정주도주,일반,FnGuide 반도체 핵심공정 주도주 지수,50000.0,20240227,,53300.0,13325.0,4.18,13232.8,0.7,4000000.0,80.0,661640000.0
20260702,20260703,A476850,KoAct 배당성장액티브,일반,코스피지수,50000.0,20240227,,113590.75,24965.0,4.41,25024.76,-0.24,4550000.0,91.0,1251238000.0
20260702,20260706,A476850,KoAct 배당성장액티브,일반,코스피지수,50000.0,20240227,,113499.75,24945.0,-0.08,24865.05,0.32,4550000.0,91.0,1243252500.0
20260702,20260707,A476850,KoAct 배당성장액티브,일반,코스피지수,50000.0,20240227,,108472.0,23840.0,-4.43,23937.75,-0.41,4550000.0,91.0,1196887500.0
20260702,20260708,A476850,KoAct 배당성장액티브,일반,코스피지수,50000.0,20240227,,103330.5,22710.0,-4.74,22718.36,-0.04,4550000.0,91.0,1135918000.0
20260702,20260709,A476850,KoAct 배당성장액티브,일반,코스피지수,50000.0,20240227,,103376.0,22720.0,0.04,22700.78,0.08,4550000.0,91.0,1135039000.0
20260702,20260703,A479850,HANARO K-뷰티,일반,FnGuide K-뷰티 지수,50000.0,20240416,,26240.0,16400.0,-1.32,16376.04,0.15,1600000.0,32.0,818802000.0
20260702,20260706,A479850,HANARO K-뷰티,일반,FnGuide K-뷰티 지수,50000.0,20240416,,25148.75,16225.0,-1.07,16296.22,-0.44,1550000.0,31.0,814811000.0
20260702,20260707,A479850,HANARO K-뷰티,일반,FnGuide K-뷰티 지수,50000.0,20240416,,25365.0,16910.0,4.22,17012.3,-0.6,1500000.0,30.0,850615000.0
20260702,20260708,A479850,HANARO K-뷰티,일반,FnGuide K-뷰티 지수,50000.0,20240416,,24517.5,16345.0,-3.34,16452.13,-0.65,1500000.0,30.0,822606500.0
20260702,20260709,A479850,HANARO K-뷰티,일반,FnGuide K-뷰티 지수,50000.0,20240416,,23400.0,15600.0,-4.56,15656.77,-0.36,1500000.0,30.0,782838500.0
20260702,20260703,A482030,KoAct 반도체&2차전지핵심소재액티브,일반,iSelect 반도체&2차전지핵심소재 지수,50000.0,20240514,,10069.5,9590.0,1.16,9567.74,0.23,1050000.0,21.0,478387000.0
20260702,20260706,A482030,KoAct 반도체&2차전지핵심소재액티브,일반,iSelect 반도체&2차전지핵심소재 지수,50000.0,20240514,,9780.75,9315.0,-2.87,9258.45,0.61,1050000.0,21.0,462922500.00000006
20260702,20260707,A482030,KoAct 반도체&2차전지핵심소재액티브,일반,iSelect 반도체&2차전지핵심소재 지수,50000.0,20240514,,9350.25,8905.0,-4.4,8939.53,-0.39,1050000.0,21.0,446976500.00000006
20260702,20260708,A482030,KoAct 반도체&2차전지핵심소재액티브,일반,iSelect 반도체&2차전지핵심소재 지수,50000.0,20240514,,8688.75,8275.0,-7.07,8328.92,-0.65,1050000.0,21.0,416446000.0
20260702,20260709,A482030,KoAct 반도체&2차전지핵심소재액티브,일반,iSelect 반도체&2차전지핵심소재 지수,50000.0,20240514,,8804.25,8385.0,1.33,8459.98,-0.89,1050000.0,21.0,422999000.0
20260702,20260703,A483020,KIWOOM 의료AI,일반,FnGuide 의료AI 지수,50000.0,20240528,,5880.0,9800.0,1.24,9776.01,0.25,600000.0,12.0,488800500.0
20260702,20260706,A483020,KIWOOM 의료AI,일반,FnGuide 의료AI 지수,50000.0,20240528,,5721.0,9535.0,-2.7,9557.18,-0.23,600000.0,12.0,477859000.0
20260702,20260707,A483020,KIWOOM 의료AI,일반,FnGuide 의료AI 지수,50000.0,20240528,,5802.0,9670.0,1.42,9640.98,0.3,600000.0,12.0,482049000.0
20260702,20260708,A483020,KIWOOM 의료AI,일반,FnGuide 의료AI 지수,50000.0,20240528,,5583.0,9305.0,-3.77,9328.01,-0.25,600000.0,12.0,466400500.0
20260702,20260709,A483020,KIWOOM 의료AI,일반,FnGuide 의료AI 지수,50000.0,20240528,,5493.0,9155.0,-1.61,9122.86,0.35,600000.0,12.0,456143000.0
20260702,20260703,A484880,SOL 금융지주플러스고배당,일반,FnGuide 금융지주플러스고배당 지수(PR),50000.0,20240625,,348864.25,22435.0,4.52,22477.22,-0.19,15550000.0,311.0,1123861000.0
20260702,20260706,A484880,SOL 금융지주플러스고배당,일반,FnGuide 금융지주플러스고배당 지수(PR),50000.0,20240625,,351075.0,22650.0,0.96,22640.67,0.04,15500000.0,310.0,1132033500.0
20260702,20260707,A484880,SOL 금융지주플러스고배당,일반,FnGuide 금융지주플러스고배당 지수(PR),50000.0,20240625,,353032.5,22850.0,0.88,22843.69,0.03,15450000.0,309.0,1142184500.0
20260702,20260708,A484880,SOL 금융지주플러스고배당,일반,FnGuide 금융지주플러스고배당 지수(PR),50000.0,20240625,,341998.0,22280.0,-2.49,22267.45,0.06,15350000.0,307.0,1113372500.0
20260702,20260709,A484880,SOL 금융지주플러스고배당,일반,FnGuide 금융지주플러스고배당 지수(PR),50000.0,20240625,,335704.5,21870.0,-1.84,21905.94,-0.16,15350000.0,307.0,1095297000.0
20260702,20260703,A486240,DAISHIN343 AI반도체&인프라액티브,일반,FnGuide AI반도체&인프라 지수,100000.0,20240618,,110416.0,34505.0,4.4,34358.04,0.43,3200000.0,32.0,3435804000.0
20260702,20260706,A486240,DAISHIN343 AI반도체&인프라액티브,일반,FnGuide AI반도체&인프라 지수,100000.0,20240618,,108960.0,34050.0,-1.32,33514.39,1.6,3200000.0,32.0,3351439000.0
20260702,20260707,A486240,DAISHIN343 AI반도체&인프라액티브,일반,FnGuide AI반도체&인프라 지수,100000.0,20240618,,101344.0,31670.0,-6.99,31529.57,0.45,3200000.0,32.0,3152957000.0
20260702,20260708,A486240,DAISHIN343 AI반도체&인프라액티브,일반,FnGuide AI반도체&인프라 지수,100000.0,20240618,,94800.0,29625.0,-6.46,29514.91,0.37,3200000.0,32.0,2951491000.0
20260702,20260709,A486240,DAISHIN343 AI반도체&인프라액티브,일반,FnGuide AI반도체&인프라 지수,100000.0,20240618,,102986.0,30290.0,2.24,30160.58,0.43,3400000.0,34.0,3016058000.0
20260702,20260703,A487130,KoAct AI인프라액티브,일반,Solactive AI인프라 지수,50000.0,20240709,,76762.5,33375.0,-0.73,33223.12,0.46,2300000.0,46.0,1661156000.0000002
20260702,20260706,A487130,KoAct AI인프라액티브,일반,Solactive AI인프라 지수,50000.0,20240709,,73370.0,31900.0,-4.42,31974.31,-0.23,2300000.0,46.0,1598715500.0
20260702,20260707,A487130,KoAct AI인프라액티브,일반,Solactive AI인프라 지수,50000.0,20240709,,68781.5,29905.0,-6.25,30002.83,-0.33,2300000.0,46.0,1500141500.0
20260702,20260708,A487130,KoAct AI인프라액티브,일반,Solactive AI인프라 지수,50000.0,20240709,,64469.0,28030.0,-6.27,28035.49,-0.02,2300000.0,46.0,1401774500.0
20260702,20260709,A487130,KoAct AI인프라액티브,일반,Solactive AI인프라 지수,50000.0,20240709,,65619.0,28530.0,1.78,28744.39,-0.75,2300000.0,46.0,1437219500.0
20260702,20260703,A487240,KODEX AI전력핵심설비,일반,iSelect AI 전력핵심설비 지수(Price Return),100000.0,20240709,,3504847.5,42075.0,-2.84,41878.08,0.47,83300000.0,833.0,4187808000.0
20260702,20260706,A487240,KODEX AI전력핵심설비,일반,iSelect AI 전력핵심설비 지수(Price Return),100000.0,20240709,,3394365.0,40170.0,-4.53,40134.75,0.09,84500000.0,845.0,4013475000.0
20260702,20260707,A487240,KODEX AI전력핵심설비,일반,iSelect AI 전력핵심설비 지수(Price Return),100000.0,20240709,,3239595.0,37890.0,-5.68,37998.49,-0.29,85500000.0,855.0,3799849000.0
20260702,20260708,A487240,KODEX AI전력핵심설비,일반,iSelect AI 전력핵심설비 지수(Price Return),100000.0,20240709,,2961840.0,34400.0,-9.21,34565.29,-0.48,86100000.0,861.0,3456529000.0
20260702,20260709,A487240,KODEX AI전력핵심설비,일반,iSelect AI 전력핵심설비 지수(Price Return),100000.0,20240709,,3018724.0,35020.0,1.8,35066.95,-0.13,86200000.0,862.0,3506694999.9999995
20260702,20260703,A487750,BNK 온디바이스AI,일반,FnGuide 온디바이스AI 지수,50000.0,20240723,,14800.0,37000.0,4.28,37234.0,-0.63,400000.0,8.0,1861700000.0
20260702,20260706,A487750,BNK 온디바이스AI,일반,FnGuide 온디바이스AI 지수,50000.0,20240723,,14416.0,36040.0,-2.59,36124.83,-0.23,400000.0,8.0,1806241500.0
20260702,20260707,A487750,BNK 온디바이스AI,일반,FnGuide 온디바이스AI 지수,50000.0,20240723,,13484.0,33710.0,-6.47,33906.63,-0.58,400000.0,8.0,1695331499.9999998
20260702,20260708,A487750,BNK 온디바이스AI,일반,FnGuide 온디바이스AI 지수,50000.0,20240723,,12694.0,31735.0,-5.86,31791.57,-0.18,400000.0,8.0,1589578500.0
20260702,20260709,A487750,BNK 온디바이스AI,일반,FnGuide 온디바이스AI 지수,50000.0,20240723,,13090.0,32725.0,3.12,32881.51,-0.48,400000.0,8.0,1644075500.0
20260702,20260703,A488080,TIGER 반도체TOP10레버리지,레버리지,FnGuide 반도체TOP10레버리지(2x) 지수(PR),50000.0,20240723,,730240.0,65200.0,8.41,64675.49,0.81,11200000.0,224.0,3233774500.0
20260702,20260706,A488080,TIGER 반도체TOP10레버리지,레버리지,FnGuide 반도체TOP10레버리지(2x) 지수(PR),50000.0,20240723,,688856.0,61505.0,-5.67,61748.39,-0.39,11200000.0,224.0,3087419500.0
20260702,20260707,A488080,TIGER 반도체TOP10레버리지,레버리지,FnGuide 반도체TOP10레버리지(2x) 지수(PR),50000.0,20240723,,606850.0,53000.0,-13.83,53565.25,-1.06,11450000.0,229.0,2678262500.0
20260702,20260708,A488080,TIGER 반도체TOP10레버리지,레버리지,FnGuide 반도체TOP10레버리지(2x) 지수(PR),50000.0,20240723,,532380.0,46700.0,-11.89,47130.09,-0.91,11400000.0,228.0,2356504500.0
20260702,20260709,A488080,TIGER 반도체TOP10레버리지,레버리지,FnGuide 반도체TOP10레버리지(2x) 지수(PR),50000.0,20240723,,573004.75,50485.0,8.1,50366.44,0.24,11350000.0,227.0,2518322000.0
20260702,20260703,A488200,KIWOOM K-2차전지북미공급망,일반,Solactive K-Battery North America Supply Chain 지수,50000.0,20240723,,10184.0,12730.0,-0.47,12818.27,-0.69,800000.0,16.0,640913500.0
20260702,20260706,A488200,KIWOOM K-2차전지북미공급망,일반,Solactive K-Battery North America Supply Chain 지수,50000.0,20240723,,10040.0,12550.0,-1.41,12556.44,-0.05,800000.0,16.0,627822000.0
20260702,20260707,A488200,KIWOOM K-2차전지북미공급망,일반,Solactive K-Battery North America Supply Chain 지수,50000.0,20240723,,9176.25,12235.0,-2.51,12287.89,-0.43,750000.0,15.0,614394500.0
20260702,20260708,A488200,KIWOOM K-2차전지북미공급망,일반,Solactive K-Battery North America Supply Chain 지수,50000.0,20240723,,8655.0,11540.0,-5.68,11551.33,-0.1,750000.0,15.0,577566500.0
20260702,20260709,A488200,KIWOOM K-2차전지북미공급망,일반,Solactive K-Battery North America Supply Chain 지수,50000.0,20240723,,8343.75,11125.0,-3.6,11284.66,-1.41,750000.0,15.0,564233000.0
20260702,20260703,A488210,KIWOOM K-반도체북미공급망,일반,Solactive K-Semiconductor North America Supply Chain 지수,50000.0,20240723,,5328.0,26640.0,3.9,26639.56,0.0,200000.0,4.0,1331978000.0
20260702,20260706,A488210,KIWOOM K-반도체북미공급망,일반,Solactive K-Semiconductor North America Supply Chain 지수,50000.0,20240723,,5043.0,25215.0,-5.35,25231.41,-0.07,200000.0,4.0,1261570500.0
20260702,20260707,A488210,KIWOOM K-반도체북미공급망,일반,Solactive K-Semiconductor North America Supply Chain 지수,50000.0,20240723,,4817.0,24085.0,-4.48,24115.42,-0.13,200000.0,4.0,1205771000.0
20260702,20260708,A488210,KIWOOM K-반도체북미공급망,일반,Solactive K-Semiconductor North America Supply Chain 지수,50000.0,20240723,,4508.0,22540.0,-6.41,22446.35,0.42,200000.0,4.0,1122317500.0
20260702,20260709,A488210,KIWOOM K-반도체북미공급망,일반,Solactive K-Semiconductor North America Supply Chain 지수,50000.0,20240723,,4638.0,23190.0,2.88,23335.49,-0.62,200000.0,4.0,1166774500.0
20260702,20260703,A489030,PLUS 고배당주위클리커버드콜,일반,코스피 고배당 위클리 콜매도 ATM 지수,50000.0,20240813,,283768.0,6320.0,0.32,6326.86,-0.11,44900000.0,898.0,316343000.0
20260702,20260706,A489030,PLUS 고배당주위클리커버드콜,일반,코스피 고배당 위클리 콜매도 ATM 지수,50000.0,20240813,,290054.0,6460.0,2.22,6456.11,0.06,44900000.0,898.0,322805500.0
20260702,20260707,A489030,PLUS 고배당주위클리커버드콜,일반,코스피 고배당 위클리 콜매도 ATM 지수,50000.0,20240813,,293783.75,6565.0,1.63,6588.42,-0.36,44750000.0,895.0,329421000.0
20260702,20260708,A489030,PLUS 고배당주위클리커버드콜,일반,코스피 고배당 위클리 콜매도 ATM 지수,50000.0,20240813,,292422.0,6520.0,-0.69,6517.73,0.03,44850000.0,897.0,325886500.0
20260702,20260709,A489030,PLUS 고배당주위클리커버드콜,일반,코스피 고배당 위클리 콜매도 ATM 지수,50000.0,20240813,,284797.5,6350.0,-2.61,6396.86,-0.73,44850000.0,897.0,319843000.0
20260702,20260703,A490480,SOL K방산,일반,KEDI K방산 지수(PR),50000.0,20241002,,96512.0,33280.0,2.46,33305.62,-0.08,2900000.0,58.0,1665281000.0000002
20260702,20260706,A490480,SOL K방산,일반,KEDI K방산 지수(PR),50000.0,20241002,,96700.5,33930.0,1.95,34003.9,-0.22,2850000.0,57.0,1700195000.0
20260702,20260707,A490480,SOL K방산,일반,KEDI K방산 지수(PR),50000.0,20241002,,91872.0,31680.0,-6.63,31720.49,-0.13,2900000.0,58.0,1586024500.0
20260702,20260708,A490480,SOL K방산,일반,KEDI K방산 지수(PR),50000.0,20241002,,83911.5,28935.0,-8.66,29055.52,-0.41,2900000.0,58.0,1452776000.0
20260702,20260709,A490480,SOL K방산,일반,KEDI K방산 지수(PR),50000.0,20241002,,82836.0,28080.0,-2.95,28246.49,-0.59,2950000.0,59.0,1412324500.0
20260702,20260703,A491220,PLUS 200TR,일반,코스피 200 TR지수,50000.0,20240910,,61936.0,154840.0,6.61,154992.71,-0.1,400000.0,8.0,7749635500.0
20260702,20260706,A491220,PLUS 200TR,일반,코스피 200 TR지수,50000.0,20240910,,61684.0,154210.0,-0.41,154297.44,-0.06,400000.0,8.0,7714872000.0
20260702,20260707,A491220,PLUS 200TR,일반,코스피 200 TR지수,50000.0,20240910,,65097.0,144660.0,-6.19,146231.35,-1.07,450000.0,9.0,7311567500.0
20260702,20260708,A491220,PLUS 200TR,일반,코스피 200 TR지수,50000.0,20240910,,62259.75,138355.0,-4.36,138079.91,0.2,450000.0,9.0,6903995500.0
20260702,20260709,A491220,PLUS 200TR,일반,코스피 200 TR지수,50000.0,20240910,,62653.5,139230.0,0.63,139609.72,-0.27,450000.0,9.0,6980486000.0
20260702,20260703,A491510,파워 K-주주가치액티브,일반,FnGuide K-주주가치 지수,50000.0,20240924,,16290.0,18100.0,2.58,18217.75,-0.65,900000.0,18.0,910887500.0
20260702,20260706,A491510,파워 K-주주가치액티브,일반,FnGuide K-주주가치 지수,50000.0,20240924,,16465.5,18295.0,1.08,18380.92,-0.47,900000.0,18.0,919045999.9999999
20260702,20260707,A491510,파워 K-주주가치액티브,일반,FnGuide K-주주가치 지수,50000.0,20240924,,16443.0,18270.0,-0.14,18406.96,-0.74,900000.0,18.0,920348000.0
20260702,20260708,A491510,파워 K-주주가치액티브,일반,FnGuide K-주주가치 지수,50000.0,20240924,,16096.5,17885.0,-2.11,18013.0,-0.71,900000.0,18.0,900650000.0
20260702,20260709,A491510,파워 K-주주가치액티브,일반,FnGuide K-주주가치 지수,50000.0,20240924,,15732.0,17480.0,-2.26,17605.46,-0.71,900000.0,18.0,880273000.0
20260702,20260703,A491700,HK 200,일반,코스피 200,50000.0,20240910,,78297.0,130495.0,4.46,131625.58,-0.86,600000.0,12.0,6581278999.999999
20260702,20260706,A491700,HK 200,일반,코스피 200,50000.0,20240910,,78288.0,130480.0,-0.01,130999.34,-0.4,600000.0,12.0,6549967000.0
20260702,20260707,A491700,HK 200,일반,코스피 200,50000.0,20240910,,74049.0,123415.0,-5.41,124171.37,-0.61,600000.0,12.0,6208568500.0
20260702,20260708,A491700,HK 200,일반,코스피 200,50000.0,20240910,,71121.0,118535.0,-3.95,117351.65,1.01,600000.0,12.0,5867582500.0
20260702,20260709,A491700,HK 200,일반,코스피 200,50000.0,20240910,,70599.0,117665.0,-0.73,118503.68,-0.71,600000.0,12.0,5925184000.0
20260702,20260703,A491820,HANARO 전력설비투자,일반,iSelect 전력설비투자 지수,50000.0,20240924,,180936.0,50260.0,-2.91,50088.89,0.34,3600000.0,72.0,2504444500.0
20260702,20260706,A491820,HANARO 전력설비투자,일반,iSelect 전력설비투자 지수,50000.0,20240924,,172116.0,47810.0,-4.87,48000.12,-0.4,3600000.0,72.0,2400006000.0
20260702,20260707,A491820,HANARO 전력설비투자,일반,iSelect 전력설비투자 지수,50000.0,20240924,,166184.5,45530.0,-4.77,45466.29,0.14,3650000.0,73.0,2273314500.0
20260702,20260708,A491820,HANARO 전력설비투자,일반,iSelect 전력설비투자 지수,50000.0,20240924,,150453.0,41220.0,-9.47,41379.7,-0.39,3650000.0,73.0,2068984999.9999998
20260702,20260709,A491820,HANARO 전력설비투자,일반,iSelect 전력설비투자 지수,50000.0,20240924,,157275.0,41940.0,1.75,41971.12,-0.07,3750000.0,75.0,2098556000.0000002
20260702,20260703,A494220,UNICORN SK하이닉스밸류체인액티브,일반,FnGuide SK하이닉스밸류체인 지수,50000.0,20241107,,219687.5,59375.0,3.49,59355.25,0.03,3700000.0,74.0,2967762500.0
20260702,20260706,A494220,UNICORN SK하이닉스밸류체인액티브,일반,FnGuide SK하이닉스밸류체인 지수,50000.0,20241107,,209050.0,56500.0,-4.84,56466.21,0.06,3700000.0,74.0,2823310500.0
20260702,20260707,A494220,UNICORN SK하이닉스밸류체인액티브,일반,FnGuide SK하이닉스밸류체인 지수,50000.0,20241107,,193547.0,52310.0,-7.42,52599.51,-0.55,3700000.0,74.0,2629975500.0
20260702,20260708,A494220,UNICORN SK하이닉스밸류체인액티브,일반,FnGuide SK하이닉스밸류체인 지수,50000.0,20241107,,181910.5,49165.0,-6.01,49292.65,-0.26,3700000.0,74.0,2464632500.0
20260702,20260709,A494220,UNICORN SK하이닉스밸류체인액티브,일반,FnGuide SK하이닉스밸류체인 지수,50000.0,20241107,,187978.5,50805.0,3.34,50879.89,-0.15,3700000.0,74.0,2543994500.0
20260702,20260703,A494310,KODEX 반도체레버리지,레버리지,KRX 반도체 레버리지 지수,50000.0,20241022,,1582840.0,141325.0,11.73,141758.4,-0.31,11200000.0,224.0,7087920000.0
20260702,20260706,A494310,KODEX 반도체레버리지,레버리지,KRX 반도체 레버리지 지수,50000.0,20241022,,1503824.0,134270.0,-4.99,134272.52,0.0,11200000.0,224.0,6713625999.999999
20260702,20260707,A494310,KODEX 반도체레버리지,레버리지,KRX 반도체 레버리지 지수,50000.0,20241022,,1341482.0,117160.0,-12.74,118092.6,-0.79,11450000.0,229.0,5904630000.0
20260702,20260708,A494310,KODEX 반도체레버리지,레버리지,KRX 반도체 레버리지 지수,50000.0,20241022,,1191382.5,103150.0,-11.96,103898.57,-0.72,11550000.0,231.0,5194928500.0
20260702,20260709,A494310,KODEX 반도체레버리지,레버리지,KRX 반도체 레버리지 지수,50000.0,20241022,,1291617.25,112805.0,9.36,111955.68,0.76,11450000.0,229.0,5597784000.0
20260702,20260703,A494330,ACE 라이프자산주주가치액티브,일반,FnGuide 기업가치 지수(시장가격),50000.0,20241015,,145266.0,33015.0,1.8,32975.49,0.12,4400000.0,88.0,1648774500.0
20260702,20260706,A494330,ACE 라이프자산주주가치액티브,일반,FnGuide 기업가치 지수(시장가격),50000.0,20241015,,145288.0,33020.0,0.02,33063.29,-0.13,4400000.0,88.0,1653164500.0
20260702,20260707,A494330,ACE 라이프자산주주가치액티브,일반,FnGuide 기업가치 지수(시장가격),50000.0,20241015,,145136.75,32615.0,-1.23,32547.43,0.21,4450000.0,89.0,1627371500.0
20260702,20260708,A494330,ACE 라이프자산주주가치액티브,일반,FnGuide 기업가치 지수(시장가격),50000.0,20241015,,140709.0,31620.0,-3.05,31566.72,0.17,4450000.0,89.0,1578336000.0
20260702,20260709,A494330,ACE 라이프자산주주가치액티브,일반,FnGuide 기업가치 지수(시장가격),50000.0,20241015,,138395.0,31100.0,-1.64,31253.43,-0.49,4450000.0,89.0,1562671500.0
20260702,20260703,A494670,TIGER 조선TOP10,일반,iSelect 조선TOP10 Index(PR),50000.0,20241022,,637045.5,25130.0,0.14,25122.63,0.03,25350000.0,507.0,1256131500.0
20260702,20260706,A494670,TIGER 조선TOP10,일반,iSelect 조선TOP10 Index(PR),50000.0,20241022,,650481.0,25660.0,2.11,25752.58,-0.36,25350000.0,507.0,1287629000.0
20260702,20260707,A494670,TIGER 조선TOP10,일반,iSelect 조선TOP10 Index(PR),50000.0,20241022,,598995.0,23490.0,-8.46,23443.83,0.2,25500000.0,510.0,1172191500.0
20260702,20260708,A494670,TIGER 조선TOP10,일반,iSelect 조선TOP10 Index(PR),50000.0,20241022,,556600.0,22000.0,-6.34,21960.75,0.18,25300000.0,506.0,1098037500.0
20260702,20260709,A494670,TIGER 조선TOP10,일반,iSelect 조선TOP10 Index(PR),50000.0,20241022,,542938.0,21460.0,-2.45,21326.26,0.63,25300000.0,506.0,1066312999.9999999
20260702,20260703,A494890,KODEX 200액티브,일반,코스피 200,100000.0,20241029,,1229637.5,37835.0,5.76,37819.1,0.04,32500000.0,325.0,3781910000.0
20260702,20260706,A494890,KODEX 200액티브,일반,코스피 200,100000.0,20241029,,1228857.0,37695.0,-0.37,37624.26,0.19,32600000.0,326.0,3762426000.0
20260702,20260707,A494890,KODEX 200액티브,일반,코스피 200,100000.0,20241029,,1172108.0,35735.0,-5.2,35649.42,0.24,32800000.0,328.0,3564942000.0
20260702,20260708,A494890,KODEX 200액티브,일반,코스피 200,100000.0,20241029,,1114477.0,33670.0,-5.78,33628.59,0.12,33100000.0,331.0,3362858999.9999995
20260702,20260709,A494890,KODEX 200액티브,일반,코스피 200,100000.0,20241029,,1122090.0,33900.0,0.68,34009.64,-0.32,33100000.0,331.0,3400964000.0
20260702,20260703,A495040,PLUS 코리아밸류업,일반,코리아 밸류업 지수,50000.0,20241104,,105518.0,37685.0,5.71,37621.2,0.17,2800000.0,56.0,1881059999.9999998
20260702,20260706,A495040,PLUS 코리아밸류업,일반,코리아 밸류업 지수,50000.0,20241104,,104958.0,37485.0,-0.53,37401.2,0.22,2800000.0,56.0,1870059999.9999998
20260702,20260707,A495040,PLUS 코리아밸류업,일반,코리아 밸류업 지수,50000.0,20241104,,99302.0,35465.0,-5.39,35893.64,-1.19,2800000.0,56.0,1794682000.0
20260702,20260708,A495040,PLUS 코리아밸류업,일반,코리아 밸류업 지수,50000.0,20241104,,95438.0,34085.0,-3.89,34206.74,-0.36,2800000.0,56.0,1710337000.0
20260702,20260709,A495040,PLUS 코리아밸류업,일반,코리아 밸류업 지수,50000.0,20241104,,95760.0,34200.0,0.34,34317.03,-0.34,2800000.0,56.0,1715851500.0
20260702,20260703,A495050,RISE 코리아밸류업,일반,코리아 밸류업 지수,50000.0,20241104,,1110872.0,38240.0,4.98,38175.09,0.17,29050000.0,581.0,1908754499.9999998
20260702,20260706,A495050,RISE 코리아밸류업,일반,코리아 밸류업 지수,50000.0,20241104,,1106242.0,37885.0,-0.93,37951.44,-0.18,29200000.0,584.0,1897572000.0
20260702,20260707,A495050,RISE 코리아밸류업,일반,코리아 밸류업 지수,50000.0,20241104,,1063150.5,36285.0,-4.22,36419.24,-0.37,29300000.0,586.0,1820962000.0
20260702,20260708,A495050,RISE 코리아밸류업,일반,코리아 밸류업 지수,50000.0,20241104,,1020352.75,34765.0,-4.19,34704.29,0.17,29350000.0,587.0,1735214500.0
20260702,20260709,A495050,RISE 코리아밸류업,일반,코리아 밸류업 지수,50000.0,20241104,,1021620.5,34690.0,-0.22,34815.13,-0.36,29450000.0,589.0,1740756499.9999998
20260702,20260703,A495060,TIME 코리아밸류업액티브,일반,코리아 밸류업 지수,50000.0,20241104,,284812.5,36750.0,3.8,36756.76,-0.02,7750000.0,155.0,1837838000.0
20260702,20260706,A495060,TIME 코리아밸류업액티브,일반,코리아 밸류업 지수,50000.0,20241104,,278225.0,35900.0,-2.31,35951.96,-0.14,7750000.0,155.0,1797598000.0
20260702,20260707,A495060,TIME 코리아밸류업액티브,일반,코리아 밸류업 지수,50000.0,20241104,,264081.25,34075.0,-5.08,34097.65,-0.07,7750000.0,155.0,1704882500.0
20260702,20260708,A495060,TIME 코리아밸류업액티브,일반,코리아 밸류업 지수,50000.0,20241104,,247555.0,32150.0,-5.65,32104.56,0.14,7700000.0,154.0,1605228000.0
20260702,20260709,A495060,TIME 코리아밸류업액티브,일반,코리아 밸류업 지수,50000.0,20241104,,251433.0,32235.0,0.26,32281.57,-0.14,7800000.0,156.0,1614078500.0
20260702,20260703,A495230,KoAct 코리아밸류업액티브,일반,코리아 밸류업 지수,50000.0,20241104,,324045.0,37900.0,4.08,37773.96,0.33,8550000.0,171.0,1888698000.0
20260702,20260706,A495230,KoAct 코리아밸류업액티브,일반,코리아 밸류업 지수,50000.0,20241104,,318573.0,37260.0,-1.69,37179.41,0.22,8550000.0,171.0,1858970500.0000002
20260702,20260707,A495230,KoAct 코리아밸류업액티브,일반,코리아 밸류업 지수,50000.0,20241104,,302926.5,35430.0,-4.91,35377.76,0.15,8550000.0,171.0,1768888000.0
20260702,20260708,A495230,KoAct 코리아밸류업액티브,일반,코리아 밸류업 지수,50000.0,20241104,,286980.75,33565.0,-5.26,33479.41,0.26,8550000.0,171.0,1673970500.0000002
20260702,20260709,A495230,KoAct 코리아밸류업액티브,일반,코리아 밸류업 지수,50000.0,20241104,,291110.0,33850.0,0.85,33821.93,0.08,8600000.0,172.0,1691096500.0
20260702,20260703,A495330,1Q 코리아밸류업,일반,코리아 밸류업 지수,100000.0,20241104,,162540.0,37800.0,4.84,37732.27,0.18,4300000.0,43.0,3773226999.9999995
20260702,20260706,A495330,1Q 코리아밸류업,일반,코리아 밸류업 지수,100000.0,20241104,,161465.0,37550.0,-0.66,37519.04,0.08,4300000.0,43.0,3751904000.0
20260702,20260707,A495330,1Q 코리아밸류업,일반,코리아 밸류업 지수,100000.0,20241104,,154370.0,35900.0,-4.39,35993.69,-0.26,4300000.0,43.0,3599369000.0
20260702,20260708,A495330,1Q 코리아밸류업,일반,코리아 밸류업 지수,100000.0,20241104,,146522.5,34075.0,-5.08,34271.17,-0.57,4300000.0,43.0,3427117000.0
20260702,20260709,A495330,1Q 코리아밸류업,일반,코리아 밸류업 지수,100000.0,20241104,,148715.5,34585.0,1.5,34421.38,0.48,4300000.0,43.0,3442137999.9999995
20260702,20260703,A495550,SOL 코리아밸류업TR,일반,코리아 밸류업 TR 지수,50000.0,20241104,,233070.0,38845.0,5.64,38671.05,0.45,6000000.0,120.0,1933552500.0000002
20260702,20260706,A495550,SOL 코리아밸류업TR,일반,코리아 밸류업 TR 지수,50000.0,20241104,,231150.0,38525.0,-0.82,38444.31,0.21,6000000.0,120.0,1922215500.0
20260702,20260707,A495550,SOL 코리아밸류업TR,일반,코리아 밸류업 TR 지수,50000.0,20241104,,221700.0,36950.0,-4.09,36895.4,0.15,6000000.0,120.0,1844770000.0
20260702,20260708,A495550,SOL 코리아밸류업TR,일반,코리아 밸류업 TR 지수,50000.0,20241104,,211320.0,35220.0,-4.68,35177.61,0.12,6000000.0,120.0,1758880500.0
20260702,20260709,A495550,SOL 코리아밸류업TR,일반,코리아 밸류업 TR 지수,50000.0,20241104,,212970.0,35495.0,0.78,35270.54,0.64,6000000.0,120.0,1763527000.0
20260702,20260703,A495750,HANARO 코리아밸류업,일반,코리아 밸류업 지수,50000.0,20241104,,90348.0,37645.0,1.4,37874.11,-0.6,2400000.0,48.0,1893705500.0
20260702,20260706,A495750,HANARO 코리아밸류업,일반,코리아 밸류업 지수,50000.0,20241104,,90564.0,37735.0,0.24,37652.76,0.22,2400000.0,48.0,1882638000.0
20260702,20260707,A495750,HANARO 코리아밸류업,일반,코리아 밸류업 지수,50000.0,20241104,,86388.0,35995.0,-4.61,36143.04,-0.41,2400000.0,48.0,1807152000.0
20260702,20260708,A495750,HANARO 코리아밸류업,일반,코리아 밸류업 지수,50000.0,20241104,,82836.0,34515.0,-4.11,34451.97,0.18,2400000.0,48.0,1722598500.0
20260702,20260709,A495750,HANARO 코리아밸류업,일반,코리아 밸류업 지수,50000.0,20241104,,82200.0,34250.0,-0.77,34543.17,-0.85,2400000.0,48.0,1727158500.0
20260702,20260703,A495850,KODEX 코리아밸류업,일반,코리아 밸류업 지수,50000.0,20241104,,837258.5,37885.0,4.6,37903.51,-0.05,22100000.0,442.0,1895175500.0
20260702,20260706,A495850,KODEX 코리아밸류업,일반,코리아 밸류업 지수,50000.0,20241104,,832396.5,37665.0,-0.58,37681.28,-0.04,22100000.0,442.0,1884064000.0
20260702,20260707,A495850,KODEX 코리아밸류업,일반,코리아 밸류업 지수,50000.0,20241104,,800443.75,35975.0,-4.49,36151.67,-0.49,22250000.0,445.0,1807583500.0
20260702,20260708,A495850,KODEX 코리아밸류업,일반,코리아 밸류업 지수,50000.0,20241104,,767387.25,34335.0,-4.56,34458.44,-0.36,22350000.0,447.0,1722922000.0
20260702,20260709,A495850,KODEX 코리아밸류업,일반,코리아 밸류업 지수,50000.0,20241104,,771075.0,34500.0,0.48,34557.16,-0.17,22350000.0,447.0,1727858000.0000002
20260702,20260703,A496080,TIGER 코리아밸류업,일반,코리아 밸류업 지수,50000.0,20241104,,594794.5,37885.0,4.25,37891.51,-0.02,15700000.0,314.0,1894575500.0
20260702,20260706,A496080,TIGER 코리아밸류업,일반,코리아 밸류업 지수,50000.0,20241104,,591183.5,37655.0,-0.61,37670.19,-0.04,15700000.0,314.0,1883509500.0
20260702,20260707,A496080,TIGER 코리아밸류업,일반,코리아 밸류업 지수,50000.0,20241104,,565671.0,36030.0,-4.32,36157.27,-0.35,15700000.0,314.0,1807863499.9999998
20260702,20260708,A496080,TIGER 코리아밸류업,일반,코리아 밸류업 지수,50000.0,20241104,,542809.0,34355.0,-4.65,34480.81,-0.36,15800000.0,316.0,1724040500.0
20260702,20260709,A496080,TIGER 코리아밸류업,일반,코리아 밸류업 지수,50000.0,20241104,,549981.0,34590.0,0.68,34570.68,0.06,15900000.0,318.0,1728534000.0
20260702,20260703,A496090,KIWOOM 코리아밸류업,일반,코리아 밸류업 지수,50000.0,20241104,,123402.5,37970.0,4.6,37929.44,0.11,3250000.0,65.0,1896472000.0
20260702,20260706,A496090,KIWOOM 코리아밸류업,일반,코리아 밸류업 지수,50000.0,20241104,,122573.75,37715.0,-0.67,37703.93,0.03,3250000.0,65.0,1885196500.0
20260702,20260707,A496090,KIWOOM 코리아밸류업,일반,코리아 밸류업 지수,50000.0,20241104,,116951.25,35985.0,-4.59,36169.83,-0.51,3250000.0,65.0,1808491500.0
20260702,20260708,A496090,KIWOOM 코리아밸류업,일반,코리아 밸류업 지수,50000.0,20241104,,112173.75,34515.0,-4.09,34474.28,0.12,3250000.0,65.0,1723714000.0
20260702,20260709,A496090,KIWOOM 코리아밸류업,일반,코리아 밸류업 지수,50000.0,20241104,,111393.75,34275.0,-0.7,34593.05,-0.92,3250000.0,65.0,1729652500.0000002
20260702,20260703,A496120,ACE 코리아밸류업,일반,코리아 밸류업 지수,50000.0,20241104,,31580.0,39475.0,4.96,39383.51,0.23,800000.0,16.0,1969175500.0
20260702,20260706,A496120,ACE 코리아밸류업,일반,코리아 밸류업 지수,50000.0,20241104,,31340.0,39175.0,-0.76,39154.62,0.05,800000.0,16.0,1957731000.0000002
20260702,20260707,A496120,ACE 코리아밸류업,일반,코리아 밸류업 지수,50000.0,20241104,,29744.0,37180.0,-5.09,37598.91,-1.11,800000.0,16.0,1879945500.0000002
20260702,20260708,A496120,ACE 코리아밸류업,일반,코리아 밸류업 지수,50000.0,20241104,,28696.0,35870.0,-3.52,35805.17,0.18,800000.0,16.0,1790258500.0
20260702,20260709,A496120,ACE 코리아밸류업,일반,코리아 밸류업 지수,50000.0,20241104,,28652.0,35815.0,-0.15,35944.65,-0.36,800000.0,16.0,1797232500.0
20260702,20260703,A496130,TRUSTON 코리아밸류업액티브,일반,코리아 밸류업 지수,20000.0,20241104,,15070.0,30140.0,6.18,30043.22,0.32,500000.0,25.0,600864400.0
20260702,20260706,A496130,TRUSTON 코리아밸류업액티브,일반,코리아 밸류업 지수,20000.0,20241104,,14952.5,29905.0,-0.78,30067.97,-0.54,500000.0,25.0,601359400.0
20260702,20260707,A496130,TRUSTON 코리아밸류업액티브,일반,코리아 밸류업 지수,20000.0,20241104,,14322.5,28645.0,-4.21,28830.01,-0.64,500000.0,25.0,576600200.0
20260702,20260708,A496130,TRUSTON 코리아밸류업액티브,일반,코리아 밸류업 지수,20000.0,20241104,,13762.5,27525.0,-3.91,27406.66,0.43,500000.0,25.0,548133200.0
20260702,20260709,A496130,TRUSTON 코리아밸류업액티브,일반,코리아 밸류업 지수,20000.0,20241104,,13570.0,27140.0,-1.4,27425.74,-1.04,500000.0,25.0,548514800.0
20260702,20260703,A498050,HANARO 바이오코리아액티브,일반,iSelect K-바이오헬스케어,50000.0,20241126,,12430.0,12430.0,-1.31,12406.95,0.19,1000000.0,20.0,620347500.0
20260702,20260706,A498050,HANARO 바이오코리아액티브,일반,iSelect K-바이오헬스케어,50000.0,20241126,,11755.0,11755.0,-5.43,11819.52,-0.55,1000000.0,20.0,590976000.0
20260702,20260707,A498050,HANARO 바이오코리아액티브,일반,iSelect K-바이오헬스케어,50000.0,20241126,,12205.0,12205.0,3.83,12164.39,0.33,1000000.0,20.0,608219500.0
20260702,20260708,A498050,HANARO 바이오코리아액티브,일반,iSelect K-바이오헬스케어,50000.0,20241126,,11370.0,11370.0,-6.84,11447.08,-0.67,1000000.0,20.0,572354000.0
20260702,20260709,A498050,HANARO 바이오코리아액티브,일반,iSelect K-바이오헬스케어,50000.0,20241126,,11240.0,11240.0,-1.14,11250.13,-0.09,1000000.0,20.0,562506500.0
20260702,20260703,A498400,KODEX 200타겟위클리커버드콜,일반,코스피 200 타겟 15% 위클리 커버드콜 지수,100000.0,20241203,,6362916.0,25320.0,5.0,25292.82,0.11,251300000.0,2513.0,2529282000.0
20260702,20260706,A498400,KODEX 200타겟위클리커버드콜,일반,코스피 200 타겟 15% 위클리 커버드콜 지수,100000.0,20241203,,6391971.5,25195.0,-0.49,25188.48,0.03,253700000.0,2537.0,2518848000.0
20260702,20260707,A498400,KODEX 200타겟위클리커버드콜,일반,코스피 200 타겟 15% 위클리 커버드콜 지수,100000.0,20241203,,6220800.0,24000.0,-4.74,23910.17,0.38,259200000.0,2592.0,2391017000.0
20260702,20260708,A498400,KODEX 200타겟위클리커버드콜,일반,코스피 200 타겟 15% 위클리 커버드콜 지수,100000.0,20241203,,5925039.0,22710.0,-5.38,22613.0,0.43,260900000.0,2609.0,2261300000.0
20260702,20260709,A498400,KODEX 200타겟위클리커버드콜,일반,코스피 200 타겟 15% 위클리 커버드콜 지수,100000.0,20241203,,5962845.0,22890.0,0.79,22829.2,0.27,260500000.0,2605.0,2282920000.0
20260702,20260703,A498410,KODEX 금융고배당TOP10타겟위클리커버드콜,일반,코스피 200 금융 고배당 TOP 10 타겟 15% 분배 위클리 커버드콜 지수,100000.0,20241217,,861762.0,11870.0,3.04,11874.85,-0.04,72600000.0,726.0,1187485000.0
20260702,20260706,A498410,KODEX 금융고배당TOP10타겟위클리커버드콜,일반,코스피 200 금융 고배당 TOP 10 타겟 15% 분배 위클리 커버드콜 지수,100000.0,20241217,,872420.0,12050.0,1.52,12090.36,-0.33,72400000.0,724.0,1209036000.0
20260702,20260707,A498410,KODEX 금융고배당TOP10타겟위클리커버드콜,일반,코스피 200 금융 고배당 TOP 10 타겟 15% 분배 위클리 커버드콜 지수,100000.0,20241217,,869362.5,12125.0,0.62,12199.11,-0.61,71700000.0,717.0,1219911000.0
20260702,20260708,A498410,KODEX 금융고배당TOP10타겟위클리커버드콜,일반,코스피 200 금융 고배당 TOP 10 타겟 15% 분배 위클리 커버드콜 지수,100000.0,20241217,,849027.5,11975.0,-1.24,11969.48,0.05,70900000.0,709.0,1196948000.0
20260702,20260709,A498410,KODEX 금융고배당TOP10타겟위클리커버드콜,일반,코스피 200 금융 고배당 TOP 10 타겟 15% 분배 위클리 커버드콜 지수,100000.0,20241217,,821104.0,11680.0,-2.46,11674.71,0.05,70300000.0,703.0,1167471000.0
20260702,20260703,A498860,RISE 코리아금융고배당,일반,iSelect 코리아 금융 고배당 지수,50000.0,20241210,,41535.0,18460.0,5.85,18427.68,0.18,2250000.0,45.0,921384000.0
20260702,20260706,A498860,RISE 코리아금융고배당,일반,iSelect 코리아 금융 고배당 지수,50000.0,20241210,,42153.75,18735.0,1.49,18789.55,-0.29,2250000.0,45.0,939477500.0
20260702,20260707,A498860,RISE 코리아금융고배당,일반,iSelect 코리아 금융 고배당 지수,50000.0,20241210,,41231.25,18325.0,-2.19,18341.44,-0.09,2250000.0,45.0,917071999.9999999
20260702,20260708,A498860,RISE 코리아금융고배당,일반,iSelect 코리아 금융 고배당 지수,50000.0,20241210,,40027.5,17790.0,-2.92,17797.56,-0.04,2250000.0,45.0,889878000.0000001
20260702,20260709,A498860,RISE 코리아금융고배당,일반,iSelect 코리아 금융 고배당 지수,50000.0,20241210,,38733.75,17215.0,-3.23,17166.7,0.28,2250000.0,45.0,858335000.0
20260709,20260703,A0000J0,PLUS 한화그룹주,일반,FnGuide 한화그룹주 지수,50000.0,20241224,,116828.25,30345.0,1.4,30265.98,0.26,3850000.0,77.0,1513299000.0
20260709,20260706,A0000J0,PLUS 한화그룹주,일반,FnGuide 한화그룹주 지수,50000.0,20241224,,119600.25,31065.0,2.37,31055.78,0.03,3850000.0,77.0,1552789000.0
20260709,20260707,A0000J0,PLUS 한화그룹주,일반,FnGuide 한화그룹주 지수,50000.0,20241224,,112220.0,28055.0,-9.69,28159.42,-0.37,4000000.0,80.0,1407971000.0
20260709,20260708,A0000J0,PLUS 한화그룹주,일반,FnGuide 한화그룹주 지수,50000.0,20241224,,103780.0,25945.0,-7.52,26150.96,-0.79,4000000.0,80.0,1307548000.0
20260709,20260709,A0000J0,PLUS 한화그룹주,일반,FnGuide 한화그룹주 지수,50000.0,20241224,,104140.0,25400.0,-2.1,25346.02,0.21,4100000.0,82.0,1267301000.0
20260709,20260703,A0000Z0,RISE 바이오TOP10액티브,일반,KRX 바이오 TOP 10 지수,50000.0,20241224,,62002.0,10690.0,-2.33,10622.18,0.64,5800000.0,116.0,531109000.0
20260709,20260706,A0000Z0,RISE 바이오TOP10액티브,일반,KRX 바이오 TOP 10 지수,50000.0,20241224,,60392.5,10150.0,-5.05,10093.89,0.56,5950000.0,119.0,504694500.0
20260709,20260707,A0000Z0,RISE 바이오TOP10액티브,일반,KRX 바이오 TOP 10 지수,50000.0,20241224,,61389.5,10405.0,2.51,10404.17,0.01,5900000.0,118.0,520208500.0
20260709,20260708,A0000Z0,RISE 바이오TOP10액티브,일반,KRX 바이오 TOP 10 지수,50000.0,20241224,,57377.5,9725.0,-6.54,9683.24,0.43,5900000.0,118.0,484162000.0
20260709,20260709,A0000Z0,RISE 바이오TOP10액티브,일반,KRX 바이오 TOP 10 지수,50000.0,20241224,,56964.5,9655.0,-0.72,9544.99,1.15,5900000.0,118.0,477249500.0
20260709,20260703,A0001P0,마이티 바이오시밀러&CDMO액티브,일반,FnGuide 바이오시밀러&CDMO 지수,40000.0,20241224,,10931.2,9760.0,-0.41,9838.99,-0.8,1120000.0,28.0,393559600.0
20260709,20260706,A0001P0,마이티 바이오시밀러&CDMO액티브,일반,FnGuide 바이오시밀러&CDMO 지수,40000.0,20241224,,10556.0,9425.0,-3.43,9507.03,-0.86,1120000.0,28.0,380281200.0
20260709,20260707,A0001P0,마이티 바이오시밀러&CDMO액티브,일반,FnGuide 바이오시밀러&CDMO 지수,40000.0,20241224,,10824.8,9665.0,2.55,9682.73,-0.18,1120000.0,28.0,387309200.0
20260709,20260708,A0001P0,마이티 바이오시밀러&CDMO액티브,일반,FnGuide 바이오시밀러&CDMO 지수,40000.0,20241224,,10360.0,9250.0,-4.29,9156.91,1.02,1120000.0,28.0,366276400.0
20260709,20260709,A0001P0,마이티 바이오시밀러&CDMO액티브,일반,FnGuide 바이오시밀러&CDMO 지수,40000.0,20241224,,10164.0,9075.0,-1.89,9014.1,0.68,1120000.0,28.0,360564000.0
20260709,20260703,A0005D0,SOL 전고체배터리&실리콘음극재,일반,FnGuide 전고체배터리&실리콘음극재 지수(PR),50000.0,20250107,,141027.5,14845.0,0.75,14845.19,0.0,9500000.0,190.0,742259500.0
20260709,20260706,A0005D0,SOL 전고체배터리&실리콘음극재,일반,FnGuide 전고체배터리&실리콘음극재 지수(PR),50000.0,20250107,,133083.0,14310.0,-3.6,14328.08,-0.13,9300000.0,186.0,716404000.0
20260709,20260707,A0005D0,SOL 전고체배터리&실리콘음극재,일반,FnGuide 전고체배터리&실리콘음극재 지수(PR),50000.0,20250107,,131741.5,14090.0,-1.54,14044.01,0.33,9350000.0,187.0,702200500.0
20260709,20260708,A0005D0,SOL 전고체배터리&실리콘음극재,일반,FnGuide 전고체배터리&실리콘음극재 지수(PR),50000.0,20250107,,120989.0,12940.0,-8.16,12957.8,-0.14,9350000.0,187.0,647890000.0
20260709,20260709,A0005D0,SOL 전고체배터리&실리콘음극재,일반,FnGuide 전고체배터리&실리콘음극재 지수(PR),50000.0,20250107,,121316.25,12975.0,0.27,12920.9,0.42,9350000.0,187.0,646045000.0
20260709,20260703,A0005G0,IBK K-AI반도체코어테크,일반,FnGuide K-AI반도체 코어테크 지수,50000.0,20250121,,219958.0,61960.0,6.51,61743.31,0.35,3550000.0,71.0,3087165500.0
20260709,20260706,A0005G0,IBK K-AI반도체코어테크,일반,FnGuide K-AI반도체 코어테크 지수,50000.0,20250121,,211136.25,59475.0,-4.01,59444.29,0.05,3550000.0,71.0,2972214500.0
20260709,20260707,A0005G0,IBK K-AI반도체코어테크,일반,FnGuide K-AI반도체 코어테크 지수,50000.0,20250121,,198252.0,55070.0,-7.41,55461.7,-0.71,3600000.0,72.0,2773085000.0
20260709,20260708,A0005G0,IBK K-AI반도체코어테크,일반,FnGuide K-AI반도체 코어테크 지수,50000.0,20250121,,185076.0,51410.0,-6.65,51564.34,-0.3,3600000.0,72.0,2578217000.0
20260709,20260709,A0005G0,IBK K-AI반도체코어테크,일반,FnGuide K-AI반도체 코어테크 지수,50000.0,20250121,,191178.0,53105.0,3.3,53290.32,-0.35,3600000.0,72.0,2664516000.0
20260709,20260703,A0007N0,아이엠에셋 200,일반,코스피 200,50000.0,20250211,,118750.5,131945.0,5.78,131302.55,0.49,900000.0,18.0,6565127499.999999
20260709,20260706,A0007N0,아이엠에셋 200,일반,코스피 200,50000.0,20250211,,117999.0,131110.0,-0.63,130678.79,0.33,900000.0,18.0,6533939500.0
20260709,20260707,A0007N0,아이엠에셋 200,일반,코스피 200,50000.0,20250211,,112284.0,124760.0,-4.84,123873.53,0.72,900000.0,18.0,6193676500.0
20260709,20260708,A0007N0,아이엠에셋 200,일반,코스피 200,50000.0,20250211,,106299.0,118110.0,-5.33,117077.45,0.88,900000.0,18.0,5853872500.0
20260709,20260709,A0007N0,아이엠에셋 200,일반,코스피 200,50000.0,20250211,,107140.5,119045.0,0.79,118222.07,0.7,900000.0,18.0,5911103500.0
20260709,20260703,A0008T0,SOL 화장품TOP3플러스,일반,FnGuide 화장품TOP3 플러스 지수(PR),50000.0,20250121,,69145.5,14870.0,-0.4,14835.06,0.24,4650000.0,93.0,741753000.0
20260709,20260706,A0008T0,SOL 화장품TOP3플러스,일반,FnGuide 화장품TOP3 플러스 지수(PR),50000.0,20250121,,69796.5,15010.0,0.94,15041.87,-0.21,4650000.0,93.0,752093500.0
20260709,20260707,A0008T0,SOL 화장품TOP3플러스,일반,FnGuide 화장품TOP3 플러스 지수(PR),50000.0,20250121,,78250.0,15650.0,4.26,15680.61,-0.2,5000000.0,100.0,784030500.0
20260709,20260708,A0008T0,SOL 화장품TOP3플러스,일반,FnGuide 화장품TOP3 플러스 지수(PR),50000.0,20250121,,72677.25,14985.0,-4.25,15043.35,-0.39,4850000.0,97.0,752167500.0
20260709,20260709,A0008T0,SOL 화장품TOP3플러스,일반,FnGuide 화장품TOP3 플러스 지수(PR),50000.0,20250121,,70179.5,14470.0,-3.44,14489.41,-0.13,4850000.0,97.0,724470500.0
20260709,20260703,A0018C0,PLUS 고배당주위클리고정커버드콜,일반,코스피 고배당 위클리 고정 커버드콜 지수,50000.0,20250305,,78548.0,10760.0,1.32,10740.64,0.18,7300000.0,146.0,537032000.0
20260709,20260706,A0018C0,PLUS 고배당주위클리고정커버드콜,일반,코스피 고배당 위클리 고정 커버드콜 지수,50000.0,20250305,,79170.0,10920.0,1.49,10912.81,0.07,7250000.0,145.0,545640500.0
20260709,20260707,A0018C0,PLUS 고배당주위클리고정커버드콜,일반,코스피 고배당 위클리 고정 커버드콜 지수,50000.0,20250305,,78936.0,11040.0,1.1,11066.97,-0.24,7150000.0,143.0,553348500.0
20260709,20260708,A0018C0,PLUS 고배당주위클리고정커버드콜,일반,코스피 고배당 위클리 고정 커버드콜 지수,50000.0,20250305,,78840.0,10950.0,-0.82,10901.33,0.45,7200000.0,144.0,545066500.0
20260709,20260709,A0018C0,PLUS 고배당주위클리고정커버드콜,일반,코스피 고배당 위클리 고정 커버드콜 지수,50000.0,20250305,,77031.25,10625.0,-2.97,10695.28,-0.66,7250000.0,145.0,534764000.00000006
20260709,20260703,A0052D0,TIGER 코리아배당다우존스,일반,Dow Jones Korea Dividend 30 지수 (Price Return),50000.0,20250520,,356511.0,15740.0,2.74,15785.28,-0.29,22650000.0,453.0,789264000.0
20260709,20260706,A0052D0,TIGER 코리아배당다우존스,일반,Dow Jones Korea Dividend 30 지수 (Price Return),50000.0,20250520,,357643.5,15790.0,0.32,15879.48,-0.56,22650000.0,453.0,793974000.0
20260709,20260707,A0052D0,TIGER 코리아배당다우존스,일반,Dow Jones Korea Dividend 30 지수 (Price Return),50000.0,20250520,,358319.5,15890.0,0.63,15967.37,-0.48,22550000.0,451.0,798368500.0
20260709,20260708,A0052D0,TIGER 코리아배당다우존스,일반,Dow Jones Korea Dividend 30 지수 (Price Return),50000.0,20250520,,353584.0,15680.0,-1.32,15653.47,0.17,22550000.0,451.0,782673500.0
20260709,20260709,A0052D0,TIGER 코리아배당다우존스,일반,Dow Jones Korea Dividend 30 지수 (Price Return),50000.0,20250520,,343549.25,15235.0,-2.84,15481.88,-1.59,22550000.0,451.0,774094000.0
20260709,20260703,A0053M0,더제이 중소형포커스액티브,일반,코스피 200 중소형주지수,50000.0,20250722,,6502.5,14450.0,-0.28,14581.96,-0.9,450000.0,9.0,729098000.0
20260709,20260706,A0053M0,더제이 중소형포커스액티브,일반,코스피 200 중소형주지수,50000.0,20250722,,6423.75,14275.0,-1.21,14374.01,-0.69,450000.0,9.0,718700500.0
20260709,20260707,A0053M0,더제이 중소형포커스액티브,일반,코스피 200 중소형주지수,50000.0,20250722,,6329.25,14065.0,-1.47,14149.15,-0.59,450000.0,9.0,707457500.0
20260709,20260708,A0053M0,더제이 중소형포커스액티브,일반,코스피 200 중소형주지수,50000.0,20250722,,5985.0,13300.0,-5.44,13390.9,-0.68,450000.0,9.0,669545000.0
20260709,20260709,A0053M0,더제이 중소형포커스액티브,일반,코스피 200 중소형주지수,50000.0,20250722,,5922.0,13160.0,-1.05,13253.34,-0.7,450000.0,9.0,662667000.0
20260709,20260703,A0074K0,KoAct K수출핵심기업TOP30액티브,일반,KEDI K수출핵심기업TOP30 지수(PR),50000.0,20250708,,155867.0,19730.0,2.1,19684.76,0.23,7900000.0,158.0,984237999.9999999
20260709,20260706,A0074K0,KoAct K수출핵심기업TOP30액티브,일반,KEDI K수출핵심기업TOP30 지수(PR),50000.0,20250708,,153220.5,19395.0,-1.7,19356.74,0.2,7900000.0,158.0,967837000.0000001
20260709,20260707,A0074K0,KoAct K수출핵심기업TOP30액티브,일반,KEDI K수출핵심기업TOP30 지수(PR),50000.0,20250708,,145360.0,18400.0,-5.13,18368.96,0.17,7900000.0,158.0,918448000.0
20260709,20260708,A0074K0,KoAct K수출핵심기업TOP30액티브,일반,KEDI K수출핵심기업TOP30 지수(PR),50000.0,20250708,,134932.0,17080.0,-7.17,17070.55,0.06,7900000.0,158.0,853527500.0
20260709,20260709,A0074K0,KoAct K수출핵심기업TOP30액티브,일반,KEDI K수출핵심기업TOP30 지수(PR),50000.0,20250708,,137018.25,17235.0,0.91,17127.79,0.63,7950000.0,159.0,856389500.0
20260709,20260703,A0080G0,KODEX 방산TOP10,일반,iSelect 방산 TOP10 지수(Price Return),100000.0,20250715,,408811.0,12095.0,2.85,12084.83,0.08,33800000.0,338.0,1208483000.0
20260709,20260706,A0080G0,KODEX 방산TOP10,일반,iSelect 방산 TOP10 지수(Price Return),100000.0,20250715,,412529.0,12205.0,0.91,12238.97,-0.28,33800000.0,338.0,1223897000.0
20260709,20260707,A0080G0,KODEX 방산TOP10,일반,iSelect 방산 TOP10 지수(Price Return),100000.0,20250715,,398664.0,11760.0,-3.65,11750.99,0.08,33900000.0,339.0,1175099000.0
20260709,20260708,A0080G0,KODEX 방산TOP10,일반,iSelect 방산 TOP10 지수(Price Return),100000.0,20250715,,356714.5,10585.0,-9.99,10678.98,-0.88,33700000.0,337.0,1067898000.0
20260709,20260709,A0080G0,KODEX 방산TOP10,일반,iSelect 방산 TOP10 지수(Price Return),100000.0,20250715,,352602.0,10310.0,-2.6,10428.24,-1.13,34200000.0,342.0,1042824000.0
20260709,20260703,A0080Y0,SOL 조선TOP3플러스레버리지,레버리지,FnGuide 조선 TOP3 플러스레버리지(2x) 지수,100000.0,20250715,,148132.0,12770.0,1.83,12697.78,0.57,11600000.0,116.0,1269778000.0
20260709,20260706,A0080Y0,SOL 조선TOP3플러스레버리지,레버리지,FnGuide 조선 TOP3 플러스레버리지(2x) 지수,100000.0,20250715,,156838.5,13405.0,4.97,13464.32,-0.44,11700000.0,117.0,1346432000.0
20260709,20260707,A0080Y0,SOL 조선TOP3플러스레버리지,레버리지,FnGuide 조선 TOP3 플러스레버리지(2x) 지수,100000.0,20250715,,127822.5,10925.0,-18.5,10882.98,0.39,11700000.0,117.0,1088298000.0
20260709,20260708,A0080Y0,SOL 조선TOP3플러스레버리지,레버리지,FnGuide 조선 TOP3 플러스레버리지(2x) 지수,100000.0,20250715,,110448.0,9360.0,-14.32,9489.48,-1.36,11800000.0,118.0,948948000.0
20260709,20260709,A0080Y0,SOL 조선TOP3플러스레버리지,레버리지,FnGuide 조선 TOP3 플러스레버리지(2x) 지수,100000.0,20250715,,106177.5,9075.0,-3.04,8959.39,1.29,11700000.0,117.0,895939000.0
20260709,20260703,A0088N0,WON K-글로벌수급상위,일반,DeepSearch 외인수급 Top20 지수,50000.0,20250812,,17110.0,11800.0,0.08,11778.81,0.18,1450000.0,29.0,588940500.0
20260709,20260706,A0088N0,WON K-글로벌수급상위,일반,DeepSearch 외인수급 Top20 지수,50000.0,20250812,,16580.75,11435.0,-3.09,11472.54,-0.33,1450000.0,29.0,573627000.0
20260709,20260707,A0088N0,WON K-글로벌수급상위,일반,DeepSearch 외인수급 Top20 지수,50000.0,20250812,,16319.75,11255.0,-1.57,11233.33,0.19,1450000.0,29.0,561666500.0
20260709,20260708,A0088N0,WON K-글로벌수급상위,일반,DeepSearch 외인수급 Top20 지수,50000.0,20250812,,15283.0,10540.0,-6.35,10523.88,0.15,1450000.0,29.0,526193999.99999994
20260709,20260709,A0088N0,WON K-글로벌수급상위,일반,DeepSearch 외인수급 Top20 지수,50000.0,20250812,,15225.0,10500.0,-0.38,10445.65,0.52,1450000.0,29.0,522282500.0
20260709,20260703,A0089D0,KODEX 금융고배당TOP10,일반,코스피 200 금융 고배당 TOP 10 지수,100000.0,20250812,,234900.0,13500.0,3.85,13553.25,-0.39,17400000.0,174.0,1355325000.0
20260709,20260706,A0089D0,KODEX 금융고배당TOP10,일반,코스피 200 금융 고배당 TOP 10 지수,100000.0,20250812,,238728.0,13720.0,1.63,13750.96,-0.23,17400000.0,174.0,1375096000.0
20260709,20260707,A0089D0,KODEX 금융고배당TOP10,일반,코스피 200 금융 고배당 TOP 10 지수,100000.0,20250812,,238902.0,13730.0,0.07,13792.92,-0.46,17400000.0,174.0,1379292000.0
20260709,20260708,A0089D0,KODEX 금융고배당TOP10,일반,코스피 200 금융 고배당 TOP 10 지수,100000.0,20250812,,234726.0,13490.0,-1.75,13474.35,0.12,17400000.0,174.0,1347435000.0
20260709,20260709,A0089D0,KODEX 금융고배당TOP10,일반,코스피 200 금융 고배당 TOP 10 지수,100000.0,20250812,,227853.0,13095.0,-2.93,13141.63,-0.35,17400000.0,174.0,1314163000.0
20260709,20260703,A0090B0,PLUS K방산소부장,일반,Akros K방산소부장 지수(PR),50000.0,20250826,,13356.75,8095.0,2.08,8061.24,0.42,1650000.0,33.0,403062000.0
20260709,20260706,A0090B0,PLUS K방산소부장,일반,Akros K방산소부장 지수(PR),50000.0,20250826,,14586.0,8580.0,5.99,8544.63,0.41,1700000.0,34.0,427231499.99999994
20260709,20260707,A0090B0,PLUS K방산소부장,일반,Akros K방산소부장 지수(PR),50000.0,20250826,,13625.5,8015.0,-6.59,8055.02,-0.5,1700000.0,34.0,402751000.0
20260709,20260708,A0090B0,PLUS K방산소부장,일반,Akros K방산소부장 지수(PR),50000.0,20250826,,11936.0,7460.0,-6.92,7515.13,-0.73,1600000.0,32.0,375756500.0
20260709,20260709,A0090B0,PLUS K방산소부장,일반,Akros K방산소부장 지수(PR),50000.0,20250826,,11896.0,7435.0,-0.34,7379.52,0.75,1600000.0,32.0,368976000.0
20260709,20260703,A0091P0,TIGER 코리아원자력,일반,iSelect 코리아 원자력 지수 (Price Return),50000.0,20250819,,570475.75,16705.0,0.75,16639.28,0.39,34150000.0,683.0,831964000.0
20260709,20260706,A0091P0,TIGER 코리아원자력,일반,iSelect 코리아 원자력 지수 (Price Return),50000.0,20250819,,564984.0,16520.0,-1.11,16585.52,-0.4,34200000.0,684.0,829276000.0
20260709,20260707,A0091P0,TIGER 코리아원자력,일반,iSelect 코리아 원자력 지수 (Price Return),50000.0,20250819,,543312.0,15840.0,-4.12,15798.62,0.26,34300000.0,686.0,789931000.0
20260709,20260708,A0091P0,TIGER 코리아원자력,일반,iSelect 코리아 원자력 지수 (Price Return),50000.0,20250819,,498933.75,14525.0,-8.3,14579.92,-0.38,34350000.0,687.0,728996000.0
20260709,20260709,A0091P0,TIGER 코리아원자력,일반,iSelect 코리아 원자력 지수 (Price Return),50000.0,20250819,,498036.0,14520.0,-0.03,14604.13,-0.58,34300000.0,686.0,730206500.0
20260709,20260703,A0092B0,SOL 한국원자력SMR,일반,FnGuide 한국원자력 SMR 지수(PR),50000.0,20250819,,129842.5,15550.0,0.06,15576.78,-0.17,8350000.0,167.0,778839000.0
20260709,20260706,A0092B0,SOL 한국원자력SMR,일반,FnGuide 한국원자력 SMR 지수(PR),50000.0,20250819,,129425.0,15500.0,-0.32,15549.06,-0.32,8350000.0,167.0,777453000.0
20260709,20260707,A0092B0,SOL 한국원자력SMR,일반,FnGuide 한국원자력 SMR 지수(PR),50000.0,20250819,,123090.0,14920.0,-3.74,14916.0,0.03,8250000.0,165.0,745800000.0
20260709,20260708,A0092B0,SOL 한국원자력SMR,일반,FnGuide 한국원자력 SMR 지수(PR),50000.0,20250819,,113478.75,13755.0,-7.81,13810.78,-0.4,8250000.0,165.0,690539000.0
20260709,20260709,A0092B0,SOL 한국원자력SMR,일반,FnGuide 한국원자력 SMR 지수(PR),50000.0,20250819,,111492.0,13680.0,-0.55,13743.04,-0.46,8150000.0,163.0,687152000.0
20260709,20260703,A0093A0,RISE AI반도체TOP10,일반,FnGuide AI반도체TOP10 지수,50000.0,20250826,,198952.0,38260.0,5.57,38251.03,0.02,5200000.0,104.0,1912551500.0
20260709,20260706,A0093A0,RISE AI반도체TOP10,일반,FnGuide AI반도체TOP10 지수,50000.0,20250826,,192582.0,37035.0,-3.2,36978.9,0.15,5200000.0,104.0,1848945000.0
20260709,20260707,A0093A0,RISE AI반도체TOP10,일반,FnGuide AI반도체TOP10 지수,50000.0,20250826,,185270.5,34630.0,-6.49,34766.79,-0.39,5350000.0,107.0,1738339500.0
20260709,20260708,A0093A0,RISE AI반도체TOP10,일반,FnGuide AI반도체TOP10 지수,50000.0,20250826,,177125.0,32500.0,-6.15,32442.16,0.18,5450000.0,109.0,1622108000.0
20260709,20260709,A0093A0,RISE AI반도체TOP10,일반,FnGuide AI반도체TOP10 지수,50000.0,20250826,,185259.0,33380.0,2.71,33363.82,0.05,5550000.0,111.0,1668191000.0
20260709,20260703,A0094M0,RISE 코리아밸류업위클리고정커버드콜,일반,코리아 밸류업 위클리 커버드콜 30% 지수,50000.0,20250902,,155125.0,21250.0,3.16,21127.34,0.58,7300000.0,146.0,1056367000.0
20260709,20260706,A0094M0,RISE 코리아밸류업위클리고정커버드콜,일반,코리아 밸류업 위클리 커버드콜 30% 지수,50000.0,20250902,,156214.0,21110.0,-0.66,21099.81,0.05,7400000.0,148.0,1054990500.0000001
20260709,20260707,A0094M0,RISE 코리아밸류업위클리고정커버드콜,일반,코리아 밸류업 위클리 커버드콜 30% 지수,50000.0,20250902,,154660.0,20350.0,-3.6,20424.11,-0.36,7600000.0,152.0,1021205500.0
20260709,20260708,A0094M0,RISE 코리아밸류업위클리고정커버드콜,일반,코리아 밸류업 위클리 커버드콜 30% 지수,50000.0,20250902,,152248.75,19645.0,-3.46,19570.55,0.38,7750000.0,155.0,978527500.0
20260709,20260709,A0094M0,RISE 코리아밸류업위클리고정커버드콜,일반,코리아 밸류업 위클리 커버드콜 30% 지수,50000.0,20250902,,155037.5,19750.0,0.53,19634.09,0.59,7850000.0,157.0,981704500.0
20260709,20260703,A0098F0,KODEX 원자력SMR,일반,iSelect 원자력SMR 지수(Price Return),50000.0,20250916,,219518.75,15965.0,0.73,15930.55,0.22,13750000.0,275.0,796527500.0
20260709,20260706,A0098F0,KODEX 원자력SMR,일반,iSelect 원자력SMR 지수(Price Return),50000.0,20250916,,219282.0,15890.0,-0.47,15961.6,-0.45,13800000.0,276.0,798080000.0
20260709,20260707,A0098F0,KODEX 원자력SMR,일반,iSelect 원자력SMR 지수(Price Return),50000.0,20250916,,210312.25,15185.0,-4.44,15245.65,-0.4,13850000.0,277.0,762282500.0
20260709,20260708,A0098F0,KODEX 원자력SMR,일반,iSelect 원자력SMR 지수(Price Return),50000.0,20250916,,195573.0,14070.0,-7.34,14115.34,-0.32,13900000.0,278.0,705767000.0
20260709,20260709,A0098F0,KODEX 원자력SMR,일반,iSelect 원자력SMR 지수(Price Return),50000.0,20250916,,190895.25,13985.0,-0.6,14051.32,-0.47,13650000.0,273.0,702566000.0
20260709,20260703,A0098N0,PLUS 자사주매입고배당주,일반,FnGuide 고배당주 플러스 자사주 지수 (PR),50000.0,20250916,,82592.25,12805.0,2.73,12827.39,-0.17,6450000.0,129.0,641369500.0
20260709,20260706,A0098N0,PLUS 자사주매입고배당주,일반,FnGuide 고배당주 플러스 자사주 지수 (PR),50000.0,20250916,,81081.0,12870.0,0.51,12909.8,-0.31,6300000.0,126.0,645490000.0
20260709,20260707,A0098N0,PLUS 자사주매입고배당주,일반,FnGuide 고배당주 플러스 자사주 지수 (PR),50000.0,20250916,,81931.5,13005.0,1.05,13058.72,-0.41,6300000.0,126.0,652936000.0
20260709,20260708,A0098N0,PLUS 자사주매입고배당주,일반,FnGuide 고배당주 플러스 자사주 지수 (PR),50000.0,20250916,,81207.0,12890.0,-0.88,12869.54,0.16,6300000.0,126.0,643477000.0
20260709,20260709,A0098N0,PLUS 자사주매입고배당주,일반,FnGuide 고배당주 플러스 자사주 지수 (PR),50000.0,20250916,,78939.0,12530.0,-2.79,12690.47,-1.26,6300000.0,126.0,634523500.0
20260709,20260703,A0098Z0,FOCUS 200,일반,코스피 200,50000.0,20250923,,67374.0,112290.0,6.99,111567.99,0.65,600000.0,12.0,5578399500.0
20260709,20260706,A0098Z0,FOCUS 200,일반,코스피 200,50000.0,20250923,,77364.0,110520.0,-1.58,111067.87,-0.49,700000.0,14.0,5553393500.0
20260709,20260707,A0098Z0,FOCUS 200,일반,코스피 200,50000.0,20250923,,72943.5,104205.0,-5.71,105338.23,-1.08,700000.0,14.0,5266911500.0
20260709,20260708,A0098Z0,FOCUS 200,일반,코스피 200,50000.0,20250923,,69776.0,99680.0,-4.34,99630.8,0.05,700000.0,14.0,4981540000.0
20260709,20260709,A0098Z0,FOCUS 200,일반,코스피 200,50000.0,20250923,,75386.25,100515.0,0.84,100538.41,-0.02,750000.0,15.0,5026920500.0
20260709,20260703,A0100K0,KODEX 방산TOP10레버리지,레버리지,iSelect 방산 TOP10 레버리지 지수,100000.0,20250916,,52110.0,9650.0,5.93,9688.91,-0.4,5400000.0,54.0,968891000.0
20260709,20260706,A0100K0,KODEX 방산TOP10레버리지,레버리지,iSelect 방산 TOP10 레버리지 지수,100000.0,20250916,,54000.0,10000.0,3.63,9917.38,0.83,5400000.0,54.0,991737999.9999999
20260709,20260707,A0100K0,KODEX 방산TOP10레버리지,레버리지,iSelect 방산 TOP10 레버리지 지수,100000.0,20250916,,49140.0,9100.0,-9.0,9069.64,0.33,5400000.0,54.0,906964000.0
20260709,20260708,A0100K0,KODEX 방산TOP10레버리지,레버리지,iSelect 방산 TOP10 레버리지 지수,100000.0,20250916,,40203.0,7445.0,-18.19,7411.62,0.45,5400000.0,54.0,741162000.0
20260709,20260709,A0100K0,KODEX 방산TOP10레버리지,레버리지,iSelect 방산 TOP10 레버리지 지수,100000.0,20250916,,37260.0,6900.0,-7.32,7020.11,-1.71,5400000.0,54.0,702011000.0
20260709,20260703,A0101N0,RISE AI전력인프라,일반,KRX-Akros AI 전력인프라 지수,50000.0,20250923,,688297.5,22275.0,-2.11,22172.31,0.46,30900000.0,618.0,1108615500.0
20260709,20260706,A0101N0,RISE AI전력인프라,일반,KRX-Akros AI 전력인프라 지수,50000.0,20250923,,674406.0,21720.0,-2.49,21660.97,0.27,31050000.0,621.0,1083048500.0
20260709,20260707,A0101N0,RISE AI전력인프라,일반,KRX-Akros AI 전력인프라 지수,50000.0,20250923,,635536.0,20240.0,-6.81,20321.62,-0.4,31400000.0,628.0,1016081000.0
20260709,20260708,A0101N0,RISE AI전력인프라,일반,KRX-Akros AI 전력인프라 지수,50000.0,20250923,,582454.0,18520.0,-8.5,18664.79,-0.78,31450000.0,629.0,933239500.0
20260709,20260709,A0101N0,RISE AI전력인프라,일반,KRX-Akros AI 전력인프라 지수,50000.0,20250923,,576076.5,18405.0,-0.62,18624.45,-1.18,31300000.0,626.0,931222500.0
20260709,20260703,A0103T0,1Q K소버린AI,일반,iSelect K소버린AI 지수,50000.0,20250930,,24300.0,8100.0,-1.1,8115.47,-0.19,3000000.0,60.0,405773500.0
20260709,20260706,A0103T0,1Q K소버린AI,일반,iSelect K소버린AI 지수,50000.0,20250930,,24120.0,8040.0,-0.74,8071.36,-0.39,3000000.0,60.0,403568000.0
20260709,20260707,A0103T0,1Q K소버린AI,일반,iSelect K소버린AI 지수,50000.0,20250930,,23985.0,7995.0,-0.56,8090.46,-1.18,3000000.0,60.0,404523000.0
20260709,20260708,A0103T0,1Q K소버린AI,일반,iSelect K소버린AI 지수,50000.0,20250930,,23400.0,7800.0,-2.44,7787.24,0.16,3000000.0,60.0,389362000.0
20260709,20260709,A0103T0,1Q K소버린AI,일반,iSelect K소버린AI 지수,50000.0,20250930,,22785.0,7595.0,-2.63,7577.53,0.23,3000000.0,60.0,378876500.0
20260709,20260703,A0104G0,PLUS K방산레버리지,레버리지,FnGuide K-방위산업 레버리지 (2x) 지수,50000.0,20250930,,23147.5,9850.0,7.36,9773.88,0.78,2350000.0,47.0,488693999.99999994
20260709,20260706,A0104G0,PLUS K방산레버리지,레버리지,FnGuide K-방위산업 레버리지 (2x) 지수,50000.0,20250930,,23711.5,10090.0,2.44,10194.58,-1.03,2350000.0,47.0,509729000.0
20260709,20260707,A0104G0,PLUS K방산레버리지,레버리지,FnGuide K-방위산업 레버리지 (2x) 지수,50000.0,20250930,,19939.75,8485.0,-15.91,8639.27,-1.79,2350000.0,47.0,431963500.0
20260709,20260708,A0104G0,PLUS K방산레버리지,레버리지,FnGuide K-방위산업 레버리지 (2x) 지수,50000.0,20250930,,16755.5,7130.0,-15.97,7073.47,0.8,2350000.0,47.0,353673500.0
20260709,20260709,A0104G0,PLUS K방산레버리지,레버리지,FnGuide K-방위산업 레버리지 (2x) 지수,50000.0,20250930,,15275.0,6500.0,-8.84,6599.18,-1.5,2350000.0,47.0,329959000.0
20260709,20260703,A0104N0,TIGER 200타겟위클리커버드콜,일반,코스피 200 타겟 7% 위클리 커버드콜 지수(Price Return),100000.0,20250923,,262959.0,25530.0,5.45,25495.25,0.14,10300000.0,103.0,2549525000.0
20260709,20260706,A0104N0,TIGER 200타겟위클리커버드콜,일반,코스피 200 타겟 7% 위클리 커버드콜 지수(Price Return),100000.0,20250923,,264420.0,25425.0,-0.41,25381.12,0.17,10400000.0,104.0,2538112000.0
20260709,20260707,A0104N0,TIGER 200타겟위클리커버드콜,일반,코스피 200 타겟 7% 위클리 커버드콜 지수(Price Return),100000.0,20250923,,254100.0,24200.0,-4.82,24069.67,0.54,10500000.0,105.0,2406967000.0
20260709,20260708,A0104N0,TIGER 200타겟위클리커버드콜,일반,코스피 200 타겟 7% 위클리 커버드콜 지수(Price Return),100000.0,20250923,,240082.5,22865.0,-5.52,22728.38,0.6,10500000.0,105.0,2272838000.0
20260709,20260709,A0104N0,TIGER 200타겟위클리커버드콜,일반,코스피 200 타겟 7% 위클리 커버드콜 지수(Price Return),100000.0,20250923,,236797.0,22990.0,0.55,22978.94,0.05,10300000.0,103.0,2297894000.0
20260709,20260703,A0104P0,TIGER 코리아배당다우존스위클리커버드콜,일반,KRX 다우존스 코리아 배당 30 타겟 7% 위클리 커버드콜 지수,100000.0,20250923,,20304.0,11280.0,2.27,11334.16,-0.48,1800000.0,18.0,1133416000.0
20260709,20260706,A0104P0,TIGER 코리아배당다우존스위클리커버드콜,일반,KRX 다우존스 코리아 배당 30 타겟 7% 위클리 커버드콜 지수,100000.0,20250923,,20511.0,11395.0,1.02,11400.7,-0.05,1800000.0,18.0,1140070000.0
20260709,20260707,A0104P0,TIGER 코리아배당다우존스위클리커버드콜,일반,KRX 다우존스 코리아 배당 30 타겟 7% 위클리 커버드콜 지수,100000.0,20250923,,20592.0,11440.0,0.39,11471.56,-0.28,1800000.0,18.0,1147156000.0
20260709,20260708,A0104P0,TIGER 코리아배당다우존스위클리커버드콜,일반,KRX 다우존스 코리아 배당 30 타겟 7% 위클리 커버드콜 지수,100000.0,20250923,,20259.0,11255.0,-1.62,11251.75,0.03,1800000.0,18.0,1125175000.0
20260709,20260709,A0104P0,TIGER 코리아배당다우존스위클리커버드콜,일반,KRX 다우존스 코리아 배당 30 타겟 7% 위클리 커버드콜 지수,100000.0,20250923,,19755.0,10975.0,-2.49,11125.45,-1.35,1800000.0,18.0,1112545000.0
20260709,20260703,A0105D0,SOL 한국AI소프트웨어,일반,KEDI 한국AI소프트웨어 지수(PR),50000.0,20250923,,17205.0,9300.0,-1.17,9274.48,0.28,1850000.0,37.0,463724000.0
20260709,20260706,A0105D0,SOL 한국AI소프트웨어,일반,KEDI 한국AI소프트웨어 지수(PR),50000.0,20250923,,17103.25,9245.0,-0.59,9222.03,0.25,1850000.0,37.0,461101500.00000006
20260709,20260707,A0105D0,SOL 한국AI소프트웨어,일반,KEDI 한국AI소프트웨어 지수(PR),50000.0,20250923,,16560.0,9200.0,-0.49,9266.89,-0.72,1800000.0,36.0,463344500.0
20260709,20260708,A0105D0,SOL 한국AI소프트웨어,일반,KEDI 한국AI소프트웨어 지수(PR),50000.0,20250923,,16029.0,8905.0,-3.21,8888.84,0.18,1800000.0,36.0,444442000.0
20260709,20260709,A0105D0,SOL 한국AI소프트웨어,일반,KEDI 한국AI소프트웨어 지수(PR),50000.0,20250923,,15516.0,8620.0,-3.2,8636.83,-0.19,1800000.0,36.0,431841500.0
20260709,20260703,A0105E0,SOL 코리아고배당,일반,FnGuide 코리아 고배당 지수(PR),50000.0,20250923,,555720.0,13200.0,3.04,13217.2,-0.13,42100000.0,842.0,660860000.0
20260709,20260706,A0105E0,SOL 코리아고배당,일반,FnGuide 코리아 고배당 지수(PR),50000.0,20250923,,560140.5,13305.0,0.8,13322.07,-0.13,42100000.0,842.0,666103500.0
20260709,20260707,A0105E0,SOL 코리아고배당,일반,FnGuide 코리아 고배당 지수(PR),50000.0,20250923,,557860.5,13330.0,0.19,13366.84,-0.28,41850000.0,837.0,668342000.0
20260709,20260708,A0105E0,SOL 코리아고배당,일반,FnGuide 코리아 고배당 지수(PR),50000.0,20250923,,547521.0,13130.0,-1.5,13169.52,-0.3,41700000.0,834.0,658476000.0
20260709,20260709,A0105E0,SOL 코리아고배당,일반,FnGuide 코리아 고배당 지수(PR),50000.0,20250923,,537657.0,12940.0,-1.45,12894.44,0.35,41550000.0,831.0,644722000.0
20260709,20260703,A0111J0,HANARO 증권고배당TOP3플러스,일반,FnGuide 증권 고배당 TOP3 플러스 지수,50000.0,20251028,,70889.0,15580.0,7.41,15631.86,-0.33,4550000.0,91.0,781593000.0
20260709,20260706,A0111J0,HANARO 증권고배당TOP3플러스,일반,FnGuide 증권 고배당 TOP3 플러스 지수,50000.0,20251028,,73596.25,16175.0,3.82,16146.96,0.17,4550000.0,91.0,807348000.0
20260709,20260707,A0111J0,HANARO 증권고배당TOP3플러스,일반,FnGuide 증권 고배당 TOP3 플러스 지수,50000.0,20251028,,70087.5,15575.0,-3.71,15523.95,0.33,4500000.0,90.0,776197500.0
20260709,20260708,A0111J0,HANARO 증권고배당TOP3플러스,일반,FnGuide 증권 고배당 TOP3 플러스 지수,50000.0,20251028,,67230.0,14940.0,-4.08,14918.66,0.14,4500000.0,90.0,745933000.0
20260709,20260709,A0111J0,HANARO 증권고배당TOP3플러스,일반,FnGuide 증권 고배당 TOP3 플러스 지수,50000.0,20251028,,66217.0,14395.0,-3.65,14311.18,0.59,4600000.0,92.0,715559000.0
20260709,20260703,A0112X0,마이티 200TR,일반,코스피 200 TR지수,50000.0,20251028,,41773.25,49145.0,6.12,49053.88,0.19,850000.0,17.0,2452694000.0
20260709,20260706,A0112X0,마이티 200TR,일반,코스피 200 TR지수,50000.0,20251028,,41395.0,48700.0,-0.91,48825.73,-0.26,850000.0,17.0,2441286500.0
20260709,20260707,A0112X0,마이티 200TR,일반,코스피 200 TR지수,50000.0,20251028,,39193.5,46110.0,-5.32,46275.7,-0.36,850000.0,17.0,2313785000.0
20260709,20260708,A0112X0,마이티 200TR,일반,코스피 200 TR지수,50000.0,20251028,,37234.25,43805.0,-5.0,43724.54,0.18,850000.0,17.0,2186227000.0
20260709,20260709,A0112X0,마이티 200TR,일반,코스피 200 TR지수,50000.0,20251028,,37587.0,44220.0,0.95,44163.64,0.13,850000.0,17.0,2208182000.0
20260709,20260703,A0115D0,KODEX 조선TOP10,일반,KRX 조선 TOP10 지수,50000.0,20251028,,206321.5,8855.0,0.17,8850.23,0.05,23300000.0,466.0,442511500.0
20260709,20260706,A0115D0,KODEX 조선TOP10,일반,KRX 조선 TOP10 지수,50000.0,20251028,,213598.5,9070.0,2.43,9065.84,0.05,23550000.0,471.0,453292000.0
20260709,20260707,A0115D0,KODEX 조선TOP10,일반,KRX 조선 TOP10 지수,50000.0,20251028,,197302.5,8325.0,-8.21,8299.97,0.3,23700000.0,474.0,414998499.99999994
20260709,20260708,A0115D0,KODEX 조선TOP10,일반,KRX 조선 TOP10 지수,50000.0,20251028,,183524.0,7760.0,-6.79,7756.79,0.04,23650000.0,473.0,387839500.0
20260709,20260709,A0115D0,KODEX 조선TOP10,일반,KRX 조선 TOP10 지수,50000.0,20251028,,182310.0,7725.0,-0.45,7544.34,2.39,23600000.0,472.0,377217000.0
20260709,20260703,A0115E0,KODEX 코리아소버린AI,일반,KRX 코리아 소버린 AI 지수,50000.0,20251021,,71181.0,14380.0,0.45,14392.83,-0.09,4950000.0,99.0,719641500.0
20260709,20260706,A0115E0,KODEX 코리아소버린AI,일반,KRX 코리아 소버린 AI 지수,50000.0,20251021,,70389.0,14220.0,-1.11,14198.47,0.15,4950000.0,99.0,709923500.0
20260709,20260707,A0115E0,KODEX 코리아소버린AI,일반,KRX 코리아 소버린 AI 지수,50000.0,20251021,,69300.0,14000.0,-1.55,13997.51,0.02,4950000.0,99.0,699875500.0
20260709,20260708,A0115E0,KODEX 코리아소버린AI,일반,KRX 코리아 소버린 AI 지수,50000.0,20251021,,66429.0,13420.0,-4.14,13397.49,0.17,4950000.0,99.0,669874500.0
20260709,20260709,A0115E0,KODEX 코리아소버린AI,일반,KRX 코리아 소버린 AI 지수,50000.0,20251021,,65909.25,13315.0,-0.78,13368.83,-0.4,4950000.0,99.0,668441500.0
20260709,20260703,A0117V0,TIGER 코리아AI전력기기TOP3플러스,일반,KEDI 코리아AI전력기기TOP3플러스 지수,50000.0,20251021,,1110500.0,22210.0,-2.86,22098.48,0.5,50000000.0,1000.0,1104924000.0
20260709,20260706,A0117V0,TIGER 코리아AI전력기기TOP3플러스,일반,KEDI 코리아AI전력기기TOP3플러스 지수,50000.0,20251021,,1073526.75,21195.0,-4.57,21206.58,-0.05,50650000.0,1013.0,1060329000.0000001
20260709,20260707,A0117V0,TIGER 코리아AI전력기기TOP3플러스,일반,KEDI 코리아AI전력기기TOP3플러스 지수,50000.0,20251021,,1026486.5,19990.0,-5.69,20049.44,-0.3,51350000.0,1027.0,1002471999.9999999
20260709,20260708,A0117V0,TIGER 코리아AI전력기기TOP3플러스,일반,KEDI 코리아AI전력기기TOP3플러스 지수,50000.0,20251021,,939771.75,18195.0,-8.98,18240.54,-0.25,51650000.0,1033.0,912027000.0
20260709,20260709,A0117V0,TIGER 코리아AI전력기기TOP3플러스,일반,KEDI 코리아AI전력기기TOP3플러스 지수,50000.0,20251021,,956228.0,18460.0,1.46,18522.73,-0.34,51800000.0,1036.0,926136500.0
20260709,20260703,A0120J0,BNK 카카오그룹포커스,일반,FnGuide 카카오그룹 포커스 지수,50000.0,20251202,,10146.5,7805.0,-1.33,7855.52,-0.64,1300000.0,26.0,392776000.0
20260709,20260706,A0120J0,BNK 카카오그룹포커스,일반,FnGuide 카카오그룹 포커스 지수,50000.0,20251202,,10166.0,7820.0,0.19,7865.27,-0.58,1300000.0,26.0,393263500.0
20260709,20260707,A0120J0,BNK 카카오그룹포커스,일반,FnGuide 카카오그룹 포커스 지수,50000.0,20251202,,10335.0,7950.0,1.66,7989.44,-0.49,1300000.0,26.0,399472000.0
20260709,20260708,A0120J0,BNK 카카오그룹포커스,일반,FnGuide 카카오그룹 포커스 지수,50000.0,20251202,,10049.0,7730.0,-2.77,7781.08,-0.66,1300000.0,26.0,389054000.0
20260709,20260709,A0120J0,BNK 카카오그룹포커스,일반,FnGuide 카카오그룹 포커스 지수,50000.0,20251202,,9802.0,7540.0,-2.46,7625.99,-1.13,1300000.0,26.0,381299500.0
20260709,20260703,A0138D0,RISE 동학개미,일반,FnGuide 동학개미 지수,50000.0,20251216,,11532.0,14415.0,0.98,14559.85,-0.99,800000.0,16.0,727992500.0
20260709,20260706,A0138D0,RISE 동학개미,일반,FnGuide 동학개미 지수,50000.0,20251216,,11324.0,14155.0,-1.8,14209.53,-0.38,800000.0,16.0,710476500.0
20260709,20260707,A0138D0,RISE 동학개미,일반,FnGuide 동학개미 지수,50000.0,20251216,,10796.0,13495.0,-4.66,13545.3,-0.37,800000.0,16.0,677265000.0
20260709,20260708,A0138D0,RISE 동학개미,일반,FnGuide 동학개미 지수,50000.0,20251216,,8806.0,12580.0,-6.78,12623.81,-0.35,700000.0,14.0,631190500.0
20260709,20260709,A0138D0,RISE 동학개미,일반,FnGuide 동학개미 지수,50000.0,20251216,,8981.0,12830.0,1.99,12912.35,-0.64,700000.0,14.0,645617500.0
20260709,20260703,A0139P0,ACE 고배당주,일반,KRX-Akros 고배당주 20 지수,50000.0,20251216,,54700.0,13675.0,3.4,13709.24,-0.25,4000000.0,80.0,685462000.0
20260709,20260706,A0139P0,ACE 고배당주,일반,KRX-Akros 고배당주 20 지수,50000.0,20251216,,55560.0,13890.0,1.57,13967.29,-0.55,4000000.0,80.0,698364500.0
20260709,20260707,A0139P0,ACE 고배당주,일반,KRX-Akros 고배당주 20 지수,50000.0,20251216,,55620.0,13905.0,0.11,13975.45,-0.5,4000000.0,80.0,698772500.0
20260709,20260708,A0139P0,ACE 고배당주,일반,KRX-Akros 고배당주 20 지수,50000.0,20251216,,54920.0,13730.0,-1.26,13736.9,-0.05,4000000.0,80.0,686845000.0
20260709,20260709,A0139P0,ACE 고배당주,일반,KRX-Akros 고배당주 20 지수,50000.0,20251216,,53220.0,13305.0,-3.1,13269.72,0.27,4000000.0,80.0,663486000.0
20260709,20260703,A0141S0,SOL 조선기자재,일반,FnGuide 조선기자재 지수(PR),50000.0,20251216,,69204.0,9480.0,-0.21,9458.39,0.23,7300000.0,146.0,472919500.0
20260709,20260706,A0141S0,SOL 조선기자재,일반,FnGuide 조선기자재 지수(PR),50000.0,20251216,,68072.5,9325.0,-1.64,9307.9,0.18,7300000.0,146.0,465395000.0
20260709,20260707,A0141S0,SOL 조선기자재,일반,FnGuide 조선기자재 지수(PR),50000.0,20251216,,64787.5,8875.0,-4.83,8871.31,0.04,7300000.0,146.0,443565500.0
20260709,20260708,A0141S0,SOL 조선기자재,일반,FnGuide 조선기자재 지수(PR),50000.0,20251216,,61371.25,8465.0,-4.62,8448.32,0.2,7250000.0,145.0,422416000.0
20260709,20260709,A0141S0,SOL 조선기자재,일반,FnGuide 조선기자재 지수(PR),50000.0,20251216,,59558.75,8215.0,-2.95,8194.86,0.25,7250000.0,145.0,409743000.0
20260709,20260703,A0148J0,TIGER 코리아휴머노이드로봇산업,일반,KEDI 코리아 휴머노이드로봇산업 지수 (PR),50000.0,20260106,,576006.75,9435.0,-0.26,9426.72,0.09,61050000.0,1221.0,471335999.99999994
20260709,20260706,A0148J0,TIGER 코리아휴머노이드로봇산업,일반,KEDI 코리아 휴머노이드로봇산업 지수 (PR),50000.0,20260106,,571485.0,9300.0,-1.43,9296.87,0.03,61450000.0,1229.0,464843500.00000006
20260709,20260707,A0148J0,TIGER 코리아휴머노이드로봇산업,일반,KEDI 코리아 휴머노이드로봇산업 지수 (PR),50000.0,20260106,,549711.0,8895.0,-4.35,8918.39,-0.26,61800000.0,1236.0,445919500.0
20260709,20260708,A0148J0,TIGER 코리아휴머노이드로봇산업,일반,KEDI 코리아 휴머노이드로봇산업 지수 (PR),50000.0,20260106,,512120.0,8260.0,-7.14,8275.21,-0.18,62000000.0,1240.0,413760499.99999994
20260709,20260709,A0148J0,TIGER 코리아휴머노이드로봇산업,일반,KEDI 코리아 휴머노이드로봇산업 지수 (PR),50000.0,20260106,,520817.0,8380.0,1.45,8392.71,-0.15,62150000.0,1243.0,419635499.99999994
20260709,20260703,A0150K0,KoAct 수소전력ESS인프라액티브,일반,FnGuide 수소전력ESS인프라 지수(PR),50000.0,20260113,,27783.0,10290.0,-1.48,10247.87,0.41,2700000.0,54.0,512393500.00000006
20260709,20260706,A0150K0,KoAct 수소전력ESS인프라액티브,일반,FnGuide 수소전력ESS인프라 지수(PR),50000.0,20260113,,27362.5,9950.0,-3.3,9920.5,0.3,2750000.0,55.0,496025000.0
20260709,20260707,A0150K0,KoAct 수소전력ESS인프라액티브,일반,FnGuide 수소전력ESS인프라 지수(PR),50000.0,20260113,,26698.0,9535.0,-4.17,9513.56,0.23,2800000.0,56.0,475678000.0
20260709,20260708,A0150K0,KoAct 수소전력ESS인프라액티브,일반,FnGuide 수소전력ESS인프라 지수(PR),50000.0,20260113,,24514.0,8755.0,-8.18,8813.2,-0.66,2800000.0,56.0,440660000.00000006
20260709,20260709,A0150K0,KoAct 수소전력ESS인프라액티브,일반,FnGuide 수소전력ESS인프라 지수(PR),50000.0,20260113,,24500.0,8750.0,-0.06,8792.22,-0.48,2800000.0,56.0,439610999.99999994
20260709,20260703,A0151P0,RISE 코리아전략산업액티브,일반,KAP 코리아전략산업지수,50000.0,20260120,,203202.0,18815.0,3.38,18718.7,0.51,10800000.0,216.0,935935000.0
20260709,20260706,A0151P0,RISE 코리아전략산업액티브,일반,KAP 코리아전략산업지수,50000.0,20260120,,197585.0,18380.0,-2.31,18344.26,0.19,10750000.0,215.0,917212999.9999999
20260709,20260707,A0151P0,RISE 코리아전략산업액티브,일반,KAP 코리아전략산업지수,50000.0,20260120,,185643.5,17110.0,-6.91,17169.58,-0.35,10850000.0,217.0,858479000.0000001
20260709,20260708,A0151P0,RISE 코리아전략산업액티브,일반,KAP 코리아전략산업지수,50000.0,20260120,,174034.0,16040.0,-6.25,16078.97,-0.24,10850000.0,217.0,803948500.0
20260709,20260709,A0151P0,RISE 코리아전략산업액티브,일반,KAP 코리아전략산업지수,50000.0,20260120,,176085.0,16380.0,2.12,16338.3,0.26,10750000.0,215.0,816915000.0
20260709,20260703,A0152E0,SOL 배당성향탑픽액티브,일반,FnGuide 배당성향탑픽 지수(PR),50000.0,20260113,,30753.0,11390.0,2.71,11465.98,-0.66,2700000.0,54.0,573299000.0
20260709,20260706,A0152E0,SOL 배당성향탑픽액티브,일반,FnGuide 배당성향탑픽 지수(PR),50000.0,20260113,,31212.0,11560.0,1.49,11613.21,-0.46,2700000.0,54.0,580660500.0
20260709,20260707,A0152E0,SOL 배당성향탑픽액티브,일반,FnGuide 배당성향탑픽 지수(PR),50000.0,20260113,,30620.75,11555.0,-0.04,11578.94,-0.21,2650000.0,53.0,578947000.0
20260709,20260708,A0152E0,SOL 배당성향탑픽액티브,일반,FnGuide 배당성향탑픽 지수(PR),50000.0,20260113,,29614.0,11390.0,-1.43,11361.55,0.25,2600000.0,52.0,568077500.0
20260709,20260709,A0152E0,SOL 배당성향탑픽액티브,일반,FnGuide 배당성향탑픽 지수(PR),50000.0,20260113,,28769.0,11065.0,-2.85,11072.86,-0.07,2600000.0,52.0,553643000.0
20260709,20260703,A0153K0,KODEX 주주환원고배당주,일반,Akros 주주환원 고배당 지수 (Price Return),100000.0,20260120,,166455.0,12150.0,2.14,12170.27,-0.17,13700000.0,137.0,1217027000.0
20260709,20260706,A0153K0,KODEX 주주환원고배당주,일반,Akros 주주환원 고배당 지수 (Price Return),100000.0,20260120,,166318.0,12140.0,-0.08,12199.66,-0.49,13700000.0,137.0,1219966000.0
20260709,20260707,A0153K0,KODEX 주주환원고배당주,일반,Akros 주주환원 고배당 지수 (Price Return),100000.0,20260120,,165892.0,12380.0,1.98,12425.18,-0.36,13400000.0,134.0,1242518000.0
20260709,20260708,A0153K0,KODEX 주주환원고배당주,일반,Akros 주주환원 고배당 지수 (Price Return),100000.0,20260120,,160475.0,12250.0,-1.05,12233.07,0.14,13100000.0,131.0,1223307000.0
20260709,20260709,A0153K0,KODEX 주주환원고배당주,일반,Akros 주주환원 고배당 지수 (Price Return),100000.0,20260120,,156650.0,12050.0,-1.63,12200.54,-1.23,13000000.0,130.0,1220054000.0
20260709,20260703,A0154F0,WON 초대형IB&금융지주,일반,iSelect 초대형IB&금융지주 지수,50000.0,20260120,,40808.25,12955.0,4.86,13002.25,-0.36,3150000.0,63.0,650112500.0
20260709,20260706,A0154F0,WON 초대형IB&금융지주,일반,iSelect 초대형IB&금융지주 지수,50000.0,20260120,,41391.0,13140.0,1.43,13189.11,-0.37,3150000.0,63.0,659455500.0
20260709,20260707,A0154F0,WON 초대형IB&금융지주,일반,iSelect 초대형IB&금융지주 지수,50000.0,20260120,,41091.75,13045.0,-0.72,13099.06,-0.41,3150000.0,63.0,654953000.0
20260709,20260708,A0154F0,WON 초대형IB&금융지주,일반,iSelect 초대형IB&금융지주 지수,50000.0,20260120,,40162.5,12750.0,-2.26,12736.71,0.1,3150000.0,63.0,636835500.0
20260709,20260709,A0154F0,WON 초대형IB&금융지주,일반,iSelect 초대형IB&금융지주 지수,50000.0,20260120,,39438.0,12520.0,-1.8,12432.89,0.7,3150000.0,63.0,621644500.0
20260709,20260703,A0155N0,HANARO K휴머노이드테마TOP10,일반,iSelect K휴머노이드테마TOP10 지수,50000.0,20260226,,31860.0,7965.0,1.46,7929.43,0.45,4000000.0,80.0,396471500.0
20260709,20260706,A0155N0,HANARO K휴머노이드테마TOP10,일반,iSelect K휴머노이드테마TOP10 지수,50000.0,20260226,,31620.0,7905.0,-0.75,7900.71,0.05,4000000.0,80.0,395035500.0
20260709,20260707,A0155N0,HANARO K휴머노이드테마TOP10,일반,iSelect K휴머노이드테마TOP10 지수,50000.0,20260226,,30040.0,7510.0,-5.0,7564.94,-0.73,4000000.0,80.0,378247000.0
20260709,20260708,A0155N0,HANARO K휴머노이드테마TOP10,일반,iSelect K휴머노이드테마TOP10 지수,50000.0,20260226,,28820.0,7205.0,-4.06,7198.92,0.08,4000000.0,80.0,359946000.0
20260709,20260709,A0155N0,HANARO K휴머노이드테마TOP10,일반,iSelect K휴머노이드테마TOP10 지수,50000.0,20260226,,28860.0,7215.0,0.14,7193.06,0.31,4000000.0,80.0,359653000.0
20260709,20260703,A0162Y0,TIME 코스닥액티브,일반,코스닥지수,50000.0,20260310,,338276.25,8775.0,0.29,8781.17,-0.07,38550000.0,771.0,439058500.0
20260709,20260706,A0162Y0,TIME 코스닥액티브,일반,코스닥지수,50000.0,20260310,,322311.25,8275.0,-5.7,8292.83,-0.22,38950000.0,779.0,414641500.0
20260709,20260707,A0162Y0,TIME 코스닥액티브,일반,코스닥지수,50000.0,20260310,,310660.0,7925.0,-4.23,7919.81,0.07,39200000.0,784.0,395990500.0
20260709,20260708,A0162Y0,TIME 코스닥액티브,일반,코스닥지수,50000.0,20260310,,291727.5,7275.0,-8.2,7317.25,-0.58,40100000.0,802.0,365862500.0
20260709,20260709,A0162Y0,TIME 코스닥액티브,일반,코스닥지수,50000.0,20260310,,255220.5,7430.0,2.13,7468.32,-0.51,34350000.0,687.0,373416000.0
20260709,20260703,A0163Y0,KoAct 코스닥액티브,일반,코스닥지수,50000.0,20260310,,535854.0,10120.0,0.1,10111.98,0.08,52950000.0,1059.0,505599000.0
20260709,20260706,A0163Y0,KoAct 코스닥액티브,일반,코스닥지수,50000.0,20260310,,510135.0,9580.0,-5.34,9573.08,0.07,53250000.0,1065.0,478654000.0
20260709,20260707,A0163Y0,KoAct 코스닥액티브,일반,코스닥지수,50000.0,20260310,,494890.5,9285.0,-3.08,9287.02,-0.02,53300000.0,1066.0,464351000.0
20260709,20260708,A0163Y0,KoAct 코스닥액티브,일반,코스닥지수,50000.0,20260310,,469101.0,8655.0,-6.79,8665.08,-0.12,54200000.0,1084.0,433254000.0
20260709,20260709,A0163Y0,KoAct 코스닥액티브,일반,코스닥지수,50000.0,20260310,,453824.0,8960.0,3.52,8896.28,0.72,50650000.0,1013.0,444814000.00000006
20260709,20260703,A0166N0,PLUS 코스닥150액티브,일반,코스닥 150,50000.0,20260317,,35880.0,8970.0,0.5,8927.36,0.48,4000000.0,80.0,446368000.0
20260709,20260706,A0166N0,PLUS 코스닥150액티브,일반,코스닥 150,50000.0,20260317,,34932.0,8520.0,-5.02,8481.94,0.45,4100000.0,82.0,424097000.0
20260709,20260707,A0166N0,PLUS 코스닥150액티브,일반,코스닥 150,50000.0,20260317,,34314.0,8170.0,-4.11,8175.25,-0.06,4200000.0,84.0,408762500.0
20260709,20260708,A0166N0,PLUS 코스닥150액티브,일반,코스닥 150,50000.0,20260317,,31857.0,7585.0,-7.16,7618.03,-0.43,4200000.0,84.0,380901500.0
20260709,20260709,A0166N0,PLUS 코스닥150액티브,일반,코스닥 150,50000.0,20260317,,32703.75,7695.0,1.45,7736.29,-0.53,4250000.0,85.0,386814500.0
20260709,20260703,A0166S0,PLUS K제조업핵심기업액티브,일반,Akros K제조업 50 지수,50000.0,20260324,,71020.0,13400.0,4.85,13372.4,0.21,5300000.0,106.0,668620000.0
20260709,20260706,A0166S0,PLUS K제조업핵심기업액티브,일반,Akros K제조업 50 지수,50000.0,20260324,,71021.25,13275.0,-0.93,13271.86,0.02,5350000.0,107.0,663593000.0
20260709,20260707,A0166S0,PLUS K제조업핵심기업액티브,일반,Akros K제조업 50 지수,50000.0,20260324,,66825.0,12375.0,-6.78,12420.48,-0.37,5400000.0,108.0,621024000.0
20260709,20260708,A0166S0,PLUS K제조업핵심기업액티브,일반,Akros K제조업 50 지수,50000.0,20260324,,62060.0,11600.0,-6.26,11579.32,0.18,5350000.0,107.0,578966000.0
20260709,20260709,A0166S0,PLUS K제조업핵심기업액티브,일반,Akros K제조업 50 지수,50000.0,20260324,,63263.75,11825.0,1.94,11730.97,0.8,5350000.0,107.0,586548500.0
20260709,20260703,A0167A0,SOL AI반도체TOP2플러스,일반,FnGuide AI반도체 TOP2 플러스 지수(PR),50000.0,20260317,,7717794.75,24435.0,4.65,24385.45,0.2,315850000.0,6317.0,1219272500.0
20260709,20260706,A0167A0,SOL AI반도체TOP2플러스,일반,FnGuide AI반도체 TOP2 플러스 지수(PR),50000.0,20260317,,7414550.0,23375.0,-4.34,23367.97,0.03,317200000.0,6344.0,1168398500.0
20260709,20260707,A0167A0,SOL AI반도체TOP2플러스,일반,FnGuide AI반도체 TOP2 플러스 지수(PR),50000.0,20260317,,6918707.5,21470.0,-8.15,21597.83,-0.59,322250000.0,6445.0,1079891500.0
20260709,20260708,A0167A0,SOL AI반도체TOP2플러스,일반,FnGuide AI반도체 TOP2 플러스 지수(PR),50000.0,20260317,,6488566.5,20045.0,-6.64,20035.7,0.05,323700000.0,6474.0,1001785000.0
20260709,20260709,A0167A0,SOL AI반도체TOP2플러스,일반,FnGuide AI반도체 TOP2 플러스 지수(PR),50000.0,20260317,,6665986.5,20555.0,2.54,20544.11,0.05,324300000.0,6486.0,1027205500.0
20260709,20260703,A0167B0,SOL 200타겟위클리커버드콜,일반,코스피 200 타겟 15% 위클리 커버드콜 지수,100000.0,20260317,,814900.0,14500.0,5.11,14500.96,-0.01,56200000.0,562.0,1450096000.0
20260709,20260706,A0167B0,SOL 200타겟위클리커버드콜,일반,코스피 200 타겟 15% 위클리 커버드콜 지수,100000.0,20260317,,805000.0,14375.0,-0.86,14441.34,-0.46,56000000.0,560.0,1444134000.0
20260709,20260707,A0167B0,SOL 200타겟위클리커버드콜,일반,코스피 200 타겟 15% 위클리 커버드콜 지수,100000.0,20260317,,769014.0,13635.0,-5.15,13700.78,-0.48,56400000.0,564.0,1370078000.0
20260709,20260708,A0167B0,SOL 200타겟위클리커버드콜,일반,코스피 200 타겟 15% 위클리 커버드콜 지수,100000.0,20260317,,733026.0,13020.0,-4.51,12952.41,0.52,56300000.0,563.0,1295241000.0
20260709,20260709,A0167B0,SOL 200타겟위클리커버드콜,일반,코스피 200 타겟 15% 위클리 커버드콜 지수,100000.0,20260317,,735841.0,13070.0,0.38,13075.83,-0.04,56300000.0,563.0,1307583000.0
20260709,20260703,A0168K0,TIGER 기술이전바이오액티브,일반,KRX 기술이전바이오 지수 (PR),10000.0,20260317,,160975.6,7180.0,-2.51,7147.51,0.45,22420000.0,2242.0,71475100.0
20260709,20260706,A0168K0,TIGER 기술이전바이오액티브,일반,KRX 기술이전바이오 지수 (PR),10000.0,20260317,,155601.0,6780.0,-5.57,6781.33,-0.02,22950000.0,2295.0,67813300.0
20260709,20260707,A0168K0,TIGER 기술이전바이오액티브,일반,KRX 기술이전바이오 지수 (PR),10000.0,20260317,,159433.0,6950.0,2.51,6926.31,0.34,22940000.0,2294.0,69263100.0
20260709,20260708,A0168K0,TIGER 기술이전바이오액티브,일반,KRX 기술이전바이오 지수 (PR),10000.0,20260317,,147347.2,6440.0,-7.34,6442.21,-0.03,22880000.0,2288.0,64422100.0
20260709,20260709,A0168K0,TIGER 기술이전바이오액티브,일반,KRX 기술이전바이오 지수 (PR),10000.0,20260317,,146115.0,6375.0,-1.01,6359.89,0.24,22920000.0,2292.0,63598900.0
20260709,20260703,A0172Y0,ACE K수출핵심TOP10산업액티브,일반,iSelect K수출핵심산업 지수 (시장가격),50000.0,20260331,,10450.0,11000.0,1.95,10994.78,0.05,950000.0,19.0,549739000.0
20260709,20260706,A0172Y0,ACE K수출핵심TOP10산업액티브,일반,iSelect K수출핵심산업 지수 (시장가격),50000.0,20260331,,10454.75,11005.0,0.05,11036.59,-0.29,950000.0,19.0,551829500.0
20260709,20260707,A0172Y0,ACE K수출핵심TOP10산업액티브,일반,iSelect K수출핵심산업 지수 (시장가격),50000.0,20260331,,10036.75,10565.0,-4.0,10545.9,0.18,950000.0,19.0,527295000.0
20260709,20260708,A0172Y0,ACE K수출핵심TOP10산업액티브,일반,iSelect K수출핵심산업 지수 (시장가격),50000.0,20260331,,9371.75,9865.0,-6.63,9903.76,-0.39,950000.0,19.0,495188000.0
20260709,20260709,A0172Y0,ACE K수출핵심TOP10산업액티브,일반,iSelect K수출핵심산업 지수 (시장가격),50000.0,20260331,,9295.75,9785.0,-0.81,9713.05,0.74,950000.0,19.0,485652499.99999994
20260709,20260703,A0176P0,FOCUS AI반도체위클리고정커버드콜,일반,AI 반도체 위클리 고정 30% 커버드콜 지수,50000.0,20260407,,8047.5,16095.0,4.85,16042.06,0.33,500000.0,10.0,802103000.0
20260709,20260706,A0176P0,FOCUS AI반도체위클리고정커버드콜,일반,AI 반도체 위클리 고정 30% 커버드콜 지수,50000.0,20260407,,7785.0,15570.0,-3.26,15514.08,0.36,500000.0,10.0,775704000.0
20260709,20260707,A0176P0,FOCUS AI반도체위클리고정커버드콜,일반,AI 반도체 위클리 고정 30% 커버드콜 지수,50000.0,20260407,,7310.0,14620.0,-6.1,14560.36,0.41,500000.0,10.0,728018000.0
20260709,20260708,A0176P0,FOCUS AI반도체위클리고정커버드콜,일반,AI 반도체 위클리 고정 30% 커버드콜 지수,50000.0,20260407,,6815.0,13630.0,-6.77,13571.4,0.43,500000.0,10.0,678570000.0
20260709,20260709,A0176P0,FOCUS AI반도체위클리고정커버드콜,일반,AI 반도체 위클리 고정 30% 커버드콜 지수,50000.0,20260407,,6940.0,13880.0,1.83,13934.19,-0.39,500000.0,10.0,696709500.0
20260709,20260703,A0177A0,WON 두산그룹포커스,일반,iSelect 두산그룹 포커스 지수,50000.0,20260331,,25398.0,9960.0,0.81,9995.27,-0.35,2550000.0,51.0,499763500.0
20260709,20260706,A0177A0,WON 두산그룹포커스,일반,iSelect 두산그룹 포커스 지수,50000.0,20260331,,25117.5,9850.0,-1.1,9848.12,0.02,2550000.0,51.0,492406000.00000006
20260709,20260707,A0177A0,WON 두산그룹포커스,일반,iSelect 두산그룹 포커스 지수,50000.0,20260331,,23829.75,9345.0,-5.13,9384.25,-0.42,2550000.0,51.0,469212500.0
20260709,20260708,A0177A0,WON 두산그룹포커스,일반,iSelect 두산그룹 포커스 지수,50000.0,20260331,,22185.0,8700.0,-6.9,8733.49,-0.38,2550000.0,51.0,436674500.0
20260709,20260709,A0177A0,WON 두산그룹포커스,일반,iSelect 두산그룹 포커스 지수,50000.0,20260331,,21840.75,8565.0,-1.55,8540.69,0.28,2550000.0,51.0,427034500.0
20260709,20260703,A0177R0,TIGER 반도체TOP10커버드콜액티브,일반,FnGuide 반도체 TOP10 Capped 지수(Price Return),100000.0,20260421,,893592.0,15120.0,3.56,15125.62,-0.04,59100000.0,591.0,1512562000.0
20260709,20260706,A0177R0,TIGER 반도체TOP10커버드콜액티브,일반,FnGuide 반도체 TOP10 Capped 지수(Price Return),100000.0,20260421,,878187.0,14710.0,-2.71,14680.87,0.2,59700000.0,597.0,1468087000.0
20260709,20260707,A0177R0,TIGER 반도체TOP10커버드콜액티브,일반,FnGuide 반도체 TOP10 Capped 지수(Price Return),100000.0,20260421,,837630.0,13620.0,-7.41,13705.18,-0.62,61500000.0,615.0,1370518000.0
20260709,20260708,A0177R0,TIGER 반도체TOP10커버드콜액티브,일반,FnGuide 반도체 TOP10 Capped 지수(Price Return),100000.0,20260421,,801875.0,12830.0,-5.8,12796.68,0.26,62500000.0,625.0,1279668000.0
20260709,20260709,A0177R0,TIGER 반도체TOP10커버드콜액티브,일반,FnGuide 반도체 TOP10 Capped 지수(Price Return),100000.0,20260421,,823606.0,13220.0,3.04,13205.5,0.11,62300000.0,623.0,1320550000.0
20260709,20260703,A0177X0,ACE K휴머노이드로봇산업TOP2+,일반,Akros K-휴머노이드 로봇 TOP2+ 지수 (시장가격),50000.0,20260407,,104275.0,9700.0,1.68,9664.33,0.37,10750000.0,215.0,483216500.0
20260709,20260706,A0177X0,ACE K휴머노이드로봇산업TOP2+,일반,Akros K-휴머노이드 로봇 TOP2+ 지수 (시장가격),50000.0,20260407,,103038.75,9585.0,-1.19,9660.27,-0.78,10750000.0,215.0,483013500.0
20260709,20260707,A0177X0,ACE K휴머노이드로봇산업TOP2+,일반,Akros K-휴머노이드 로봇 TOP2+ 지수 (시장가격),50000.0,20260407,,99735.0,9150.0,-4.54,9190.34,-0.44,10900000.0,218.0,459517000.0
20260709,20260708,A0177X0,ACE K휴머노이드로봇산업TOP2+,일반,Akros K-휴머노이드 로봇 TOP2+ 지수 (시장가격),50000.0,20260407,,94067.0,8630.0,-5.68,8637.61,-0.09,10900000.0,218.0,431880500.0
20260709,20260709,A0177X0,ACE K휴머노이드로봇산업TOP2+,일반,Akros K-휴머노이드 로봇 TOP2+ 지수 (시장가격),50000.0,20260407,,95157.0,8730.0,1.16,8801.32,-0.81,10900000.0,218.0,440066000.0
20260709,20260703,A0182R0,1Q K반도체TOP2+,일반,NICE K반도체 TOP2 MAX+ 지수,50000.0,20260414,,259885.5,14010.0,4.4,13995.88,0.1,18550000.0,371.0,699794000.0
20260709,20260706,A0182R0,1Q K반도체TOP2+,일반,NICE K반도체 TOP2 MAX+ 지수,50000.0,20260414,,258115.0,13585.0,-3.03,13548.61,0.27,19000000.0,380.0,677430500.0
20260709,20260707,A0182R0,1Q K반도체TOP2+,일반,NICE K반도체 TOP2 MAX+ 지수,50000.0,20260414,,264282.75,12555.0,-7.58,12527.07,0.22,21050000.0,421.0,626353500.0
20260709,20260708,A0182R0,1Q K반도체TOP2+,일반,NICE K반도체 TOP2 MAX+ 지수,50000.0,20260414,,246870.0,11700.0,-6.81,11661.17,0.33,21100000.0,422.0,583058500.0
20260709,20260709,A0182R0,1Q K반도체TOP2+,일반,NICE K반도체 TOP2 MAX+ 지수,50000.0,20260414,,261000.0,12000.0,2.56,12003.59,-0.03,21750000.0,435.0,600179500.0
20260709,20260703,A0184V0,UNICORN K바이오액티브,일반,FnGuide K-바이오 밸런스드 지수,50000.0,20260512,,7771.5,7065.0,-3.48,7030.68,0.49,1100000.0,22.0,351534000.0
20260709,20260706,A0184V0,UNICORN K바이오액티브,일반,FnGuide K-바이오 밸런스드 지수,50000.0,20260512,,7326.0,6660.0,-5.73,6697.84,-0.56,1100000.0,22.0,334892000.0
20260709,20260707,A0184V0,UNICORN K바이오액티브,일반,FnGuide K-바이오 밸런스드 지수,50000.0,20260512,,7513.0,6830.0,2.55,6866.41,-0.53,1100000.0,22.0,343320500.0
20260709,20260708,A0184V0,UNICORN K바이오액티브,일반,FnGuide K-바이오 밸런스드 지수,50000.0,20260512,,6952.0,6320.0,-7.47,6305.82,0.22,1100000.0,22.0,315291000.0
20260709,20260709,A0184V0,UNICORN K바이오액티브,일반,FnGuide K-바이오 밸런스드 지수,50000.0,20260512,,7040.0,6400.0,1.27,6279.86,1.91,1100000.0,22.0,313993000.0
20260709,20260703,A0189Z0,DAISHIN343 금융&지주고배당,일반,KRX-Akros 금융&지주고배당 지수,50000.0,20260609,,10180.0,10180.0,2.41,10298.55,-1.15,1000000.0,20.0,514927499.99999994
20260709,20260706,A0189Z0,DAISHIN343 금융&지주고배당,일반,KRX-Akros 금융&지주고배당 지수,50000.0,20260609,,10355.0,10355.0,1.72,10365.79,-0.1,1000000.0,20.0,518289500.00000006
20260709,20260707,A0189Z0,DAISHIN343 금융&지주고배당,일반,KRX-Akros 금융&지주고배당 지수,50000.0,20260609,,10320.0,10320.0,-0.34,10373.91,-0.52,1000000.0,20.0,518695500.0
20260709,20260708,A0189Z0,DAISHIN343 금융&지주고배당,일반,KRX-Akros 금융&지주고배당 지수,50000.0,20260609,,10075.0,10075.0,-2.37,10151.24,-0.75,1000000.0,20.0,507562000.0
20260709,20260709,A0189Z0,DAISHIN343 금융&지주고배당,일반,KRX-Akros 금융&지주고배당 지수,50000.0,20260609,,9910.0,9910.0,-1.64,9970.0,-0.6,1000000.0,20.0,498500000.0
20260709,20260703,A0190C0,RISE 현대차고정피지컬AI,일반,KEDI 현대차고정피지컬AI 지수,50000.0,20260512,,569579.25,9795.0,1.03,9788.46,0.07,58150000.0,1163.0,489422999.99999994
20260709,20260706,A0190C0,RISE 현대차고정피지컬AI,일반,KEDI 현대차고정피지컬AI 지수,50000.0,20260512,,580062.0,9865.0,0.71,9904.5,-0.4,58800000.0,1176.0,495225000.0
20260709,20260707,A0190C0,RISE 현대차고정피지컬AI,일반,KEDI 현대차고정피지컬AI 지수,50000.0,20260512,,556068.75,9465.0,-4.05,9510.58,-0.48,58750000.0,1175.0,475529000.0
20260709,20260708,A0190C0,RISE 현대차고정피지컬AI,일반,KEDI 현대차고정피지컬AI 지수,50000.0,20260512,,536152.5,9165.0,-3.17,9181.03,-0.17,58500000.0,1170.0,459051500.00000006
20260709,20260709,A0190C0,RISE 현대차고정피지컬AI,일반,KEDI 현대차고정피지컬AI 지수,50000.0,20260512,,520821.0,8820.0,-3.76,8857.21,-0.42,59050000.0,1181.0,442860499.99999994
20260709,20260703,A0190G0,KODEX 반도체타겟위클리커버드콜,일반,KRX 반도체 타겟9% 분배 위클리 커버드콜 지수,100000.0,20260512,,193320.0,10800.0,6.14,10744.06,0.52,17900000.0,179.0,1074406000.0
20260709,20260706,A0190G0,KODEX 반도체타겟위클리커버드콜,일반,KRX 반도체 타겟9% 분배 위클리 커버드콜 지수,100000.0,20260512,,189900.0,10550.0,-2.31,10532.41,0.17,18000000.0,180.0,1053241000.0
20260709,20260707,A0190G0,KODEX 반도체타겟위클리커버드콜,일반,KRX 반도체 타겟9% 분배 위클리 커버드콜 지수,100000.0,20260512,,185130.0,9900.0,-6.16,9967.24,-0.67,18700000.0,187.0,996724000.0
20260709,20260708,A0190G0,KODEX 반도체타겟위클리커버드콜,일반,KRX 반도체 타겟9% 분배 위클리 커버드콜 지수,100000.0,20260512,,174654.0,9390.0,-5.15,9383.25,0.07,18600000.0,186.0,938325000.0
20260709,20260709,A0190G0,KODEX 반도체타겟위클리커버드콜,일반,KRX 반도체 타겟9% 분배 위클리 커버드콜 지수,100000.0,20260512,,186893.5,9785.0,4.21,9762.77,0.23,19100000.0,191.0,976277000.0
20260709,20260703,A0191B0,MIDAS 코스닥액티브,일반,코스닥지수,25000.0,20260519,,6842.0,34210.0,1.29,34492.02,-0.82,200000.0,8.0,862300499.9999999
20260709,20260706,A0191B0,MIDAS 코스닥액티브,일반,코스닥지수,25000.0,20260519,,6528.0,32640.0,-4.59,32468.23,0.53,200000.0,8.0,811705750.0
20260709,20260707,A0191B0,MIDAS 코스닥액티브,일반,코스닥지수,25000.0,20260519,,6160.0,30800.0,-5.64,31021.68,-0.71,200000.0,8.0,775542000.0
20260709,20260708,A0191B0,MIDAS 코스닥액티브,일반,코스닥지수,25000.0,20260519,,5712.0,28560.0,-7.27,28789.67,-0.8,200000.0,8.0,719741750.0
20260709,20260709,A0191B0,MIDAS 코스닥액티브,일반,코스닥지수,25000.0,20260519,,5853.0,29265.0,2.47,29444.26,-0.61,200000.0,8.0,736106500.0
20260709,20260703,A0191S0,IBK 코스닥150,일반,코스닥 150,20000.0,20260519,,11344.2,15330.0,-1.6,15394.36,-0.42,740000.0,37.0,307887200.0
20260709,20260706,A0191S0,IBK 코스닥150,일반,코스닥 150,20000.0,20260519,,11033.4,14910.0,-2.74,14908.48,0.01,740000.0,37.0,298169600.0
20260709,20260707,A0191S0,IBK 코스닥150,일반,코스닥 150,20000.0,20260519,,10785.5,14575.0,-2.25,14672.54,-0.66,740000.0,37.0,293450800.0
20260709,20260708,A0191S0,IBK 코스닥150,일반,코스닥 150,20000.0,20260519,,10152.8,13720.0,-5.87,13713.45,0.05,740000.0,37.0,274269000.0
20260709,20260709,A0191S0,IBK 코스닥150,일반,코스닥 150,20000.0,20260519,,10308.2,13930.0,1.53,13906.56,0.17,740000.0,37.0,278131200.0
20260709,20260703,A0192L0,RISE SK하이닉스단일종목레버리지,레버리지,KRX SK하이닉스 레버리지 지수,25000.0,20260527,,125334.0,23210.0,27.35,23011.85,0.86,5400000.0,216.0,575296250.0
20260709,20260706,A0192L0,RISE SK하이닉스단일종목레버리지,레버리지,KRX SK하이닉스 레버리지 지수,25000.0,20260527,,116863.88,21345.0,-8.04,21423.37,-0.37,5475000.0,219.0,535584250.0
20260709,20260707,A0192L0,RISE SK하이닉스단일종목레버리지,레버리지,KRX SK하이닉스 레버리지 지수,25000.0,20260527,,104765.63,18625.0,-12.74,18945.21,-1.69,5625000.0,225.0,473630250.0
20260709,20260708,A0192L0,RISE SK하이닉스단일종목레버리지,레버리지,KRX SK하이닉스 레버리지 지수,25000.0,20260527,,93093.75,16550.0,-11.14,16546.27,0.02,5625000.0,225.0,413656750.0
20260709,20260709,A0192L0,RISE SK하이닉스단일종목레버리지,레버리지,KRX SK하이닉스 레버리지 지수,25000.0,20260527,,105640.13,18615.0,12.48,18784.25,-0.9,5675000.0,227.0,469606250.0
20260709,20260703,A0192M0,RISE 삼성전자단일종목레버리지,레버리지,KRX 삼성전자 레버리지 지수,25000.0,20260527,,90384.0,18830.0,16.06,18746.9,0.44,4800000.0,192.0,468672500.00000006
20260709,20260706,A0192M0,RISE 삼성전자단일종목레버리지,레버리지,KRX 삼성전자 레버리지 지수,25000.0,20260527,,91020.0,19680.0,4.51,19802.9,-0.62,4625000.0,185.0,495072500.00000006
20260709,20260707,A0192M0,RISE 삼성전자단일종목레버리지,레버리지,KRX 삼성전자 레버리지 지수,25000.0,20260527,,78463.13,16965.0,-13.8,17006.98,-0.25,4625000.0,185.0,425174500.0
20260709,20260708,A0192M0,RISE 삼성전자단일종목레버리지,레버리지,KRX 삼성전자 레버리지 지수,25000.0,20260527,,65932.5,14900.0,-12.17,14767.59,0.9,4425000.0,177.0,369189750.0
20260709,20260709,A0192M0,RISE 삼성전자단일종목레버리지,레버리지,KRX 삼성전자 레버리지 지수,25000.0,20260527,,66817.5,15100.0,1.34,15036.33,0.42,4425000.0,177.0,375908250.0
20260709,20260703,A0192T0,SOL 코스닥TOP10,일반,코스닥TOP10지수(PR),50000.0,20260519,,29568.0,7680.0,0.13,7648.12,0.42,3850000.0,77.0,382406000.0
20260709,20260706,A0192T0,SOL 코스닥TOP10,일반,코스닥TOP10지수(PR),50000.0,20260519,,29113.5,7465.0,-2.8,7450.86,0.19,3900000.0,78.0,372543000.0
20260709,20260707,A0192T0,SOL 코스닥TOP10,일반,코스닥TOP10지수(PR),50000.0,20260519,,29580.0,7395.0,-0.94,7382.64,0.17,4000000.0,80.0,369132000.0
20260709,20260708,A0192T0,SOL 코스닥TOP10,일반,코스닥TOP10지수(PR),50000.0,20260519,,27360.0,6840.0,-7.51,6867.08,-0.39,4000000.0,80.0,343354000.0
20260709,20260709,A0192T0,SOL 코스닥TOP10,일반,코스닥TOP10지수(PR),50000.0,20260519,,27500.0,6875.0,0.51,6855.95,0.28,4000000.0,80.0,342797500.0
20260709,20260703,A0193G0,KoAct 코스피액티브,일반,코스피지수,50000.0,20260519,,28421.25,10335.0,4.34,10299.78,0.34,2750000.0,55.0,514989000.00000006
20260709,20260706,A0193G0,KoAct 코스피액티브,일반,코스피지수,50000.0,20260519,,28201.25,10255.0,-0.77,10243.52,0.11,2750000.0,55.0,512176000.0
20260709,20260707,A0193G0,KoAct 코스피액티브,일반,코스피지수,50000.0,20260519,,27076.0,9670.0,-5.7,9673.16,-0.03,2800000.0,56.0,483658000.0
20260709,20260708,A0193G0,KoAct 코스피액티브,일반,코스피지수,50000.0,20260519,,25522.0,9115.0,-5.74,9098.17,0.18,2800000.0,56.0,454908500.0
20260709,20260709,A0193G0,KoAct 코스피액티브,일반,코스피지수,50000.0,20260519,,25858.0,9235.0,1.32,9180.6,0.59,2800000.0,56.0,459030000.0
20260709,20260703,A0193K0,PLUS 삼성전자단일종목레버리지,레버리지,KRX 삼성전자 레버리지 지수,25000.0,20260527,,22938.75,20390.0,15.75,20199.09,0.95,1125000.0,45.0,504977250.0
20260709,20260706,A0193K0,PLUS 삼성전자단일종목레버리지,레버리지,KRX 삼성전자 레버리지 지수,25000.0,20260527,,23788.13,21145.0,3.7,21356.88,-0.99,1125000.0,45.0,533922000.0
20260709,20260707,A0193K0,PLUS 삼성전자단일종목레버리지,레버리지,KRX 삼성전자 레버리지 지수,25000.0,20260527,,20812.5,18500.0,-12.51,18368.3,0.72,1125000.0,45.0,459207500.0
20260709,20260708,A0193K0,PLUS 삼성전자단일종목레버리지,레버리지,KRX 삼성전자 레버리지 지수,25000.0,20260527,,18917.5,16100.0,-12.97,15970.67,0.81,1175000.0,47.0,399266750.0
20260709,20260709,A0193K0,PLUS 삼성전자단일종목레버리지,레버리지,KRX 삼성전자 레버리지 지수,25000.0,20260527,,19099.63,16255.0,0.96,16239.82,0.09,1175000.0,47.0,405995500.0
20260709,20260703,A0193L0,PLUS 삼성전자선물단일종목인버스2X,인버스 2X,KRX 삼성전자 선물 인버스 -2X 지수,20000.0,20260527,,42933.0,13010.0,-16.74,13200.07,-1.44,3300000.0,165.0,264001400.0
20260709,20260706,A0193L0,PLUS 삼성전자선물단일종목인버스2X,인버스 2X,KRX 삼성전자 선물 인버스 -2X 지수,20000.0,20260527,,43500.0,12500.0,-3.92,12369.66,1.05,3480000.0,174.0,247393200.0
20260709,20260707,A0193L0,PLUS 삼성전자선물단일종목인버스2X,인버스 2X,KRX 삼성전자 선물 인버스 -2X 지수,20000.0,20260527,,48170.7,14085.0,12.68,14150.7,-0.46,3420000.0,171.0,283014000.0
20260709,20260708,A0193L0,PLUS 삼성전자선물단일종목인버스2X,인버스 2X,KRX 삼성전자 선물 인버스 -2X 지수,20000.0,20260527,,53984.7,15785.0,12.07,16195.2,-2.53,3420000.0,171.0,323904000.0
20260709,20260709,A0193L0,PLUS 삼성전자선물단일종목인버스2X,인버스 2X,KRX 삼성전자 선물 인버스 -2X 지수,20000.0,20260527,,48795.6,15540.0,-1.55,15659.9,-0.77,3140000.0,157.0,313198000.0
20260709,20260703,A0193T0,KODEX SK하이닉스단일종목레버리지,레버리지,KRX SK하이닉스 레버리지 지수,25000.0,20260527,,5097085.0,27400.0,24.35,27158.88,0.89,186025000.0,7441.0,678972000.0
20260709,20260706,A0193T0,KODEX SK하이닉스단일종목레버리지,레버리지,KRX SK하이닉스 레버리지 지수,25000.0,20260527,,4943675.75,25310.0,-7.63,25358.53,-0.19,195325000.0,7813.0,633963250.0
20260709,20260707,A0193T0,KODEX SK하이닉스단일종목레버리지,레버리지,KRX SK하이닉스 레버리지 지수,25000.0,20260527,,4758503.25,22130.0,-12.56,22437.62,-1.37,215025000.0,8601.0,560940500.0
20260709,20260708,A0193T0,KODEX SK하이닉스단일종목레버리지,레버리지,KRX SK하이닉스 레버리지 지수,25000.0,20260527,,4318718.25,19635.0,-11.27,19469.59,0.85,219950000.0,8798.0,486739750.0
20260709,20260709,A0193T0,KODEX SK하이닉스단일종목레버리지,레버리지,KRX SK하이닉스 레버리지 지수,25000.0,20260527,,4903548.0,21930.0,11.69,22092.12,-0.73,223600000.0,8944.0,552303000.0
20260709,20260703,A0193W0,KODEX 삼성전자단일종목레버리지,레버리지,KRX 삼성전자 레버리지 지수,25000.0,20260527,,3165256.25,20375.0,15.77,20255.59,0.59,155350000.0,6214.0,506389750.0
20260709,20260706,A0193W0,KODEX 삼성전자단일종목레버리지,레버리지,KRX 삼성전자 레버리지 지수,25000.0,20260527,,3381407.0,21220.0,4.15,21461.98,-1.13,159350000.0,6374.0,536549500.0
20260709,20260707,A0193W0,KODEX 삼성전자단일종목레버리지,레버리지,KRX 삼성전자 레버리지 지수,25000.0,20260527,,3080199.75,18310.0,-13.71,18372.73,-0.34,168225000.0,6729.0,459318250.0
20260709,20260708,A0193W0,KODEX 삼성전자단일종목레버리지,레버리지,KRX 삼성전자 레버리지 지수,25000.0,20260527,,2760756.38,16185.0,-11.61,15902.93,1.77,170575000.0,6823.0,397573250.0
20260709,20260709,A0193W0,KODEX 삼성전자단일종목레버리지,레버리지,KRX 삼성전자 레버리지 지수,25000.0,20260527,,2829760.5,16235.0,0.31,16214.22,0.13,174300000.0,6972.0,405355500.0
20260709,20260703,A0194M0,ACE 삼성전자단일종목레버리지,레버리지,KRX 삼성전자 레버리지 지수,25000.0,20260527,,89770.0,18800.0,16.01,18693.48,0.57,4775000.0,191.0,467337000.0
20260709,20260706,A0194M0,ACE 삼성전자단일종목레버리지,레버리지,KRX 삼성전자 레버리지 지수,25000.0,20260527,,95157.0,19620.0,4.36,19758.67,-0.7,4850000.0,194.0,493966749.99999994
20260709,20260707,A0194M0,ACE 삼성전자단일종목레버리지,레버리지,KRX 삼성전자 레버리지 지수,25000.0,20260527,,85767.5,16900.0,-13.86,16969.91,-0.41,5075000.0,203.0,424247750.0
20260709,20260708,A0194M0,ACE 삼성전자단일종목레버리지,레버리지,KRX 삼성전자 레버리지 지수,25000.0,20260527,,75875.63,14805.0,-12.4,14733.48,0.49,5125000.0,205.0,368337000.0
20260709,20260709,A0194M0,ACE 삼성전자단일종목레버리지,레버리지,KRX 삼성전자 레버리지 지수,25000.0,20260527,,79632.5,15025.0,1.49,14992.22,0.22,5300000.0,212.0,374805500.0
20260709,20260703,A0194N0,KIWOOM 삼성전자선물단일종목레버리지,레버리지,KRX 삼성전자 선물 레버리지 지수,25000.0,20260527,,15233.63,18465.0,16.65,18427.03,0.21,825000.0,33.0,460675750.0
20260709,20260706,A0194N0,KIWOOM 삼성전자선물단일종목레버리지,레버리지,KRX 삼성전자 선물 레버리지 지수,25000.0,20260527,,16926.88,19345.0,4.77,19587.22,-1.24,875000.0,35.0,489680500.0
20260709,20260707,A0194N0,KIWOOM 삼성전자선물단일종목레버리지,레버리지,KRX 삼성전자 선물 레버리지 지수,25000.0,20260527,,14360.75,16895.0,-12.66,16768.74,0.75,850000.0,34.0,419218500.00000006
20260709,20260708,A0194N0,KIWOOM 삼성전자선물단일종목레버리지,레버리지,KRX 삼성전자 선물 레버리지 지수,25000.0,20260527,,13153.5,14615.0,-13.5,14345.39,1.88,900000.0,36.0,358634750.0
20260709,20260709,A0194N0,KIWOOM 삼성전자선물단일종목레버리지,레버리지,KRX 삼성전자 선물 레버리지 지수,25000.0,20260527,,13315.5,14795.0,1.23,14785.4,0.06,900000.0,36.0,369635000.0
20260709,20260703,A0194R0,KIWOOM SK하이닉스선물단일종목레버리지,레버리지,KRX SK하이닉스 선물 레버리지 지수,25000.0,20260527,,26531.5,22580.0,29.58,22171.94,1.84,1175000.0,47.0,554298500.0
20260709,20260706,A0194R0,KIWOOM SK하이닉스선물단일종목레버리지,레버리지,KRX SK하이닉스 선물 레버리지 지수,25000.0,20260527,,24600.0,20500.0,-9.21,20716.35,-1.04,1200000.0,48.0,517908749.99999994
20260709,20260707,A0194R0,KIWOOM SK하이닉스선물단일종목레버리지,레버리지,KRX SK하이닉스 선물 레버리지 지수,25000.0,20260527,,22765.13,17855.0,-12.9,18478.29,-3.37,1275000.0,51.0,461957250.0
20260709,20260708,A0194R0,KIWOOM SK하이닉스선물단일종목레버리지,레버리지,KRX SK하이닉스 선물 레버리지 지수,25000.0,20260527,,21120.5,15940.0,-10.73,15850.03,0.57,1325000.0,53.0,396250750.0
20260709,20260709,A0194R0,KIWOOM SK하이닉스선물단일종목레버리지,레버리지,KRX SK하이닉스 선물 레버리지 지수,25000.0,20260527,,23744.0,17920.0,12.42,18278.5,-1.96,1325000.0,53.0,456962500.0
20260709,20260703,A0194T0,ACE SK하이닉스단일종목레버리지,레버리지,KRX SK하이닉스 레버리지 지수,25000.0,20260527,,108687.5,23125.0,23.46,22880.72,1.07,4700000.0,188.0,572018000.0
20260709,20260706,A0194T0,ACE SK하이닉스단일종목레버리지,레버리지,KRX SK하이닉스 레버리지 지수,25000.0,20260527,,103203.75,21170.0,-8.45,21298.56,-0.6,4875000.0,195.0,532464000.00000006
20260709,20260707,A0194T0,ACE SK하이닉스단일종목레버리지,레버리지,KRX SK하이닉스 레버리지 지수,25000.0,20260527,,101862.38,18605.0,-12.12,18813.1,-1.11,5475000.0,219.0,470327499.99999994
20260709,20260708,A0194T0,ACE SK하이닉스단일종목레버리지,레버리지,KRX SK하이닉스 레버리지 지수,25000.0,20260527,,91575.0,16500.0,-11.31,16405.55,0.58,5550000.0,222.0,410138750.0
20260709,20260709,A0194T0,ACE SK하이닉스단일종목레버리지,레버리지,KRX SK하이닉스 레버리지 지수,25000.0,20260527,,103360.5,18540.0,12.36,18627.84,-0.47,5575000.0,223.0,465696000.0
20260709,20260703,A0195R0,TIGER 삼성전자단일종목레버리지,레버리지,KRX 삼성전자 레버리지 지수,25000.0,20260527,,1684457.88,18805.0,16.08,18640.12,0.88,89575000.0,3583.0,466003000.0
20260709,20260706,A0195R0,TIGER 삼성전자단일종목레버리지,레버리지,KRX 삼성전자 레버리지 지수,25000.0,20260527,,1767018.0,19590.0,4.17,19736.73,-0.74,90200000.0,3608.0,493418250.0
20260709,20260707,A0195R0,TIGER 삼성전자단일종목레버리지,레버리지,KRX 삼성전자 레버리지 지수,25000.0,20260527,,1636390.0,16870.0,-13.88,16902.78,-0.19,97000000.0,3880.0,422569500.0
20260709,20260708,A0195R0,TIGER 삼성전자단일종목레버리지,레버리지,KRX 삼성전자 레버리지 지수,25000.0,20260527,,1539202.5,14850.0,-11.97,14627.83,1.52,103650000.0,4146.0,365695750.0
20260709,20260709,A0195R0,TIGER 삼성전자단일종목레버리지,레버리지,KRX 삼성전자 레버리지 지수,25000.0,20260527,,1566378.75,14925.0,0.51,14916.56,0.06,104950000.0,4198.0,372914000.0
20260709,20260703,A0195S0,TIGER SK하이닉스단일종목레버리지,레버리지,KRX SK하이닉스 레버리지 지수,25000.0,20260527,,2982809.75,23390.0,24.12,22983.93,1.77,127525000.0,5101.0,574598250.0
20260709,20260706,A0195S0,TIGER SK하이닉스단일종목레버리지,레버리지,KRX SK하이닉스 레버리지 지수,25000.0,20260527,,2807506.5,21415.0,-8.44,21462.19,-0.22,131100000.0,5244.0,536554749.99999994
20260709,20260707,A0195S0,TIGER SK하이닉스단일종목레버리지,레버리지,KRX SK하이닉스 레버리지 지수,25000.0,20260527,,2722968.75,18750.0,-12.44,18945.9,-1.03,145225000.0,5809.0,473647500.00000006
20260709,20260708,A0195S0,TIGER SK하이닉스단일종목레버리지,레버리지,KRX SK하이닉스 레버리지 지수,25000.0,20260527,,2434315.63,16625.0,-11.33,16482.23,0.87,146425000.0,5857.0,412055750.0
20260709,20260709,A0195S0,TIGER SK하이닉스단일종목레버리지,레버리지,KRX SK하이닉스 레버리지 지수,25000.0,20260527,,2772977.63,18645.0,12.15,18710.08,-0.35,148725000.0,5949.0,467752000.00000006
20260709,20260703,A0197W0,SOL SK하이닉스단일종목레버리지,레버리지,KRX SK하이닉스 레버리지 지수,25000.0,20260527,,88338.25,22945.0,23.53,22718.96,0.99,3850000.0,154.0,567974000.0
20260709,20260706,A0197W0,SOL SK하이닉스단일종목레버리지,레버리지,KRX SK하이닉스 레버리지 지수,25000.0,20260527,,81254.25,21105.0,-8.02,21190.84,-0.41,3850000.0,154.0,529771000.0
20260709,20260707,A0197W0,SOL SK하이닉스단일종목레버리지,레버리지,KRX SK하이닉스 레버리지 지수,25000.0,20260527,,80714.25,18555.0,-12.08,18715.69,-0.86,4350000.0,174.0,467892249.99999994
20260709,20260708,A0197W0,SOL SK하이닉스단일종목레버리지,레버리지,KRX SK하이닉스 레버리지 지수,25000.0,20260527,,72072.0,16380.0,-11.72,16305.51,0.46,4400000.0,176.0,407637750.0
20260709,20260709,A0197W0,SOL SK하이닉스단일종목레버리지,레버리지,KRX SK하이닉스 레버리지 지수,25000.0,20260527,,77338.63,18305.0,11.75,18461.41,-0.85,4225000.0,169.0,461535250.0
20260709,20260703,A0197X0,SOL SK하이닉스선물단일종목인버스2X,인버스 2X,KRX SK하이닉스 선물 인버스 -2X 지수,25000.0,20260527,,141703.25,7670.0,-27.26,7849.51,-2.29,18475000.0,739.0,196237750.0
20260709,20260706,A0197X0,SOL SK하이닉스선물단일종목인버스2X,인버스 2X,KRX SK하이닉스 선물 인버스 -2X 지수,25000.0,20260527,,152243.0,8365.0,9.06,8346.73,0.22,18200000.0,728.0,208668250.0
20260709,20260707,A0197X0,SOL SK하이닉스선물단일종목인버스2X,인버스 2X,KRX SK하이닉스 선물 인버스 -2X 지수,25000.0,20260527,,129800.63,9355.0,11.83,9174.61,1.97,13875000.0,555.0,229365250.0
20260709,20260708,A0197X0,SOL SK하이닉스선물단일종목인버스2X,인버스 2X,KRX SK하이닉스 선물 인버스 -2X 지수,25000.0,20260527,,254264.25,10410.0,11.28,10572.6,-1.54,24425000.0,977.0,264315000.0
20260709,20260709,A0197X0,SOL SK하이닉스선물단일종목인버스2X,인버스 2X,KRX SK하이닉스 선물 인버스 -2X 지수,25000.0,20260527,,192390.0,9075.0,-12.82,8990.34,0.94,21200000.0,848.0,224758500.0
20260709,20260703,A0198A0,KIWOOM 코스닥150커버드콜액티브,일반,코스닥150 위클리고정30% 커버드콜지수,50000.0,20260630,,10956.0,9960.0,-0.7,9870.11,0.91,1100000.0,22.0,493505500.0
20260709,20260706,A0198A0,KIWOOM 코스닥150커버드콜액티브,일반,코스닥150 위클리고정30% 커버드콜지수,50000.0,20260630,,13580.0,9700.0,-2.61,9559.46,1.47,1400000.0,28.0,477972999.99999994
20260709,20260707,A0198A0,KIWOOM 코스닥150커버드콜액티브,일반,코스닥150 위클리고정30% 커버드콜지수,50000.0,20260630,,17723.0,9580.0,-1.24,9490.45,0.94,1850000.0,37.0,474522500.00000006
20260709,20260708,A0198A0,KIWOOM 코스닥150커버드콜액티브,일반,코스닥150 위클리고정30% 커버드콜지수,50000.0,20260630,,19910.0,9050.0,-5.53,8924.67,1.4,2200000.0,44.0,446233500.0
20260709,20260709,A0198A0,KIWOOM 코스닥150커버드콜액티브,일반,코스닥150 위클리고정30% 커버드콜지수,50000.0,20260630,,21326.25,9075.0,0.28,9068.78,0.07,2350000.0,47.0,453439000.00000006
20260709,20260703,A0198B0,1Q 삼성전자선물단일종목레버리지,레버리지,KRX 삼성전자 선물 레버리지 지수,5000.0,20260527,,31211.7,19630.0,16.74,19418.56,1.09,1590000.0,318.0,97092800.0
20260709,20260706,A0198B0,1Q 삼성전자선물단일종목레버리지,레버리지,KRX 삼성전자 선물 레버리지 지수,5000.0,20260527,,33097.15,20305.0,3.44,20614.43,-1.5,1630000.0,326.0,103072150.0
20260709,20260707,A0198B0,1Q 삼성전자선물단일종목레버리지,레버리지,KRX 삼성전자 선물 레버리지 지수,5000.0,20260527,,31152.0,17600.0,-13.32,17620.05,-0.11,1770000.0,354.0,88100250.0
20260709,20260708,A0198B0,1Q 삼성전자선물단일종목레버리지,레버리지,KRX 삼성전자 선물 레버리지 지수,5000.0,20260527,,27355.35,15455.0,-12.19,15103.26,2.33,1770000.0,354.0,75516300.0
20260709,20260709,A0198B0,1Q 삼성전자선물단일종목레버리지,레버리지,KRX 삼성전자 선물 레버리지 지수,5000.0,20260527,,28447.35,15545.0,0.58,15521.22,0.15,1830000.0,366.0,77606100.0
20260709,20260703,A0198D0,1Q SK하이닉스선물단일종목레버리지,레버리지,KRX SK하이닉스 선물 레버리지 지수,5000.0,20260527,,38599.0,24200.0,27.27,24146.23,0.22,1595000.0,319.0,120731150.0
20260709,20260706,A0198D0,1Q SK하이닉스선물단일종목레버리지,레버리지,KRX SK하이닉스 선물 레버리지 지수,5000.0,20260527,,36397.9,22330.0,-7.73,22538.33,-0.92,1630000.0,326.0,112691650.00000001
20260709,20260707,A0198D0,1Q SK하이닉스선물단일종목레버리지,레버리지,KRX SK하이닉스 선물 레버리지 지수,5000.0,20260527,,35155.07,19585.0,-12.29,20043.09,-2.29,1795000.0,359.0,100215450.0
20260709,20260708,A0198D0,1Q SK하이닉스선물단일종목레버리지,레버리지,KRX SK하이닉스 선물 레버리지 지수,5000.0,20260527,,31053.5,17300.0,-11.67,17277.45,0.13,1795000.0,359.0,86387250.0
20260709,20260709,A0198D0,1Q SK하이닉스선물단일종목레버리지,레버리지,KRX SK하이닉스 선물 레버리지 지수,5000.0,20260527,,35083.28,19545.0,12.98,19858.73,-1.58,1795000.0,359.0,99293650.0
20260709,20260703,A0199C0,ACE 고배당주Plus커버드콜액티브,일반,KRX-Akros 고배당주 20 위클리 고정 30% 커버드콜 지수,50000.0,20260602,,125250.0,10020.0,3.73,10009.59,0.1,12500000.0,250.0,500479500.0
20260709,20260706,A0199C0,ACE 고배당주Plus커버드콜액티브,일반,KRX-Akros 고배당주 20 위클리 고정 30% 커버드콜 지수,50000.0,20260602,,127500.0,10200.0,1.8,10205.75,-0.06,12500000.0,250.0,510287500.0
20260709,20260707,A0199C0,ACE 고배당주Plus커버드콜액티브,일반,KRX-Akros 고배당주 20 위클리 고정 30% 커버드콜 지수,50000.0,20260602,,126750.0,10140.0,-0.59,10116.02,0.24,12500000.0,250.0,505801000.0
20260709,20260708,A0199C0,ACE 고배당주Plus커버드콜액티브,일반,KRX-Akros 고배당주 20 위클리 고정 30% 커버드콜 지수,50000.0,20260602,,123250.0,9860.0,-2.76,9846.09,0.14,12500000.0,250.0,492304500.0
20260709,20260709,A0199C0,ACE 고배당주Plus커버드콜액티브,일반,KRX-Akros 고배당주 20 위클리 고정 30% 커버드콜 지수,50000.0,20260602,,121000.0,9680.0,-1.83,9628.83,0.53,12500000.0,250.0,481441500.0
20260709,20260703,A0204S0,TIGER 코스닥액티브,일반,코스닥지수,10000.0,20260602,,34329.4,7910.0,0.19,7881.25,0.36,4340000.0,434.0,78812500.0
20260709,20260706,A0204S0,TIGER 코스닥액티브,일반,코스닥지수,10000.0,20260602,,33219.2,7415.0,-6.26,7435.14,-0.27,4480000.0,448.0,74351400.0
20260709,20260707,A0204S0,TIGER 코스닥액티브,일반,코스닥지수,10000.0,20260602,,32884.4,7180.0,-3.17,7178.24,0.02,4580000.0,458.0,71782400.0
20260709,20260708,A0204S0,TIGER 코스닥액티브,일반,코스닥지수,10000.0,20260602,,31008.0,6800.0,-5.29,6772.63,0.4,4560000.0,456.0,67726300.0
20260709,20260709,A0204S0,TIGER 코스닥액티브,일반,코스닥지수,10000.0,20260602,,30940.1,6815.0,0.22,6860.99,-0.67,4540000.0,454.0,68609900.0
20260709,20260703,A0207G0,SOL 우주항공밸류체인,일반,Akros 우주항공밸류체인 지수(PR),50000.0,20260616,,11680.0,7300.0,2.89,7223.56,1.06,1600000.0,32.0,361178000.0
20260709,20260706,A0207G0,SOL 우주항공밸류체인,일반,Akros 우주항공밸류체인 지수(PR),50000.0,20260616,,13320.0,7200.0,-1.37,7187.29,0.18,1850000.0,37.0,359364500.0
20260709,20260707,A0207G0,SOL 우주항공밸류체인,일반,Akros 우주항공밸류체인 지수(PR),50000.0,20260616,,12200.75,6595.0,-8.4,6579.14,0.24,1850000.0,37.0,328957000.0
20260709,20260708,A0207G0,SOL 우주항공밸류체인,일반,Akros 우주항공밸류체인 지수(PR),50000.0,20260616,,11229.5,6070.0,-7.96,6059.53,0.17,1850000.0,37.0,302976500.0
20260709,20260709,A0207G0,SOL 우주항공밸류체인,일반,Akros 우주항공밸류체인 지수(PR),50000.0,20260616,,13050.5,6070.0,0.0,6118.28,-0.79,2150000.0,43.0,305914000.0
20260709,20260703,A0208N0,IBK 코스피액티브,일반,코스피지수,50000.0,20260623,,14368.5,9270.0,6.19,9216.99,0.58,1550000.0,31.0,460849500.0
20260709,20260706,A0208N0,IBK 코스피액티브,일반,코스피지수,50000.0,20260623,,14081.75,9085.0,-2.0,9110.77,-0.28,1550000.0,31.0,455538500.0
20260709,20260707,A0208N0,IBK 코스피액티브,일반,코스피지수,50000.0,20260623,,13322.25,8595.0,-5.39,8684.23,-1.03,1550000.0,31.0,434211500.0
20260709,20260708,A0208N0,IBK 코스피액티브,일반,코스피지수,50000.0,20260623,,12648.0,8160.0,-5.06,8160.78,-0.01,1550000.0,31.0,408039000.0
20260709,20260709,A0208N0,IBK 코스피액티브,일반,코스피지수,50000.0,20260623,,12741.0,8220.0,0.74,8206.72,0.16,1550000.0,31.0,410335999.99999994
20260709,20260703,A0209D0,KODEX 전고체배터리ESS TOP2플러스,일반,Akros 한국 전고체 배터리 ESS TOP2 플러스 지수(Price Return),50000.0,20260623,,88956.25,8275.0,0.0,8249.15,0.31,10750000.0,215.0,412457500.0
20260709,20260706,A0209D0,KODEX 전고체배터리ESS TOP2플러스,일반,Akros 한국 전고체 배터리 ESS TOP2 플러스 지수(Price Return),50000.0,20260623,,86491.5,7935.0,-4.11,7936.82,-0.02,10900000.0,218.0,396841000.0
20260709,20260707,A0209D0,KODEX 전고체배터리ESS TOP2플러스,일반,Akros 한국 전고체 배터리 ESS TOP2 플러스 지수(Price Return),50000.0,20260623,,84684.25,7595.0,-4.28,7612.8,-0.23,11150000.0,223.0,380640000.0
20260709,20260708,A0209D0,KODEX 전고체배터리ESS TOP2플러스,일반,Akros 한국 전고체 배터리 ESS TOP2 플러스 지수(Price Return),50000.0,20260623,,80358.0,7080.0,-6.78,7068.09,0.17,11350000.0,227.0,353404500.0
20260709,20260709,A0209D0,KODEX 전고체배터리ESS TOP2플러스,일반,Akros 한국 전고체 배터리 ESS TOP2 플러스 지수(Price Return),50000.0,20260623,,81305.0,7070.0,-0.14,7053.02,0.24,11500000.0,230.0,352651000.0
20260709,20260703,A0209Z0,ACE 코리아AI전력TOP10,일반,Akros 코리아 AI전력 TOP 10 지수 (시장가격),50000.0,20260623,,17995.5,8370.0,-2.05,8345.8,0.29,2150000.0,43.0,417289999.99999994
20260709,20260706,A0209Z0,ACE 코리아AI전력TOP10,일반,Akros 코리아 AI전력 TOP 10 지수 (시장가격),50000.0,20260623,,17135.5,7970.0,-4.78,7993.0,-0.29,2150000.0,43.0,399650000.0
20260709,20260707,A0209Z0,ACE 코리아AI전력TOP10,일반,Akros 코리아 AI전력 TOP 10 지수 (시장가격),50000.0,20260623,,17789.5,7570.0,-5.02,7593.43,-0.31,2350000.0,47.0,379671500.0
20260709,20260708,A0209Z0,ACE 코리아AI전력TOP10,일반,Akros 코리아 AI전력 TOP 10 지수 (시장가격),50000.0,20260623,,17287.5,6915.0,-8.65,6895.97,0.28,2500000.0,50.0,344798500.0
20260709,20260709,A0209Z0,ACE 코리아AI전력TOP10,일반,Akros 코리아 AI전력 TOP 10 지수 (시장가격),50000.0,20260623,,17646.0,6920.0,0.07,6944.44,-0.35,2550000.0,51.0,347222000.0
20260709,20260703,A0210A0,ACE K반도체TOP2+,일반,KRX K-AI 반도체TOP2+지수 (시장가격),50000.0,20260623,,395382.0,9620.0,4.51,9605.13,0.15,41100000.0,822.0,480256499.99999994
20260709,20260706,A0210A0,ACE K반도체TOP2+,일반,KRX K-AI 반도체TOP2+지수 (시장가격),50000.0,20260623,,362216.75,9205.0,-4.31,9206.35,-0.01,39350000.0,787.0,460317500.0
20260709,20260707,A0210A0,ACE K반도체TOP2+,일반,KRX K-AI 반도체TOP2+지수 (시장가격),50000.0,20260623,,340938.0,8460.0,-8.09,8488.05,-0.33,40300000.0,806.0,424402499.99999994
20260709,20260708,A0210A0,ACE K반도체TOP2+,일반,KRX K-AI 반도체TOP2+지수 (시장가격),50000.0,20260623,,318201.75,7965.0,-5.85,7964.32,0.01,39950000.0,799.0,398216000.0
20260709,20260709,A0210A0,ACE K반도체TOP2+,일반,KRX K-AI 반도체TOP2+지수 (시장가격),50000.0,20260623,,333922.5,8245.0,3.52,8245.64,-0.01,40500000.0,810.0,412282000.0
20260709,20260703,A0210E0,PLUS 200커버드콜액티브,일반,코스피 200 위클리 고정 30% 커버드콜 지수,100000.0,20260623,,43404.5,9235.0,5.3,9210.25,0.27,4700000.0,47.0,921025000.0
20260709,20260706,A0210E0,PLUS 200커버드콜액티브,일반,코스피 200 위클리 고정 30% 커버드콜 지수,100000.0,20260623,,45080.0,9200.0,-0.38,9188.81,0.12,4900000.0,49.0,918881000.0
20260709,20260707,A0210E0,PLUS 200커버드콜액티브,일반,코스피 200 위클리 고정 30% 커버드콜 지수,100000.0,20260623,,47034.0,8710.0,-5.33,8739.3,-0.34,5400000.0,54.0,873929999.9999999
20260709,20260708,A0210E0,PLUS 200커버드콜액티브,일반,코스피 200 위클리 고정 30% 커버드콜 지수,100000.0,20260623,,47167.5,8275.0,-4.99,8266.19,0.11,5700000.0,57.0,826619000.0
20260709,20260709,A0210E0,PLUS 200커버드콜액티브,일반,코스피 200 위클리 고정 30% 커버드콜 지수,100000.0,20260623,,47908.5,8405.0,1.57,8357.96,0.56,5700000.0,57.0,835795999.9999999
20260709,20260703,A0216Z0,ACE K방산TOP5+,일반,KRX K-AI 방산TOP5+ 지수,50000.0,20260707,,,,,,,,0.0,
20260709,20260706,A0216Z0,ACE K방산TOP5+,일반,KRX K-AI 방산TOP5+ 지수,50000.0,20260707,,,,,10274.02,,,0.0,513701000.0
20260709,20260707,A0216Z0,ACE K방산TOP5+,일반,KRX K-AI 방산TOP5+ 지수,50000.0,20260707,,19540.0,9770.0,,9753.35,0.17,2000000.0,40.0,487667500.0
20260709,20260708,A0216Z0,ACE K방산TOP5+,일반,KRX K-AI 방산TOP5+ 지수,50000.0,20260707,,17870.0,8935.0,-8.55,8909.23,0.29,2000000.0,40.0,445461500.0
20260709,20260709,A0216Z0,ACE K방산TOP5+,일반,KRX K-AI 방산TOP5+ 지수,50000.0,20260707,,17400.0,8700.0,-2.63,8709.12,-0.1,2000000.0,40.0,435456000.00000006
20260709,20260703,A069500,KODEX 200,일반,코스피 200,50000.0,20021014,,27394191.0,131010.0,6.06,130791.06,0.17,209100000.0,4182.0,6539553000.0
20260709,20260706,A069500,KODEX 200,일반,코스피 200,50000.0,20021014,,27306731.25,130125.0,-0.68,130165.59,-0.03,209850000.0,4197.0,6508279500.0
20260709,20260707,A069500,KODEX 200,일반,코스피 200,50000.0,20021014,,26288375.0,123710.0,-4.93,123362.61,0.28,212500000.0,4250.0,6168130500.0
20260709,20260708,A069500,KODEX 200,일반,코스피 200,50000.0,20021014,,25155191.25,116865.0,-5.53,116598.2,0.23,215250000.0,4305.0,5829910000.0
20260709,20260709,A069500,KODEX 200,일반,코스피 200,50000.0,20021014,,25423200.0,117700.0,0.71,117715.96,-0.01,216000000.0,4320.0,5885798000.0
20260709,20260703,A069660,KIWOOM 200,일반,코스피 200,50000.0,20021014,,912940.0,130420.0,5.35,130577.11,-0.12,7000000.0,140.0,6528855500.0
20260709,20260706,A069660,KIWOOM 200,일반,코스피 200,50000.0,20021014,,909440.0,129920.0,-0.38,129985.09,-0.05,7000000.0,140.0,6499254500.0
20260709,20260707,A069660,KIWOOM 200,일반,코스피 200,50000.0,20021014,,869829.0,123380.0,-5.03,123192.18,0.15,7050000.0,141.0,6159609000.0
20260709,20260708,A069660,KIWOOM 200,일반,코스피 200,50000.0,20021014,,835620.5,116870.0,-5.28,116407.6,0.4,7150000.0,143.0,5820380000.0
20260709,20260709,A069660,KIWOOM 200,일반,코스피 200,50000.0,20021014,,841519.25,117695.0,0.71,117630.49,0.05,7150000.0,143.0,5881524500.0
20260709,20260703,A091160,KODEX 반도체,일반,KRX 반도체,50000.0,20060627,,6697785.0,157225.0,5.34,157023.98,0.13,42600000.0,852.0,7851199000.000001
20260709,20260706,A091160,KODEX 반도체,일반,KRX 반도체,50000.0,20060627,,6547201.5,153510.0,-2.36,153071.19,0.29,42650000.0,853.0,7653559500.0
20260709,20260707,A091160,KODEX 반도체,일반,KRX 반도체,50000.0,20060627,,6266394.0,143560.0,-6.48,144023.65,-0.32,43650000.0,873.0,7201182500.0
20260709,20260708,A091160,KODEX 반도체,일반,KRX 반도체,50000.0,20060627,,5949951.0,135380.0,-5.7,135070.79,0.23,43950000.0,879.0,6753539500.0
20260709,20260709,A091160,KODEX 반도체,일반,KRX 반도체,50000.0,20060627,,6200460.0,140600.0,3.86,140710.72,-0.08,44100000.0,882.0,7035536000.0
20260709,20260703,A091170,KODEX 은행,일반,KRX 은행,50000.0,20060627,,444405.0,15900.0,2.78,15866.76,0.21,27950000.0,559.0,793338000.0
20260709,20260706,A091170,KODEX 은행,일반,KRX 은행,50000.0,20060627,,443706.25,15875.0,-0.16,15915.13,-0.25,27950000.0,559.0,795756500.0
20260709,20260707,A091170,KODEX 은행,일반,KRX 은행,50000.0,20060627,,449995.0,16100.0,1.42,16136.9,-0.23,27950000.0,559.0,806845000.0
20260709,20260708,A091170,KODEX 은행,일반,KRX 은행,50000.0,20060627,,434890.0,15700.0,-2.48,15746.39,-0.29,27700000.0,554.0,787319500.0
20260709,20260709,A091170,KODEX 은행,일반,KRX 은행,50000.0,20060627,,430282.5,15450.0,-1.59,15540.38,-0.58,27850000.0,557.0,777019000.0
20260709,20260703,A091180,KODEX 자동차,일반,KRX 자동차,50000.0,20060627,,460428.0,31110.0,1.42,31193.9,-0.27,14800000.0,296.0,1559695000.0
20260709,20260706,A091180,KODEX 자동차,일반,KRX 자동차,50000.0,20060627,,478040.0,32300.0,3.83,32249.21,0.16,14800000.0,296.0,1612460500.0
20260709,20260707,A091180,KODEX 자동차,일반,KRX 자동차,50000.0,20060627,,463617.0,31220.0,-3.34,31378.2,-0.5,14850000.0,297.0,1568910000.0
20260709,20260708,A091180,KODEX 자동차,일반,KRX 자동차,50000.0,20060627,,453421.5,30845.0,-1.2,30911.73,-0.22,14700000.0,294.0,1545586500.0
20260709,20260709,A091180,KODEX 자동차,일반,KRX 자동차,50000.0,20060627,,438302.0,29615.0,-3.99,29654.56,-0.13,14800000.0,296.0,1482728000.0
20260709,20260703,A091220,TIGER 은행,일반,KRX 은행,20000.0,20060627,,23226.0,16590.0,3.46,16565.6,0.15,1400000.0,70.0,331312000.0
20260709,20260706,A091220,TIGER 은행,일반,KRX 은행,20000.0,20060627,,23184.0,16560.0,-0.18,16615.87,-0.34,1400000.0,70.0,332317400.0
20260709,20260707,A091220,TIGER 은행,일반,KRX 은행,20000.0,20060627,,23280.6,16870.0,1.87,16844.9,0.15,1380000.0,69.0,336898000.0
20260709,20260708,A091220,TIGER 은행,일반,KRX 은행,20000.0,20060627,,22276.8,16380.0,-2.9,16439.97,-0.36,1360000.0,68.0,328799400.0
20260709,20260709,A091220,TIGER 은행,일반,KRX 은행,20000.0,20060627,,22596.0,16140.0,-1.47,16230.24,-0.56,1400000.0,70.0,324604800.0
20260709,20260703,A091230,TIGER 반도체,일반,KRX 반도체,20000.0,20060627,,1595493.9,165165.0,6.0,164499.1,0.4,9660000.0,483.0,3289982000.0
20260709,20260706,A091230,TIGER 반도체,일반,KRX 반도체,20000.0,20060627,,1576954.7,161905.0,-1.97,160915.13,0.62,9740000.0,487.0,3218302600.0
20260709,20260707,A091230,TIGER 반도체,일반,KRX 반도체,20000.0,20060627,,1509774.4,151280.0,-6.56,151336.39,-0.04,9980000.0,499.0,3026727800.0000005
20260709,20260708,A091230,TIGER 반도체,일반,KRX 반도체,20000.0,20060627,,1439570.0,142250.0,-5.97,141664.96,0.41,10120000.0,506.0,2833299200.0
20260709,20260709,A091230,TIGER 반도체,일반,KRX 반도체,20000.0,20060627,,1496867.2,147040.0,3.37,147221.8,-0.12,10180000.0,509.0,2944436000.0
20260709,20260703,A100910,KIWOOM KRX100,일반,KRX 100,300000.0,20080123,,55998.0,20740.0,5.33,20656.7,0.4,2700000.0,9.0,6197010000.0
20260709,20260706,A100910,KIWOOM KRX100,일반,KRX 100,300000.0,20080123,,61260.0,20420.0,-1.54,20559.87,-0.68,3000000.0,10.0,6167961000.0
20260709,20260707,A100910,KIWOOM KRX100,일반,KRX 100,300000.0,20080123,,58635.0,19545.0,-4.29,19471.73,0.38,3000000.0,10.0,5841519000.0
20260709,20260708,A100910,KIWOOM KRX100,일반,KRX 100,300000.0,20080123,,55380.0,18460.0,-5.55,18386.22,0.4,3000000.0,10.0,5515866000.0
20260709,20260709,A100910,KIWOOM KRX100,일반,KRX 100,300000.0,20080123,,67194.0,18665.0,1.11,18592.61,0.39,3600000.0,12.0,5577783000.0
20260709,20260703,A102110,TIGER 200,일반,코스피 200,50000.0,20080403,,11377696.25,131155.0,5.99,130863.01,0.22,86750000.0,1735.0,6543150500.0
20260709,20260706,A102110,TIGER 200,일반,코스피 200,50000.0,20080403,,11411524.0,130120.0,-0.79,130245.64,-0.1,87700000.0,1754.0,6512282000.0
20260709,20260707,A102110,TIGER 200,일반,코스피 200,50000.0,20080403,,10937721.0,123870.0,-4.8,123440.83,0.35,88300000.0,1766.0,6172041500.0
20260709,20260708,A102110,TIGER 200,일반,코스피 200,50000.0,20080403,,10351198.0,117095.0,-5.47,116667.66,0.37,88400000.0,1768.0,5833383000.0
20260709,20260709,A102110,TIGER 200,일반,코스피 200,50000.0,20080403,,10503108.0,117880.0,0.67,117820.75,0.05,89100000.0,1782.0,5891037500.0
20260709,20260703,A102780,KODEX 삼성그룹,일반,MKF 삼성그룹지수,100000.0,20080521,,4058368.0,30560.0,3.95,30549.43,0.03,132800000.0,1328.0,3054943000.0
20260709,20260706,A102780,KODEX 삼성그룹,일반,MKF 삼성그룹지수,100000.0,20080521,,4022512.0,30290.0,-0.88,30349.26,-0.2,132800000.0,1328.0,3034926000.0
20260709,20260707,A102780,KODEX 삼성그룹,일반,MKF 삼성그룹지수,100000.0,20080521,,3793432.0,28565.0,-5.7,28714.18,-0.52,132800000.0,1328.0,2871418000.0
20260709,20260708,A102780,KODEX 삼성그룹,일반,MKF 삼성그룹지수,100000.0,20080521,,3530475.0,26625.0,-6.79,26704.43,-0.3,132600000.0,1326.0,2670443000.0
20260709,20260709,A102780,KODEX 삼성그룹,일반,MKF 삼성그룹지수,100000.0,20080521,,3456925.0,26090.0,-2.01,26270.41,-0.69,132500000.0,1325.0,2627041000.0
20260709,20260703,A102960,KODEX 기계장비,일반,KRX 기계장비,20000.0,20080529,,17983.2,15240.0,-0.97,15240.96,-0.01,1180000.0,59.0,304819200.0
20260709,20260706,A102960,KODEX 기계장비,일반,KRX 기계장비,20000.0,20080529,,17705.9,15005.0,-1.54,15071.72,-0.44,1180000.0,59.0,301434400.0
20260709,20260707,A102960,KODEX 기계장비,일반,KRX 기계장비,20000.0,20080529,,16909.4,14330.0,-4.5,14272.44,0.4,1180000.0,59.0,285448800.0
20260709,20260708,A102960,KODEX 기계장비,일반,KRX 기계장비,20000.0,20080529,,15623.2,13240.0,-7.61,13188.8,0.39,1180000.0,59.0,263776000.0
20260709,20260709,A102960,KODEX 기계장비,일반,KRX 기계장비,20000.0,20080529,,15505.2,13140.0,-0.76,13067.37,0.56,1180000.0,59.0,261347400.00000003
20260709,20260703,A102970,KODEX 증권,일반,KRX 증권,50000.0,20080529,,851880.0,22900.0,7.87,22890.21,0.04,37200000.0,744.0,1144510500.0
20260709,20260706,A102970,KODEX 증권,일반,KRX 증권,50000.0,20080529,,880653.0,23610.0,3.1,23642.08,-0.14,37300000.0,746.0,1182104000.0
20260709,20260707,A102970,KODEX 증권,일반,KRX 증권,50000.0,20080529,,841663.75,22595.0,-4.3,22703.28,-0.48,37250000.0,745.0,1135164000.0
20260709,20260708,A102970,KODEX 증권,일반,KRX 증권,50000.0,20080529,,806835.0,21660.0,-4.14,21782.19,-0.56,37250000.0,745.0,1089109500.0
20260709,20260709,A102970,KODEX 증권,일반,KRX 증권,50000.0,20080529,,790273.5,20990.0,-3.09,20998.66,-0.04,37650000.0,753.0,1049933000.0
20260709,20260703,A104520,KIWOOM 블루칩,일반,MKF 블루칩,100000.0,20080729,,16835.5,15305.0,0.69,15402.48,-0.63,1100000.0,11.0,1540248000.0
20260709,20260706,A104520,KIWOOM 블루칩,일반,MKF 블루칩,100000.0,20080729,,16918.0,15380.0,0.49,15399.08,-0.12,1100000.0,11.0,1539908000.0
20260709,20260707,A104520,KIWOOM 블루칩,일반,MKF 블루칩,100000.0,20080729,,16857.5,15325.0,-0.36,15395.26,-0.46,1100000.0,11.0,1539526000.0
20260709,20260708,A104520,KIWOOM 블루칩,일반,MKF 블루칩,100000.0,20080729,,14920.0,14920.0,-2.64,14909.54,0.07,1000000.0,10.0,1490954000.0
20260709,20260709,A104520,KIWOOM 블루칩,일반,MKF 블루칩,100000.0,20080729,,14430.0,14430.0,-3.28,14547.15,-0.81,1000000.0,10.0,1454715000.0
20260709,20260703,A104530,KIWOOM 코리아고배당,일반,MKF 웰스 고배당 20,50000.0,20080729,,37990.5,17670.0,1.14,17770.37,-0.56,2150000.0,43.0,888518500.0
20260709,20260706,A104530,KIWOOM 코리아고배당,일반,MKF 웰스 고배당 20,50000.0,20080729,,38334.5,17830.0,0.91,17884.61,-0.31,2150000.0,43.0,894230500.0
20260709,20260707,A104530,KIWOOM 코리아고배당,일반,MKF 웰스 고배당 20,50000.0,20080729,,38485.0,17900.0,0.39,17955.52,-0.31,2150000.0,43.0,897776000.0
20260709,20260708,A104530,KIWOOM 코리아고배당,일반,MKF 웰스 고배당 20,50000.0,20080729,,38227.0,17780.0,-0.67,17703.68,0.43,2150000.0,43.0,885184000.0
20260709,20260709,A104530,KIWOOM 코리아고배당,일반,MKF 웰스 고배당 20,50000.0,20080729,,37453.0,17420.0,-2.02,17445.63,-0.15,2150000.0,43.0,872281500.0
20260709,20260703,A105190,ACE 200,일반,코스피 200,50000.0,20080925,,2497550.25,131105.0,5.47,131104.93,0.0,19050000.0,381.0,6555246500.0
20260709,20260706,A105190,ACE 200,일반,코스피 200,50000.0,20080925,,2352005.25,130305.0,-0.61,130471.85,-0.13,18050000.0,361.0,6523592500.0
20260709,20260707,A105190,ACE 200,일반,코스피 200,50000.0,20080925,,2186658.5,123890.0,-4.92,123651.02,0.19,17650000.0,353.0,6182551000.0
20260709,20260708,A105190,ACE 200,일반,코스피 200,50000.0,20080925,,1970640.0,117300.0,-5.32,116837.95,0.4,16800000.0,336.0,5841897500.0
20260709,20260709,A105190,ACE 200,일반,코스피 200,50000.0,20080925,,1970266.0,117980.0,0.58,118018.46,-0.03,16700000.0,334.0,5900923000.0
20260709,20260703,A105780,RISE 5대그룹주,일반,MKF 5대그룹주,200000.0,20081022,,40300.0,20150.0,3.41,20093.37,0.28,2000000.0,10.0,4018674000.0
20260709,20260706,A105780,RISE 5대그룹주,일반,MKF 5대그룹주,200000.0,20081022,,39660.0,19830.0,-1.59,19861.19,-0.16,2000000.0,10.0,3972237999.9999995
20260709,20260707,A105780,RISE 5대그룹주,일반,MKF 5대그룹주,200000.0,20081022,,37600.0,18800.0,-5.19,18828.9,-0.15,2000000.0,10.0,3765780000.0000005
20260709,20260708,A105780,RISE 5대그룹주,일반,MKF 5대그룹주,200000.0,20081022,,35780.0,17890.0,-4.84,17810.06,0.45,2000000.0,10.0,3562012000.0000005
20260709,20260709,A105780,RISE 5대그룹주,일반,MKF 5대그룹주,200000.0,20081022,,35260.0,17630.0,-1.45,17660.69,-0.17,2000000.0,10.0,3532137999.9999995
20260709,20260703,A108450,ACE 삼성그룹섹터가중,일반,MKF SAMs SW,100000.0,20090203,,102143.0,44410.0,2.13,44671.89,-0.59,2300000.0,23.0,4467189000.0
20260709,20260706,A108450,ACE 삼성그룹섹터가중,일반,MKF SAMs SW,100000.0,20090203,,102568.5,44595.0,0.42,44465.59,0.29,2300000.0,23.0,4446559000.0
20260709,20260707,A108450,ACE 삼성그룹섹터가중,일반,MKF SAMs SW,100000.0,20090203,,93005.0,42275.0,-5.2,42516.84,-0.57,2200000.0,22.0,4251683999.9999995
20260709,20260708,A108450,ACE 삼성그룹섹터가중,일반,MKF SAMs SW,100000.0,20090203,,87791.0,39905.0,-5.61,39879.85,0.06,2200000.0,22.0,3987985000.0
20260709,20260709,A108450,ACE 삼성그룹섹터가중,일반,MKF SAMs SW,100000.0,20090203,,87329.0,39695.0,-0.53,39968.4,-0.68,2200000.0,22.0,3996840000.0
20260709,20260703,A108590,TREX 200,일반,코스피 200,50000.0,20090123,,26089.0,130445.0,5.7,130245.02,0.15,200000.0,4.0,6512251000.0
20260709,20260706,A108590,TREX 200,일반,코스피 200,50000.0,20090123,,25928.0,129640.0,-0.62,129660.83,-0.02,200000.0,4.0,6483041500.0
20260709,20260707,A108590,TREX 200,일반,코스피 200,50000.0,20090123,,24694.0,123470.0,-4.76,122925.15,0.44,200000.0,4.0,6146257500.0
20260709,20260708,A108590,TREX 200,일반,코스피 200,50000.0,20090123,,23325.0,116625.0,-5.54,116072.63,0.48,200000.0,4.0,5803631500.0
20260709,20260709,A108590,TREX 200,일반,코스피 200,50000.0,20090123,,23449.0,117245.0,0.53,117366.35,-0.1,200000.0,4.0,5868317500.0
20260709,20260703,A114800,KODEX 인버스,인버스 1X,코스피 200 선물인버스 지수,100000.0,20090916,,872746.5,943.0,-5.79,943.92,-0.1,925500000.0,9255.0,94392000.0
20260709,20260706,A114800,KODEX 인버스,인버스 1X,코스피 200 선물인버스 지수,100000.0,20090916,,878204.6,949.0,0.64,950.03,-0.11,925400000.0,9254.0,95003000.0
20260709,20260707,A114800,KODEX 인버스,인버스 1X,코스피 200 선물인버스 지수,100000.0,20090916,,872674.1,997.0,5.06,991.3,0.58,875300000.0,8753.0,99130000.0
20260709,20260708,A114800,KODEX 인버스,인버스 1X,코스피 200 선물인버스 지수,100000.0,20090916,,935495.1,1051.0,5.42,1053.37,-0.22,890100000.0,8901.0,105336999.99999999
20260709,20260709,A114800,KODEX 인버스,인버스 1X,코스피 200 선물인버스 지수,100000.0,20090916,,921177.6,1043.0,-0.76,1044.44,-0.14,883200000.0,8832.0,104444000.0
20260709,20260703,A117460,KODEX 에너지화학,일반,KRX 에너지화학,70000.0,20091012,,25754.4,13140.0,0.08,13096.79,0.33,1960000.0,28.0,916775300.0000001
20260709,20260706,A117460,KODEX 에너지화학,일반,KRX 에너지화학,70000.0,20091012,,25460.4,12990.0,-1.14,13017.5,-0.21,1960000.0,28.0,911225000.0
20260709,20260707,A117460,KODEX 에너지화학,일반,KRX 에너지화학,70000.0,20091012,,25656.4,13090.0,0.77,13061.53,0.22,1960000.0,28.0,914307100.0
20260709,20260708,A117460,KODEX 에너지화학,일반,KRX 에너지화학,70000.0,20091012,,24333.4,12415.0,-5.16,12449.05,-0.27,1960000.0,28.0,871433500.0
20260709,20260709,A117460,KODEX 에너지화학,일반,KRX 에너지화학,70000.0,20091012,,24284.4,12390.0,-0.2,12427.95,-0.31,1960000.0,28.0,869956500.0
20260709,20260703,A117680,KODEX 철강,일반,KRX 철강,70000.0,20091030,,24076.5,11465.0,1.78,11447.19,0.16,2100000.0,30.0,801303300.0
20260709,20260706,A117680,KODEX 철강,일반,KRX 철강,70000.0,20091030,,24150.0,11500.0,0.31,11463.82,0.32,2100000.0,30.0,802467400.0
20260709,20260707,A117680,KODEX 철강,일반,KRX 철강,70000.0,20091030,,23499.0,11190.0,-2.7,11217.99,-0.25,2100000.0,30.0,785259300.0
20260709,20260708,A117680,KODEX 철강,일반,KRX 철강,70000.0,20091030,,20991.6,10710.0,-4.29,10717.34,-0.07,1960000.0,28.0,750213800.0
20260709,20260709,A117680,KODEX 철강,일반,KRX 철강,70000.0,20091030,,20638.8,10530.0,-1.68,10476.69,0.51,1960000.0,28.0,733368300.0
20260709,20260703,A117700,KODEX 건설,일반,KRX 건설,100000.0,20091030,,206955.0,6570.0,-1.2,6553.45,0.25,31500000.0,315.0,655345000.0
20260709,20260706,A117700,KODEX 건설,일반,KRX 건설,100000.0,20091030,,213200.0,6560.0,-0.15,6586.02,-0.4,32500000.0,325.0,658602000.0
20260709,20260707,A117700,KODEX 건설,일반,KRX 건설,100000.0,20091030,,208477.0,6395.0,-2.52,6389.89,0.08,32600000.0,326.0,638989000.0
20260709,20260708,A117700,KODEX 건설,일반,KRX 건설,100000.0,20091030,,193644.0,5940.0,-7.12,5952.75,-0.21,32600000.0,326.0,595275000.0
20260709,20260709,A117700,KODEX 건설,일반,KRX 건설,100000.0,20091030,,193257.0,5910.0,-0.51,5937.21,-0.46,32700000.0,327.0,593721000.0
20260709,20260703,A122090,PLUS 코스피50,일반,코스피 50,30000.0,20100107,,224031.3,100915.0,6.76,100451.95,0.46,2220000.0,74.0,3013558500.0
20260709,20260706,A122090,PLUS 코스피50,일반,코스피 50,30000.0,20100107,,221889.0,99950.0,-0.96,99654.52,0.3,2220000.0,74.0,2989635600.0
20260709,20260707,A122090,PLUS 코스피50,일반,코스피 50,30000.0,20100107,,208680.0,94000.0,-5.95,94184.57,-0.2,2220000.0,74.0,2825537100.0
20260709,20260708,A122090,PLUS 코스피50,일반,코스피 50,30000.0,20100107,,203433.0,89225.0,-5.08,88937.47,0.32,2280000.0,76.0,2668124100.0
20260709,20260709,A122090,PLUS 코스피50,일반,코스피 50,30000.0,20100107,,210834.0,90100.0,0.98,90350.69,-0.28,2340000.0,78.0,2710520700.0
20260709,20260703,A122630,KODEX 레버리지,레버리지,코스피 200 레버리지지수,50000.0,20100222,,8093589.0,179260.0,11.87,179367.22,-0.06,45150000.0,903.0,8968361000.0
20260709,20260706,A122630,KODEX 레버리지,레버리지,코스피 200 레버리지지수,50000.0,20100222,,8124980.0,176630.0,-1.47,177198.36,-0.32,46000000.0,920.0,8859918000.0
20260709,20260707,A122630,KODEX 레버리지,레버리지,코스피 200 레버리지지수,50000.0,20100222,,7563402.0,158895.0,-10.04,160483.93,-0.99,47600000.0,952.0,8024196500.0
20260709,20260708,A122630,KODEX 레버리지,레버리지,코스피 200 레버리지지수,50000.0,20100222,,6512250.0,142500.0,-10.32,141669.67,0.59,45700000.0,914.0,7083483500.000001
20260709,20260709,A122630,KODEX 레버리지,레버리지,코스피 200 레버리지지수,50000.0,20100222,,6780519.0,144420.0,1.35,144132.16,0.2,46950000.0,939.0,7206608000.0
20260709,20260703,A123310,TIGER 인버스,인버스 1X,코스피 200 선물인버스 지수,100000.0,20100329,,59769.6,1056.0,-6.71,1059.8,-0.36,56600000.0,566.0,105980000.0
20260709,20260706,A123310,TIGER 인버스,인버스 1X,코스피 200 선물인버스 지수,100000.0,20100329,,60448.8,1068.0,1.14,1066.61,0.13,56600000.0,566.0,106660999.99999999
20260709,20260707,A123310,TIGER 인버스,인버스 1X,코스피 200 선물인버스 지수,100000.0,20100329,,61152.0,1120.0,4.87,1113.19,0.61,54600000.0,546.0,111319000.0
20260709,20260708,A123310,TIGER 인버스,인버스 1X,코스피 200 선물인버스 지수,100000.0,20100329,,64646.4,1184.0,5.71,1183.92,0.01,54600000.0,546.0,118392000.0
20260709,20260709,A123310,TIGER 인버스,인버스 1X,코스피 200 선물인버스 지수,100000.0,20100329,,63882.0,1170.0,-1.18,1173.95,-0.34,54600000.0,546.0,117395000.0
20260709,20260703,A123320,TIGER 레버리지,레버리지,코스피 200 레버리지지수,100000.0,20100409,,376866.0,179460.0,12.01,179244.99,0.12,2100000.0,21.0,17924499000.0
20260709,20260706,A123320,TIGER 레버리지,레버리지,코스피 200 레버리지지수,100000.0,20100409,,371962.5,177125.0,-1.3,177125.94,0.0,2100000.0,21.0,17712594000.0
20260709,20260707,A123320,TIGER 레버리지,레버리지,코스피 200 레버리지지수,100000.0,20100409,,334068.0,159080.0,-10.19,160420.49,-0.84,2100000.0,21.0,16042049000.0
20260709,20260708,A123320,TIGER 레버리지,레버리지,코스피 200 레버리지지수,100000.0,20100409,,297465.0,141650.0,-10.96,141502.95,0.1,2100000.0,21.0,14150295000.000002
20260709,20260709,A123320,TIGER 레버리지,레버리지,코스피 200 레버리지지수,100000.0,20100409,,302410.5,144005.0,1.66,144020.06,-0.01,2100000.0,21.0,14402006000.0
20260709,20260703,A131890,ACE 삼성그룹동일가중,일반,MKF SAMs EW Index,100000.0,20100917,,17228.0,43070.0,1.99,43048.16,0.05,400000.0,4.0,4304816000.0
20260709,20260706,A131890,ACE 삼성그룹동일가중,일반,MKF SAMs EW Index,100000.0,20100917,,17114.0,42785.0,-0.66,42927.3,-0.33,400000.0,4.0,4292730000.0000005
20260709,20260707,A131890,ACE 삼성그룹동일가중,일반,MKF SAMs EW Index,100000.0,20100917,,16872.0,42180.0,-1.41,42509.4,-0.77,400000.0,4.0,4250940000.0
20260709,20260708,A131890,ACE 삼성그룹동일가중,일반,MKF SAMs EW Index,100000.0,20100917,,16200.0,40500.0,-3.98,40397.05,0.25,400000.0,4.0,4039705000.0000005
20260709,20260709,A131890,ACE 삼성그룹동일가중,일반,MKF SAMs EW Index,100000.0,20100917,,16136.0,40340.0,-0.4,40045.41,0.74,400000.0,4.0,4004541000.0000005
20260709,20260703,A138520,TIGER 삼성그룹,일반,MKF SAMs FW,20000.0,20110307,,175824.0,40700.0,4.23,40597.38,0.25,4320000.0,216.0,811947600.0
20260709,20260706,A138520,TIGER 삼성그룹,일반,MKF SAMs FW,20000.0,20110307,,176212.8,40790.0,0.22,40981.93,-0.47,4320000.0,216.0,819638600.0
20260709,20260707,A138520,TIGER 삼성그룹,일반,MKF SAMs FW,20000.0,20110307,,168739.0,39425.0,-3.35,39239.11,0.47,4280000.0,214.0,784782200.0
20260709,20260708,A138520,TIGER 삼성그룹,일반,MKF SAMs FW,20000.0,20110307,,157268.6,36745.0,-6.8,36716.31,0.08,4280000.0,214.0,734326200.0
20260709,20260709,A138520,TIGER 삼성그룹,일반,MKF SAMs FW,20000.0,20110307,,153031.4,35755.0,-2.69,36016.12,-0.73,4280000.0,214.0,720322400.0
20260709,20260703,A138530,TIGER LG그룹플러스,일반,MKF LG그룹+ FW,20000.0,20110310,,90379.8,11955.0,-1.2,11956.35,-0.01,7560000.0,378.0,239127000.0
20260709,20260706,A138530,TIGER LG그룹플러스,일반,MKF LG그룹+ FW,20000.0,20110310,,89510.4,11840.0,-0.96,11904.51,-0.54,7560000.0,378.0,238090200.0
20260709,20260707,A138530,TIGER LG그룹플러스,일반,MKF LG그룹+ FW,20000.0,20110310,,90304.2,11945.0,0.89,11958.5,-0.11,7560000.0,378.0,239170000.0
20260709,20260708,A138530,TIGER LG그룹플러스,일반,MKF LG그룹+ FW,20000.0,20110310,,88225.2,11670.0,-2.3,11709.93,-0.34,7560000.0,378.0,234198600.0
20260709,20260709,A138530,TIGER LG그룹플러스,일반,MKF LG그룹+ FW,20000.0,20110310,,85843.8,11355.0,-2.7,11496.04,-1.23,7560000.0,378.0,229920800.00000003
20260709,20260703,A138540,TIGER 현대차그룹플러스,일반,MKF 현대차그룹+ FW,20000.0,20110310,,760050.0,56300.0,1.83,56346.88,-0.08,13500000.0,675.0,1126937600.0
20260709,20260706,A138540,TIGER 현대차그룹플러스,일반,MKF 현대차그룹+ FW,20000.0,20110310,,783348.8,57940.0,2.91,57894.85,0.08,13520000.0,676.0,1157897000.0
20260709,20260707,A138540,TIGER 현대차그룹플러스,일반,MKF 현대차그룹+ FW,20000.0,20110310,,751374.0,55575.0,-4.08,55848.24,-0.49,13520000.0,676.0,1116964800.0
20260709,20260708,A138540,TIGER 현대차그룹플러스,일반,MKF 현대차그룹+ FW,20000.0,20110310,,735131.8,54535.0,-1.87,54638.91,-0.19,13480000.0,674.0,1092778200.0
20260709,20260709,A138540,TIGER 현대차그룹플러스,일반,MKF 현대차그룹+ FW,20000.0,20110310,,699342.4,51880.0,-4.87,52060.94,-0.35,13480000.0,674.0,1041218800.0
20260709,20260703,A139220,TIGER 200 건설,일반,코스피 200 건설,20000.0,20110406,,138330.0,7950.0,1.02,7957.49,-0.09,17400000.0,870.0,159149800.0
20260709,20260706,A139220,TIGER 200 건설,일반,코스피 200 건설,20000.0,20110406,,140814.9,8065.0,1.45,8045.7,0.24,17460000.0,873.0,160914000.0
20260709,20260707,A139220,TIGER 200 건설,일반,코스피 200 건설,20000.0,20110406,,136444.0,7700.0,-4.53,7722.9,-0.3,17720000.0,886.0,154458000.0
20260709,20260708,A139220,TIGER 200 건설,일반,코스피 200 건설,20000.0,20110406,,126752.3,7145.0,-7.21,7180.0,-0.49,17740000.0,887.0,143600000.0
20260709,20260709,A139220,TIGER 200 건설,일반,코스피 200 건설,20000.0,20110406,,124608.0,7040.0,-1.47,7048.78,-0.12,17700000.0,885.0,140975600.0
20260709,20260703,A139230,TIGER 200 중공업,일반,코스피 200 중공업,20000.0,20110406,,312320.0,15250.0,-0.55,15178.99,0.47,20480000.0,1024.0,303579800.0
20260709,20260706,A139230,TIGER 200 중공업,일반,코스피 200 중공업,20000.0,20110406,,306927.0,15075.0,-1.15,15136.22,-0.4,20360000.0,1018.0,302724400.0
20260709,20260707,A139230,TIGER 200 중공업,일반,코스피 200 중공업,20000.0,20110406,,289374.0,14185.0,-5.9,14249.1,-0.45,20400000.0,1020.0,284982000.0
20260709,20260708,A139230,TIGER 200 중공업,일반,코스피 200 중공업,20000.0,20110406,,267954.0,13135.0,-7.4,13199.66,-0.49,20400000.0,1020.0,263993200.0
20260709,20260709,A139230,TIGER 200 중공업,일반,코스피 200 중공업,20000.0,20110406,,262752.0,12880.0,-1.94,12958.92,-0.61,20400000.0,1020.0,259178400.0
20260709,20260703,A139240,TIGER 200 철강소재,일반,코스피 200 철강/소재,20000.0,20110406,,5834.8,10060.0,2.03,10054.79,0.05,580000.0,29.0,201095800.00000003
20260709,20260706,A139240,TIGER 200 철강소재,일반,코스피 200 철강/소재,20000.0,20110406,,5892.8,10160.0,0.99,10126.79,0.33,580000.0,29.0,202535800.00000003
20260709,20260707,A139240,TIGER 200 철강소재,일반,코스피 200 철강/소재,20000.0,20110406,,5776.8,9960.0,-1.97,9926.58,0.34,580000.0,29.0,198531600.0
20260709,20260708,A139240,TIGER 200 철강소재,일반,코스피 200 철강/소재,20000.0,20110406,,5527.4,9530.0,-4.32,9494.56,0.37,580000.0,29.0,189891200.0
20260709,20260709,A139240,TIGER 200 철강소재,일반,코스피 200 철강/소재,20000.0,20110406,,5544.0,9240.0,-3.04,9316.21,-0.82,600000.0,30.0,186324199.99999997
20260709,20260703,A139250,TIGER 200 에너지화학,일반,코스피 200 에너지/화학,20000.0,20110406,,25922.2,17515.0,-0.09,17521.75,-0.04,1480000.0,74.0,350435000.0
20260709,20260706,A139250,TIGER 200 에너지화학,일반,코스피 200 에너지/화학,20000.0,20110406,,24185.0,17275.0,-1.37,17360.17,-0.49,1400000.0,70.0,347203399.99999994
20260709,20260707,A139250,TIGER 200 에너지화학,일반,코스피 200 에너지/화학,20000.0,20110406,,22927.4,17110.0,-0.96,17097.74,0.07,1340000.0,67.0,341954800.00000006
20260709,20260708,A139250,TIGER 200 에너지화학,일반,코스피 200 에너지/화학,20000.0,20110406,,21801.8,16270.0,-4.91,16301.5,-0.19,1340000.0,67.0,326030000.0
20260709,20260709,A139250,TIGER 200 에너지화학,일반,코스피 200 에너지/화학,20000.0,20110406,,21955.9,16385.0,0.71,16363.1,0.13,1340000.0,67.0,327262000.0
20260709,20260703,A139260,TIGER 200 IT,일반,코스피 200 정보기술,20000.0,20110406,,3472456.0,179920.0,5.72,177896.23,1.14,19300000.0,965.0,3557924600.0
20260709,20260706,A139260,TIGER 200 IT,일반,코스피 200 정보기술,20000.0,20110406,,3335636.0,171940.0,-4.44,171168.79,0.45,19400000.0,970.0,3423375800.0
20260709,20260707,A139260,TIGER 200 IT,일반,코스피 200 정보기술,20000.0,20110406,,3066336.0,159705.0,-7.12,159361.84,0.22,19200000.0,960.0,3187236800.0
20260709,20260708,A139260,TIGER 200 IT,일반,코스피 200 정보기술,20000.0,20110406,,2914649.1,148555.0,-6.98,149222.49,-0.45,19620000.0,981.0,2984449800.0
20260709,20260709,A139260,TIGER 200 IT,일반,코스피 200 정보기술,20000.0,20110406,,3017850.2,153035.0,3.02,152466.49,0.37,19720000.0,986.0,3049329800.0
20260709,20260703,A139270,TIGER 200 금융,일반,코스피 200 금융,20000.0,20110406,,33659.0,17350.0,3.95,17414.48,-0.37,1940000.0,97.0,348289600.0
20260709,20260706,A139270,TIGER 200 금융,일반,코스피 200 금융,20000.0,20110406,,34515.6,17610.0,1.5,17643.0,-0.19,1960000.0,98.0,352860000.0
20260709,20260707,A139270,TIGER 200 금융,일반,코스피 200 금융,20000.0,20110406,,34505.8,17605.0,-0.03,17633.52,-0.16,1960000.0,98.0,352670400.0
20260709,20260708,A139270,TIGER 200 금융,일반,코스피 200 금융,20000.0,20110406,,33437.6,17060.0,-3.1,17125.28,-0.38,1960000.0,98.0,342505600.0
20260709,20260709,A139270,TIGER 200 금융,일반,코스피 200 금융,20000.0,20110406,,32624.2,16645.0,-2.43,16712.22,-0.4,1960000.0,98.0,334244400.0
20260709,20260703,A139280,TIGER 경기방어,일반,코스피 200 경기방어소비재,20000.0,20110406,,41315.8,12370.0,0.0,12379.05,-0.07,3340000.0,167.0,247581000.0
20260709,20260706,A139280,TIGER 경기방어,일반,코스피 200 경기방어소비재,20000.0,20110406,,40781.4,12210.0,-1.29,12245.99,-0.29,3340000.0,167.0,244919800.0
20260709,20260707,A139280,TIGER 경기방어,일반,코스피 200 경기방어소비재,20000.0,20110406,,41950.4,12560.0,2.87,12540.46,0.16,3340000.0,167.0,250809199.99999997
20260709,20260708,A139280,TIGER 경기방어,일반,코스피 200 경기방어소비재,20000.0,20110406,,41148.8,12320.0,-1.91,12271.26,0.4,3340000.0,167.0,245425200.0
20260709,20260709,A139280,TIGER 경기방어,일반,코스피 200 경기방어소비재,20000.0,20110406,,39979.8,11970.0,-2.84,12004.17,-0.28,3340000.0,167.0,240083400.0
20260709,20260703,A139290,TIGER 200 경기소비재,일반,코스피 200 경기소비재,20000.0,20110406,,6945.6,28940.0,1.24,29032.47,-0.32,240000.0,12.0,580649400.0
20260709,20260706,A139290,TIGER 200 경기소비재,일반,코스피 200 경기소비재,20000.0,20110406,,7141.2,29755.0,2.82,29710.15,0.15,240000.0,12.0,594203000.0
20260709,20260707,A139290,TIGER 200 경기소비재,일반,코스피 200 경기소비재,20000.0,20110406,,6919.2,28830.0,-3.11,29177.33,-1.19,240000.0,12.0,583546600.0
20260709,20260708,A139290,TIGER 200 경기소비재,일반,코스피 200 경기소비재,20000.0,20110406,,6826.8,28445.0,-1.34,28704.61,-0.9,240000.0,12.0,574092200.0
20260709,20260709,A139290,TIGER 200 경기소비재,일반,코스피 200 경기소비재,20000.0,20110406,,6558.0,27325.0,-3.94,27431.26,-0.39,240000.0,12.0,548625200.0
20260709,20260703,A140570,RISE 수출주,일반,MKF 수출주 지수,100000.0,20110415,,10810.0,27025.0,-0.9,27183.65,-0.58,400000.0,4.0,2718365000.0
20260709,20260706,A140570,RISE 수출주,일반,MKF 수출주 지수,100000.0,20110415,,10742.0,26855.0,-0.63,26924.78,-0.26,400000.0,4.0,2692478000.0
20260709,20260707,A140570,RISE 수출주,일반,MKF 수출주 지수,100000.0,20110415,,10378.0,25945.0,-3.39,26172.12,-0.87,400000.0,4.0,2617212000.0
20260709,20260708,A140570,RISE 수출주,일반,MKF 수출주 지수,100000.0,20110415,,9970.0,24925.0,-3.93,24972.01,-0.19,400000.0,4.0,2497201000.0
20260709,20260709,A140570,RISE 수출주,일반,MKF 수출주 지수,100000.0,20110415,,9748.0,24370.0,-2.23,24654.16,-1.15,400000.0,4.0,2465416000.0
20260709,20260703,A140580,RISE 우량업종대표주,일반,MKF 우량업종대표주 지수,100000.0,20110415,,13110.0,26220.0,0.11,26381.98,-0.61,500000.0,5.0,2638198000.0
20260709,20260706,A140580,RISE 우량업종대표주,일반,MKF 우량업종대표주 지수,100000.0,20110415,,13102.5,26205.0,-0.06,26263.19,-0.22,500000.0,5.0,2626319000.0
20260709,20260707,A140580,RISE 우량업종대표주,일반,MKF 우량업종대표주 지수,100000.0,20110415,,12827.5,25655.0,-2.1,25870.93,-0.83,500000.0,5.0,2587093000.0
20260709,20260708,A140580,RISE 우량업종대표주,일반,MKF 우량업종대표주 지수,100000.0,20110415,,12377.5,24755.0,-3.51,24780.46,-0.1,500000.0,5.0,2478046000.0
20260709,20260709,A140580,RISE 우량업종대표주,일반,MKF 우량업종대표주 지수,100000.0,20110415,,12220.0,24440.0,-1.27,24613.35,-0.7,500000.0,5.0,2461335000.0
20260709,20260703,A140700,KODEX 보험,일반,KRX 보험,100000.0,20110426,,54040.0,19300.0,2.22,19363.53,-0.33,2800000.0,28.0,1936353000.0
20260709,20260706,A140700,KODEX 보험,일반,KRX 보험,100000.0,20110426,,51467.0,19795.0,2.56,19728.46,0.34,2600000.0,26.0,1972846000.0
20260709,20260707,A140700,KODEX 보험,일반,KRX 보험,100000.0,20110426,,51324.0,19740.0,-0.28,19720.2,0.1,2600000.0,26.0,1972020000.0
20260709,20260708,A140700,KODEX 보험,일반,KRX 보험,100000.0,20110426,,50180.0,19300.0,-2.23,19294.13,0.03,2600000.0,26.0,1929413000.0
20260709,20260709,A140700,KODEX 보험,일반,KRX 보험,100000.0,20110426,,47736.0,18360.0,-4.87,18405.01,-0.24,2600000.0,26.0,1840500999.9999998
20260709,20260703,A140710,KODEX 운송,일반,KRX 운송,100000.0,20110426,,11277.0,6265.0,0.0,6285.01,-0.32,1800000.0,18.0,628501000.0
20260709,20260706,A140710,KODEX 운송,일반,KRX 운송,100000.0,20110426,,11313.0,6285.0,0.32,6304.62,-0.31,1800000.0,18.0,630462000.0
20260709,20260707,A140710,KODEX 운송,일반,KRX 운송,100000.0,20110426,,11493.0,6385.0,1.59,6360.67,0.38,1800000.0,18.0,636067000.0
20260709,20260708,A140710,KODEX 운송,일반,KRX 운송,100000.0,20110426,,11259.0,6255.0,-2.04,6262.57,-0.12,1800000.0,18.0,626257000.0
20260709,20260709,A140710,KODEX 운송,일반,KRX 운송,100000.0,20110426,,10863.0,6035.0,-3.52,6025.64,0.16,1800000.0,18.0,602564000.0
20260709,20260703,A140950,파워 코스피100,일반,코스피 100,40000.0,20110503,,57803.2,103220.0,5.25,103462.47,-0.23,560000.0,14.0,4138498800.0
20260709,20260706,A140950,파워 코스피100,일반,코스피 100,40000.0,20110503,,57696.8,103030.0,-0.18,102825.86,0.2,560000.0,14.0,4113034400.0
20260709,20260707,A140950,파워 코스피100,일반,코스피 100,40000.0,20110503,,54647.6,97585.0,-5.28,97412.83,0.18,560000.0,14.0,3896513200.0
20260709,20260708,A140950,파워 코스피100,일반,코스피 100,40000.0,20110503,,51760.8,92430.0,-5.28,92039.3,0.42,560000.0,14.0,3681572000.0
20260709,20260709,A140950,파워 코스피100,일반,코스피 100,40000.0,20110503,,52046.4,92940.0,0.55,93103.93,-0.18,560000.0,14.0,3724157199.9999995
20260709,20260703,A143860,TIGER 헬스케어,일반,KRX 헬스케어,20000.0,20110718,,157011.0,39450.0,0.2,39309.09,0.36,3980000.0,199.0,786181799.9999999
20260709,20260706,A143860,TIGER 헬스케어,일반,KRX 헬스케어,20000.0,20110718,,151339.5,38025.0,-3.61,38073.61,-0.13,3980000.0,199.0,761472200.0
20260709,20260707,A143860,TIGER 헬스케어,일반,KRX 헬스케어,20000.0,20110718,,155060.8,38960.0,2.46,38845.95,0.29,3980000.0,199.0,776919000.0
20260709,20260708,A143860,TIGER 헬스케어,일반,KRX 헬스케어,20000.0,20110718,,148075.9,37205.0,-4.5,37096.86,0.29,3980000.0,199.0,741937200.0
20260709,20260709,A143860,TIGER 헬스케어,일반,KRX 헬스케어,20000.0,20110718,,146140.0,36535.0,-1.8,36585.33,-0.14,4000000.0,200.0,731706600.0
20260709,20260703,A145670,ACE 인버스,인버스 1X,코스피 200 선물인버스 지수,100000.0,20110908,,3413.3,1177.0,-5.54,1184.04,-0.59,2900000.0,29.0,118404000.0
20260709,20260706,A145670,ACE 인버스,인버스 1X,코스피 200 선물인버스 지수,100000.0,20110908,,3451.0,1190.0,1.1,1191.68,-0.14,2900000.0,29.0,119168000.0
20260709,20260707,A145670,ACE 인버스,인버스 1X,코스피 200 선물인버스 지수,100000.0,20110908,,3491.6,1247.0,4.79,1244.51,0.2,2800000.0,28.0,124451000.0
20260709,20260708,A145670,ACE 인버스,인버스 1X,코스피 200 선물인버스 지수,100000.0,20110908,,3696.0,1320.0,5.85,1322.59,-0.2,2800000.0,28.0,132258999.99999999
20260709,20260709,A145670,ACE 인버스,인버스 1X,코스피 200 선물인버스 지수,100000.0,20110908,,3665.2,1309.0,-0.83,1311.6,-0.2,2800000.0,28.0,131159999.99999999
20260709,20260703,A145850,TREX 펀더멘탈 200,일반,FnGuide-RAFI 코리아200 지수,50000.0,20110923,,31985.0,127940.0,3.17,126997.62,0.74,250000.0,5.0,6349881000.0
20260709,20260706,A145850,TREX 펀더멘탈 200,일반,FnGuide-RAFI 코리아200 지수,50000.0,20110923,,32133.75,128535.0,0.46,128096.43,0.34,250000.0,5.0,6404821500.0
20260709,20260707,A145850,TREX 펀더멘탈 200,일반,FnGuide-RAFI 코리아200 지수,50000.0,20110923,,31357.5,125430.0,-2.42,124715.77,0.57,250000.0,5.0,6235788500.0
20260709,20260708,A145850,TREX 펀더멘탈 200,일반,FnGuide-RAFI 코리아200 지수,50000.0,20110923,,30322.5,121290.0,-3.3,119923.4,1.14,250000.0,5.0,5996170000.0
20260709,20260709,A145850,TREX 펀더멘탈 200,일반,FnGuide-RAFI 코리아200 지수,50000.0,20110923,,29998.75,119995.0,-1.07,118433.88,1.32,250000.0,5.0,5921694000.0
20260709,20260703,A147970,TIGER 모멘텀,일반,FnGuide 모멘텀 지수,20000.0,20111026,,45254.4,94280.0,1.18,93885.39,0.42,480000.0,24.0,1877707800.0
20260709,20260706,A147970,TIGER 모멘텀,일반,FnGuide 모멘텀 지수,20000.0,20111026,,44236.8,92160.0,-2.25,92324.13,-0.18,480000.0,24.0,1846482600.0
20260709,20260707,A147970,TIGER 모멘텀,일반,FnGuide 모멘텀 지수,20000.0,20111026,,42722.4,89005.0,-3.42,88701.19,0.34,480000.0,24.0,1774023800.0
20260709,20260708,A147970,TIGER 모멘텀,일반,FnGuide 모멘텀 지수,20000.0,20111026,,39554.4,82405.0,-7.42,82933.84,-0.64,480000.0,24.0,1658676800.0
20260709,20260709,A147970,TIGER 모멘텀,일반,FnGuide 모멘텀 지수,20000.0,20111026,,39693.6,82695.0,0.35,82260.91,0.53,480000.0,24.0,1645218200.0
20260709,20260703,A148020,RISE 200,일반,코스피 200,50000.0,20111020,,4958688.0,131880.0,5.79,131640.78,0.18,37600000.0,752.0,6582039000.0
20260709,20260706,A148020,RISE 200,일반,코스피 200,50000.0,20111020,,4957403.75,130975.0,-0.69,131023.28,-0.04,37850000.0,757.0,6551164000.0
20260709,20260707,A148020,RISE 200,일반,코스피 200,50000.0,20111020,,4782245.0,124700.0,-4.79,124188.06,0.41,38350000.0,767.0,6209403000.0
20260709,20260708,A148020,RISE 200,일반,코스피 200,50000.0,20111020,,4559518.75,117665.0,-5.64,117344.91,0.27,38750000.0,775.0,5867245500.0
20260709,20260709,A148020,RISE 200,일반,코스피 200,50000.0,20111020,,4583047.5,118425.0,0.65,118547.28,-0.1,38700000.0,774.0,5927364000.0
20260709,20260703,A150460,TIGER 중국소비테마,일반,FnGuide 중국내수테마 지수,30000.0,20111216,,58020.3,7410.0,-1.27,7430.47,-0.28,7830000.0,261.0,222914100.0
20260709,20260706,A150460,TIGER 중국소비테마,일반,FnGuide 중국내수테마 지수,30000.0,20111216,,57589.65,7355.0,-0.74,7385.97,-0.42,7830000.0,261.0,221579100.0
20260709,20260707,A150460,TIGER 중국소비테마,일반,FnGuide 중국내수테마 지수,30000.0,20111216,,59207.4,7620.0,3.6,7610.49,0.12,7770000.0,259.0,228314700.0
20260709,20260708,A150460,TIGER 중국소비테마,일반,FnGuide 중국내수테마 지수,30000.0,20111216,,57614.55,7415.0,-2.69,7430.12,-0.2,7770000.0,259.0,222903600.0
20260709,20260709,A150460,TIGER 중국소비테마,일반,FnGuide 중국내수테마 지수,30000.0,20111216,,55982.85,7205.0,-2.83,7233.13,-0.39,7770000.0,259.0,216993900.0
20260709,20260703,A152100,PLUS 200,일반,코스피 200,50000.0,20120110,,1725945.0,132765.0,6.04,132745.58,0.01,13000000.0,260.0,6637278999.999999
20260709,20260706,A152100,PLUS 200,일반,코스피 200,50000.0,20120110,,1708946.75,131965.0,-0.6,132141.77,-0.13,12950000.0,259.0,6607088499.999999
20260709,20260707,A152100,PLUS 200,일반,코스피 200,50000.0,20120110,,1630395.0,125415.0,-4.96,125198.75,0.17,13000000.0,260.0,6259937500.0
20260709,20260708,A152100,PLUS 200,일반,코스피 200,50000.0,20120110,,1555428.5,118735.0,-5.33,118272.06,0.39,13100000.0,262.0,5913603000.0
20260709,20260709,A152100,PLUS 200,일반,코스피 200,50000.0,20120110,,1564074.5,119395.0,0.56,119510.14,-0.1,13100000.0,262.0,5975507000.0
20260709,20260703,A152500,ACE 레버리지,레버리지,코스피 200 레버리지지수,100000.0,20120127,,73120.0,73120.0,12.21,73130.36,-0.01,1000000.0,10.0,7313036000.0
20260709,20260706,A152500,ACE 레버리지,레버리지,코스피 200 레버리지지수,100000.0,20120127,,72130.0,72130.0,-1.35,72266.76,-0.19,1000000.0,10.0,7226675999.999999
20260709,20260707,A152500,ACE 레버리지,레버리지,코스피 200 레버리지지수,100000.0,20120127,,64885.0,64885.0,-10.04,65396.9,-0.78,1000000.0,10.0,6539690000.0
20260709,20260708,A152500,ACE 레버리지,레버리지,코스피 200 레버리지지수,100000.0,20120127,,57865.0,57865.0,-10.82,57813.97,0.09,1000000.0,10.0,5781397000.0
20260709,20260709,A152500,ACE 레버리지,레버리지,코스피 200 레버리지지수,100000.0,20120127,,59105.0,59105.0,2.14,58829.63,0.47,1000000.0,10.0,5882963000.0
20260709,20260703,A152870,파워 200,일반,코스피 200,50000.0,20120213,,171567.5,131975.0,5.71,131853.72,0.09,1300000.0,26.0,6592686000.0
20260709,20260706,A152870,파워 200,일반,코스피 200,50000.0,20120213,,170508.0,131160.0,-0.62,131228.69,-0.05,1300000.0,26.0,6561434500.0
20260709,20260707,A152870,파워 200,일반,코스피 200,50000.0,20120213,,161882.5,124525.0,-5.06,124401.32,0.1,1300000.0,26.0,6220066000.0
20260709,20260708,A152870,파워 200,일반,코스피 200,50000.0,20120213,,159266.25,117975.0,-5.26,117555.69,0.36,1350000.0,27.0,5877784500.0
20260709,20260709,A152870,파워 200,일반,코스피 200,50000.0,20120213,,160184.25,118655.0,0.58,118722.08,-0.06,1350000.0,27.0,5936104000.0
20260709,20260703,A153270,KIWOOM 코스피100,일반,코스피 100,20000.0,20120228,,42457.8,101090.0,5.05,101534.53,-0.44,420000.0,21.0,2030690600.0
20260709,20260706,A153270,KIWOOM 코스피100,일반,코스피 100,20000.0,20120228,,42176.4,100420.0,-0.66,100900.67,-0.48,420000.0,21.0,2018013400.0
20260709,20260707,A153270,KIWOOM 코스피100,일반,코스피 100,20000.0,20120228,,39977.7,95185.0,-5.21,95611.56,-0.45,420000.0,21.0,1912231200.0
20260709,20260708,A153270,KIWOOM 코스피100,일반,코스피 100,20000.0,20120228,,38003.7,90485.0,-4.94,90321.35,0.18,420000.0,21.0,1806427000.0
20260709,20260709,A153270,KIWOOM 코스피100,일반,코스피 100,20000.0,20120228,,38295.6,91180.0,0.77,91421.14,-0.26,420000.0,21.0,1828422800.0
20260709,20260703,A156080,KODEX MSCI Korea,일반,MSCI Korea Index,100000.0,20120430,,37572.0,62620.0,3.16,62435.83,0.29,600000.0,6.0,6243583000.0
20260709,20260706,A156080,KODEX MSCI Korea,일반,MSCI Korea Index,100000.0,20120430,,37380.0,62300.0,-0.51,62212.25,0.14,600000.0,6.0,6221225000.0
20260709,20260707,A156080,KODEX MSCI Korea,일반,MSCI Korea Index,100000.0,20120430,,35427.0,59045.0,-5.22,58810.02,0.4,600000.0,6.0,5881002000.0
20260709,20260708,A156080,KODEX MSCI Korea,일반,MSCI Korea Index,100000.0,20120430,,33444.0,55740.0,-5.6,55528.66,0.38,600000.0,6.0,5552866000.0
20260709,20260709,A156080,KODEX MSCI Korea,일반,MSCI Korea Index,100000.0,20120430,,33732.0,56220.0,0.86,56129.29,0.16,600000.0,6.0,5612929000.0
20260709,20260703,A157490,TIGER 소프트웨어,일반,FnGuide 소프트웨어 지수,20000.0,20120516,,78635.2,8260.0,-1.78,8248.72,0.14,9520000.0,476.0,164974400.0
20260709,20260706,A157490,TIGER 소프트웨어,일반,FnGuide 소프트웨어 지수,20000.0,20120516,,78200.8,8180.0,-0.97,8210.47,-0.37,9560000.0,478.0,164209400.0
20260709,20260707,A157490,TIGER 소프트웨어,일반,FnGuide 소프트웨어 지수,20000.0,20120516,,78752.7,8255.0,0.92,8309.69,-0.66,9540000.0,477.0,166193800.0
20260709,20260708,A157490,TIGER 소프트웨어,일반,FnGuide 소프트웨어 지수,20000.0,20120516,,77321.7,8105.0,-1.82,8093.82,0.14,9540000.0,477.0,161876400.0
20260709,20260709,A157490,TIGER 소프트웨어,일반,FnGuide 소프트웨어 지수,20000.0,20120516,,74984.4,7860.0,-3.02,7858.78,0.02,9540000.0,477.0,157175600.0
20260709,20260703,A157500,TIGER 증권,일반,FnGuide 증권 지수,20000.0,20120516,,318775.8,16035.0,8.56,16039.7,-0.03,19880000.0,994.0,320794000.0
20260709,20260706,A157500,TIGER 증권,일반,FnGuide 증권 지수,20000.0,20120516,,331368.3,16585.0,3.43,16563.39,0.13,19980000.0,999.0,331267800.0
20260709,20260707,A157500,TIGER 증권,일반,FnGuide 증권 지수,20000.0,20120516,,316647.2,15880.0,-4.25,15928.83,-0.31,19940000.0,997.0,318576600.0
20260709,20260708,A157500,TIGER 증권,일반,FnGuide 증권 지수,20000.0,20120516,,303381.6,15230.0,-4.09,15280.89,-0.33,19920000.0,996.0,305617800.0
20260709,20260709,A157500,TIGER 증권,일반,FnGuide 증권 지수,20000.0,20120516,,295796.0,14600.0,-4.14,14710.69,-0.75,20260000.0,1013.0,294213800.0
20260709,20260703,A159800,마이티 코스피100,일반,코스피 100,40000.0,20120705,,29149.4,104105.0,6.1,104457.84,-0.34,280000.0,7.0,4178313600.0
20260709,20260706,A159800,마이티 코스피100,일반,코스피 100,40000.0,20120705,,28987.0,103525.0,-0.56,103813.35,-0.28,280000.0,7.0,4152534000.0
20260709,20260707,A159800,마이티 코스피100,일반,코스피 100,40000.0,20120705,,27279.0,97425.0,-5.89,98305.73,-0.9,280000.0,7.0,3932229200.0
20260709,20260708,A159800,마이티 코스피100,일반,코스피 100,40000.0,20120705,,25992.4,92830.0,-4.72,92832.9,0.0,280000.0,7.0,3713316000.0
20260709,20260709,A159800,마이티 코스피100,일반,코스피 100,40000.0,20120705,,26289.2,93890.0,1.14,93988.86,-0.11,280000.0,7.0,3759554400.0
20260709,20260703,A161510,PLUS 고배당주,일반,FnGuide 배당주 지수,30000.0,20120829,,2375072.7,25165.0,1.86,25226.39,-0.24,94380000.0,3146.0,756791700.0
20260709,20260706,A161510,PLUS 고배당주,일반,FnGuide 배당주 지수,30000.0,20120829,,2408399.1,25510.0,1.37,25559.24,-0.19,94410000.0,3147.0,766777200.0
20260709,20260707,A161510,PLUS 고배당주,일반,FnGuide 배당주 지수,30000.0,20120829,,2413414.2,25555.0,0.18,25644.56,-0.35,94440000.0,3148.0,769336800.0
20260709,20260708,A161510,PLUS 고배당주,일반,FnGuide 배당주 지수,30000.0,20120829,,2373749.4,25135.0,-1.64,25098.05,0.15,94440000.0,3148.0,752941500.0
20260709,20260709,A161510,PLUS 고배당주,일반,FnGuide 배당주 지수,30000.0,20120829,,2307169.2,24430.0,-2.8,24609.91,-0.73,94440000.0,3148.0,738297300.0
20260709,20260703,A166400,TIGER 200커버드콜OTM,일반,코스피 200 커버드콜 5% OTM 지수(PR 지수),100000.0,20121025,,12442.5,24885.0,8.67,25054.92,-0.68,500000.0,5.0,2505492000.0
20260709,20260706,A166400,TIGER 200커버드콜OTM,일반,코스피 200 커버드콜 5% OTM 지수(PR 지수),100000.0,20121025,,12300.0,24600.0,-1.15,25070.71,-1.88,500000.0,5.0,2507071000.0
20260709,20260707,A166400,TIGER 200커버드콜OTM,일반,코스피 200 커버드콜 5% OTM 지수(PR 지수),100000.0,20121025,,12127.5,24255.0,-1.4,24340.56,-0.35,500000.0,5.0,2434056000.0
20260709,20260708,A166400,TIGER 200커버드콜OTM,일반,코스피 200 커버드콜 5% OTM 지수(PR 지수),100000.0,20121025,,11577.5,23155.0,-4.54,23328.43,-0.74,500000.0,5.0,2332843000.0
20260709,20260709,A166400,TIGER 200커버드콜OTM,일반,코스피 200 커버드콜 5% OTM 지수(PR 지수),100000.0,20121025,,11740.0,23480.0,1.4,23904.25,-1.77,500000.0,5.0,2390425000.0
20260709,20260703,A174350,TIGER 로우볼,일반,FnGuide 로우볼 지수,20000.0,20130620,,9780.0,20375.0,1.77,20375.02,0.0,480000.0,24.0,407500400.0
20260709,20260706,A174350,TIGER 로우볼,일반,FnGuide 로우볼 지수,20000.0,20130620,,9763.2,20340.0,-0.17,20459.19,-0.58,480000.0,24.0,409183800.0
20260709,20260707,A174350,TIGER 로우볼,일반,FnGuide 로우볼 지수,20000.0,20130620,,9510.5,20675.0,1.65,20826.0,-0.73,460000.0,23.0,416520000.0
20260709,20260708,A174350,TIGER 로우볼,일반,FnGuide 로우볼 지수,20000.0,20130620,,9377.1,20385.0,-1.4,20528.8,-0.7,460000.0,23.0,410576000.0
20260709,20260709,A174350,TIGER 로우볼,일반,FnGuide 로우볼 지수,20000.0,20130620,,9202.3,20005.0,-1.86,20397.36,-1.92,460000.0,23.0,407947200.0
20260709,20260703,A192720,파워 고배당저변동성,일반,코스피 200 고배당지수,30000.0,20140220,,32963.1,57830.0,0.35,58068.85,-0.41,570000.0,19.0,1742065500.0
20260709,20260706,A192720,파워 고배당저변동성,일반,코스피 200 고배당지수,30000.0,20140220,,33165.45,58185.0,0.61,58437.1,-0.43,570000.0,19.0,1753113000.0
20260709,20260707,A192720,파워 고배당저변동성,일반,코스피 200 고배당지수,30000.0,20140220,,33681.3,59090.0,1.56,59301.41,-0.36,570000.0,19.0,1779042300.0
20260709,20260708,A192720,파워 고배당저변동성,일반,코스피 200 고배당지수,30000.0,20140220,,33037.2,57960.0,-1.91,58197.21,-0.41,570000.0,19.0,1745916300.0
20260709,20260709,A192720,파워 고배당저변동성,일반,코스피 200 고배당지수,30000.0,20140220,,32584.05,57165.0,-1.37,57321.8,-0.27,570000.0,19.0,1719654000.0
20260709,20260703,A210780,TIGER 코스피고배당,일반,코스피 고배당 50,30000.0,20141205,,76510.5,23185.0,2.36,23172.24,0.06,3300000.0,110.0,695167200.0
20260709,20260706,A210780,TIGER 코스피고배당,일반,코스피 고배당 50,30000.0,20141205,,76906.5,23305.0,0.52,23384.35,-0.34,3300000.0,110.0,701530500.0
20260709,20260707,A210780,TIGER 코스피고배당,일반,코스피 고배당 50,30000.0,20141205,,77121.0,23370.0,0.28,23425.43,-0.24,3300000.0,110.0,702762900.0
20260709,20260708,A210780,TIGER 코스피고배당,일반,코스피 고배당 50,30000.0,20141205,,75933.0,23010.0,-1.54,23026.88,-0.07,3300000.0,110.0,690806400.0
20260709,20260709,A210780,TIGER 코스피고배당,일반,코스피 고배당 50,30000.0,20141205,,74712.0,22640.0,-1.61,22723.79,-0.37,3300000.0,110.0,681713700.0
20260709,20260703,A211560,TIGER 배당성장,일반,코스피 배당성장 50,30000.0,20141217,,77425.5,36350.0,2.39,36478.82,-0.35,2130000.0,71.0,1094364600.0
20260709,20260706,A211560,TIGER 배당성장,일반,코스피 배당성장 50,30000.0,20141217,,78511.8,36860.0,1.4,36907.81,-0.13,2130000.0,71.0,1107234300.0
20260709,20260707,A211560,TIGER 배당성장,일반,코스피 배당성장 50,30000.0,20141217,,78405.3,36810.0,-0.14,37013.44,-0.55,2130000.0,71.0,1110403200.0
20260709,20260708,A211560,TIGER 배당성장,일반,코스피 배당성장 50,30000.0,20141217,,76701.3,36010.0,-2.17,36069.97,-0.17,2130000.0,71.0,1082099100.0
20260709,20260709,A211560,TIGER 배당성장,일반,코스피 배당성장 50,30000.0,20141217,,74166.6,34820.0,-3.3,35143.35,-0.92,2130000.0,71.0,1054300500.0
20260709,20260703,A211900,KODEX 코리아배당성장,일반,코스피 배당성장 50,50000.0,20141217,,92928.0,29040.0,2.49,29122.47,-0.28,3200000.0,64.0,1456123500.0
20260709,20260706,A211900,KODEX 코리아배당성장,일반,코스피 배당성장 50,50000.0,20141217,,93824.0,29320.0,0.96,29465.74,-0.49,3200000.0,64.0,1473287000.0
20260709,20260707,A211900,KODEX 코리아배당성장,일반,코스피 배당성장 50,50000.0,20141217,,94128.0,29415.0,0.32,29550.29,-0.46,3200000.0,64.0,1477514500.0
20260709,20260708,A211900,KODEX 코리아배당성장,일반,코스피 배당성장 50,50000.0,20141217,,91744.0,28670.0,-2.53,28794.52,-0.43,3200000.0,64.0,1439726000.0
20260709,20260709,A211900,KODEX 코리아배당성장,일반,코스피 배당성장 50,50000.0,20141217,,90032.0,28135.0,-1.87,28052.82,0.29,3200000.0,64.0,1402641000.0
20260709,20260703,A213610,KODEX 삼성그룹밸류,일반,WISE 삼성그룹밸류 인덱스,100000.0,20150108,,287270.0,24980.0,4.3,24861.47,0.48,11500000.0,115.0,2486147000.0
20260709,20260706,A213610,KODEX 삼성그룹밸류,일반,WISE 삼성그룹밸류 인덱스,100000.0,20150108,,285890.0,24860.0,-0.48,24995.55,-0.54,11500000.0,115.0,2499555000.0
20260709,20260707,A213610,KODEX 삼성그룹밸류,일반,WISE 삼성그룹밸류 인덱스,100000.0,20150108,,276747.5,24065.0,-3.2,24215.18,-0.62,11500000.0,115.0,2421518000.0
20260709,20260708,A213610,KODEX 삼성그룹밸류,일반,WISE 삼성그룹밸류 인덱스,100000.0,20150108,,257357.5,22775.0,-5.36,22829.98,-0.24,11300000.0,113.0,2282998000.0
20260709,20260709,A213610,KODEX 삼성그룹밸류,일반,WISE 삼성그룹밸류 인덱스,100000.0,20150108,,253798.0,22460.0,-1.38,22581.51,-0.54,11300000.0,113.0,2258151000.0
20260709,20260703,A215620,HK S&P코리아로우볼,일반,S&P Korea 저변동성 지수,30000.0,20150325,,8402.4,15560.0,-1.14,15697.06,-0.87,540000.0,18.0,470911800.0
20260709,20260706,A215620,HK S&P코리아로우볼,일반,S&P Korea 저변동성 지수,30000.0,20150325,,8502.3,15745.0,1.19,15736.04,0.06,540000.0,18.0,472081200.0
20260709,20260707,A215620,HK S&P코리아로우볼,일반,S&P Korea 저변동성 지수,30000.0,20150325,,8559.0,15850.0,0.67,15959.54,-0.69,540000.0,18.0,478786200.0
20260709,20260708,A215620,HK S&P코리아로우볼,일반,S&P Korea 저변동성 지수,30000.0,20150325,,8421.3,15595.0,-1.61,15763.3,-1.07,540000.0,18.0,472899000.0
20260709,20260709,A215620,HK S&P코리아로우볼,일반,S&P Korea 저변동성 지수,30000.0,20150325,,8386.2,15530.0,-0.42,15584.8,-0.35,540000.0,18.0,467544000.0
20260709,20260703,A223190,KODEX 200가치저변동,일반,코스피 200 가치저변동성 지수,100000.0,20150626,,29960.0,29960.0,2.59,29952.82,0.02,1000000.0,10.0,2995282000.0
20260709,20260706,A223190,KODEX 200가치저변동,일반,코스피 200 가치저변동성 지수,100000.0,20150626,,30330.0,30330.0,1.23,30286.17,0.14,1000000.0,10.0,3028617000.0
20260709,20260707,A223190,KODEX 200가치저변동,일반,코스피 200 가치저변동성 지수,100000.0,20150626,,29515.0,29515.0,-2.69,29455.59,0.2,1000000.0,10.0,2945559000.0
20260709,20260708,A223190,KODEX 200가치저변동,일반,코스피 200 가치저변동성 지수,100000.0,20150626,,28320.0,28320.0,-4.05,28253.66,0.23,1000000.0,10.0,2825366000.0
20260709,20260709,A223190,KODEX 200가치저변동,일반,코스피 200 가치저변동성 지수,100000.0,20150626,,28055.0,28055.0,-0.94,27739.45,1.14,1000000.0,10.0,2773945000.0
20260709,20260703,A226380,ACE Fn성장소비주도주,일반,FnGuide 성장소비주도 지수,100000.0,20150819,,4018.0,5740.0,-1.12,5731.41,0.15,700000.0,7.0,573141000.0
20260709,20260706,A226380,ACE Fn성장소비주도주,일반,FnGuide 성장소비주도 지수,100000.0,20150819,,4011.0,5730.0,-0.17,5765.03,-0.61,700000.0,7.0,576503000.0
20260709,20260707,A226380,ACE Fn성장소비주도주,일반,FnGuide 성장소비주도 지수,100000.0,20150819,,4133.5,5905.0,3.05,5917.61,-0.21,700000.0,7.0,591761000.0
20260709,20260708,A226380,ACE Fn성장소비주도주,일반,FnGuide 성장소비주도 지수,100000.0,20150819,,4025.0,5750.0,-2.62,5795.15,-0.78,700000.0,7.0,579515000.0
20260709,20260709,A226380,ACE Fn성장소비주도주,일반,FnGuide 성장소비주도 지수,100000.0,20150819,,3913.0,5590.0,-2.78,5643.12,-0.94,700000.0,7.0,564312000.0
20260709,20260703,A226490,KODEX 코스피,일반,코스피지수,50000.0,20150824,,1170960.0,83640.0,5.49,83244.3,0.48,14000000.0,280.0,4162215000.0
20260709,20260706,A226490,KODEX 코스피,일반,코스피지수,50000.0,20150824,,1163470.0,83105.0,-0.64,82862.18,0.29,14000000.0,280.0,4143108999.9999995
20260709,20260707,A226490,KODEX 코스피,일반,코스피지수,50000.0,20150824,,1118769.75,79065.0,-4.86,78806.57,0.33,14150000.0,283.0,3940328500.0000005
20260709,20260708,A226490,KODEX 코스피,일반,코스피지수,50000.0,20150824,,1063296.0,74880.0,-5.29,74592.14,0.39,14200000.0,284.0,3729607000.0
20260709,20260709,A226490,KODEX 코스피,일반,코스피지수,50000.0,20150824,,1074869.0,75695.0,1.09,75054.61,0.85,14200000.0,284.0,3752730500.0
20260709,20260703,A226980,KODEX 200 중소형,일반,코스피 200 중소형주지수,100000.0,20150901,,21379.5,23755.0,-0.48,23646.29,0.46,900000.0,9.0,2364629000.0
20260709,20260706,A226980,KODEX 200 중소형,일반,코스피 200 중소형주지수,100000.0,20150901,,20947.5,23275.0,-2.02,23359.98,-0.36,900000.0,9.0,2335998000.0
20260709,20260707,A226980,KODEX 200 중소형,일반,코스피 200 중소형주지수,100000.0,20150901,,20763.0,23070.0,-0.88,23210.77,-0.61,900000.0,9.0,2321077000.0
20260709,20260708,A226980,KODEX 200 중소형,일반,코스피 200 중소형주지수,100000.0,20150901,,20025.0,22250.0,-3.55,22158.02,0.42,900000.0,9.0,2215802000.0
20260709,20260709,A226980,KODEX 200 중소형,일반,코스피 200 중소형주지수,100000.0,20150901,,19602.0,21780.0,-2.11,21945.17,-0.75,900000.0,9.0,2194517000.0
20260709,20260703,A227540,TIGER 200 헬스케어,일반,코스피 200 헬스케어,20000.0,20150923,,31125.0,18750.0,1.19,18761.01,-0.06,1660000.0,83.0,375220199.99999994
20260709,20260706,A227540,TIGER 200 헬스케어,일반,코스피 200 헬스케어,20000.0,20150923,,30129.0,18150.0,-3.2,18204.34,-0.3,1660000.0,83.0,364086800.0
20260709,20260707,A227540,TIGER 200 헬스케어,일반,코스피 200 헬스케어,20000.0,20150923,,30842.8,18580.0,2.37,18524.17,0.3,1660000.0,83.0,370483399.99999994
20260709,20260708,A227540,TIGER 200 헬스케어,일반,코스피 200 헬스케어,20000.0,20150923,,30070.9,18115.0,-2.5,18042.08,0.4,1660000.0,83.0,360841600.00000006
20260709,20260709,A227540,TIGER 200 헬스케어,일반,코스피 200 헬스케어,20000.0,20150923,,29149.6,17560.0,-3.06,17562.43,-0.01,1660000.0,83.0,351248600.0
20260709,20260703,A227550,TIGER 200 산업재,일반,코스피 200 산업재,20000.0,20150923,,8401.8,12730.0,1.19,12809.71,-0.62,660000.0,33.0,256194199.99999997
20260709,20260706,A227550,TIGER 200 산업재,일반,코스피 200 산업재,20000.0,20150923,,8382.0,12700.0,-0.24,12681.04,0.15,660000.0,33.0,253620800.00000003
20260709,20260707,A227550,TIGER 200 산업재,일반,코스피 200 산업재,20000.0,20150923,,4129.3,12145.0,-4.37,12293.31,-1.21,340000.0,17.0,245866200.0
20260709,20260708,A227550,TIGER 200 산업재,일반,코스피 200 산업재,20000.0,20150923,,3865.8,11370.0,-6.38,11457.8,-0.77,340000.0,17.0,229156000.0
20260709,20260709,A227550,TIGER 200 산업재,일반,코스피 200 산업재,20000.0,20150923,,3802.9,11185.0,-1.63,11271.07,-0.76,340000.0,17.0,225421400.0
20260709,20260703,A227560,TIGER 200 생활소비재,일반,코스피 200 생활소비재,20000.0,20150923,,4554.0,12650.0,-0.82,12669.65,-0.16,360000.0,18.0,253393000.0
20260709,20260706,A227560,TIGER 200 생활소비재,일반,코스피 200 생활소비재,20000.0,20150923,,2768.7,12585.0,-0.51,12684.78,-0.79,220000.0,11.0,253695600.0
20260709,20260707,A227560,TIGER 200 생활소비재,일반,코스피 200 생활소비재,20000.0,20150923,,2885.3,13115.0,4.21,13143.98,-0.22,220000.0,11.0,262879600.0
20260709,20260708,A227560,TIGER 200 생활소비재,일반,코스피 200 생활소비재,20000.0,20150923,,2811.6,12780.0,-2.55,12791.42,-0.09,220000.0,11.0,255828400.0
20260709,20260709,A227560,TIGER 200 생활소비재,일반,코스피 200 생활소비재,20000.0,20150923,,2667.5,12125.0,-5.13,12241.48,-0.95,220000.0,11.0,244829600.0
20260709,20260703,A227570,TIGER 우량가치,일반,FnGuide 퀄리티 밸류 지수,30000.0,20150923,,9655.2,20115.0,0.78,20183.78,-0.34,480000.0,16.0,605513400.0
20260709,20260706,A227570,TIGER 우량가치,일반,FnGuide 퀄리티 밸류 지수,30000.0,20150923,,9672.0,20150.0,0.17,20274.24,-0.61,480000.0,16.0,608227200.0
20260709,20260707,A227570,TIGER 우량가치,일반,FnGuide 퀄리티 밸류 지수,30000.0,20150923,,7311.6,20310.0,0.79,20412.71,-0.5,360000.0,12.0,612381300.0
20260709,20260708,A227570,TIGER 우량가치,일반,FnGuide 퀄리티 밸류 지수,30000.0,20150923,,7147.8,19855.0,-2.24,19980.58,-0.63,360000.0,12.0,599417400.0
20260709,20260709,A227570,TIGER 우량가치,일반,FnGuide 퀄리티 밸류 지수,30000.0,20150923,,7102.8,19730.0,-0.63,19805.33,-0.38,360000.0,12.0,594159900.0
20260709,20260703,A227830,PLUS 코스피,일반,코스피지수,50000.0,20150923,,20805.0,83220.0,5.48,83715.82,-0.59,250000.0,5.0,4185791000.0000005
20260709,20260706,A227830,PLUS 코스피,일반,코스피지수,50000.0,20150923,,20788.75,83155.0,-0.08,83340.9,-0.22,250000.0,5.0,4167044999.9999995
20260709,20260707,A227830,PLUS 코스피,일반,코스피지수,50000.0,20150923,,19662.5,78650.0,-5.42,79242.68,-0.75,250000.0,5.0,3962133999.9999995
20260709,20260708,A227830,PLUS 코스피,일반,코스피지수,50000.0,20150923,,18697.5,74790.0,-4.91,74990.85,-0.27,250000.0,5.0,3749542500.0000005
20260709,20260709,A227830,PLUS 코스피,일반,코스피지수,50000.0,20150923,,18822.5,75290.0,0.67,75473.88,-0.24,250000.0,5.0,3773694000.0
20260709,20260703,A228790,TIGER 화장품,일반,WISE 화장품 지수,30000.0,20151007,,262912.5,3750.0,-0.79,3751.91,-0.05,70110000.0,2337.0,112557300.0
20260709,20260706,A228790,TIGER 화장품,일반,WISE 화장품 지수,30000.0,20151007,,260824.5,3725.0,-0.67,3743.56,-0.5,70020000.0,2334.0,112306800.0
20260709,20260707,A228790,TIGER 화장품,일반,WISE 화장품 지수,30000.0,20151007,,274365.0,3900.0,4.7,3897.94,0.05,70350000.0,2345.0,116938200.0
20260709,20260708,A228790,TIGER 화장품,일반,WISE 화장품 지수,30000.0,20151007,,264798.6,3785.0,-2.95,3776.6,0.22,69960000.0,2332.0,113298000.0
20260709,20260709,A228790,TIGER 화장품,일반,WISE 화장품 지수,30000.0,20151007,,250470.0,3630.0,-4.1,3607.74,0.62,69000000.0,2300.0,108232200.0
20260709,20260703,A228800,TIGER 여행레저,일반,WISE 여행레저 지수,30000.0,20151007,,74052.0,2805.0,-1.41,2814.3,-0.33,26400000.0,880.0,84429000.0
20260709,20260706,A228800,TIGER 여행레저,일반,WISE 여행레저 지수,30000.0,20151007,,74316.0,2815.0,0.36,2821.57,-0.23,26400000.0,880.0,84647100.0
20260709,20260707,A228800,TIGER 여행레저,일반,WISE 여행레저 지수,30000.0,20151007,,76167.45,2895.0,2.84,2885.18,0.34,26310000.0,877.0,86555400.0
20260709,20260708,A228800,TIGER 여행레저,일반,WISE 여행레저 지수,30000.0,20151007,,73273.35,2785.0,-3.8,2796.94,-0.43,26310000.0,877.0,83908200.0
20260709,20260709,A228800,TIGER 여행레저,일반,WISE 여행레저 지수,30000.0,20151007,,70905.45,2695.0,-3.23,2692.8,0.08,26310000.0,877.0,80784000.0
20260709,20260703,A228810,TIGER 미디어컨텐츠,일반,WISE 미디어컨텐츠 지수,30000.0,20151007,,80714.7,3410.0,-2.57,3390.25,0.58,23670000.0,789.0,101707500.0
20260709,20260706,A228810,TIGER 미디어컨텐츠,일반,WISE 미디어컨텐츠 지수,30000.0,20151007,,81646.5,3445.0,1.03,3437.51,0.22,23700000.0,790.0,103125300.0
20260709,20260707,A228810,TIGER 미디어컨텐츠,일반,WISE 미디어컨텐츠 지수,30000.0,20151007,,83803.8,3545.0,2.9,3531.45,0.38,23640000.0,788.0,105943500.0
20260709,20260708,A228810,TIGER 미디어컨텐츠,일반,WISE 미디어컨텐츠 지수,30000.0,20151007,,81054.0,3420.0,-3.53,3432.93,-0.38,23700000.0,790.0,102987900.0
20260709,20260709,A228810,TIGER 미디어컨텐츠,일반,WISE 미디어컨텐츠 지수,30000.0,20151007,,80800.65,3405.0,-0.44,3403.69,0.04,23730000.0,791.0,102110700.0
20260709,20260703,A228820,TIGER KTOP30,일반,KTOP 30,50000.0,20151014,,25968.0,21640.0,5.13,21544.52,0.44,1200000.0,24.0,1077226000.0
20260709,20260706,A228820,TIGER KTOP30,일반,KTOP 30,50000.0,20151014,,25950.0,21625.0,-0.07,21569.16,0.26,1200000.0,24.0,1078458000.0
20260709,20260707,A228820,TIGER KTOP30,일반,KTOP 30,50000.0,20151014,,25325.0,20260.0,-6.31,20487.85,-1.11,1250000.0,25.0,1024392499.9999999
20260709,20260708,A228820,TIGER KTOP30,일반,KTOP 30,50000.0,20151014,,24050.0,19240.0,-5.03,19355.12,-0.59,1250000.0,25.0,967756000.0
20260709,20260709,A228820,TIGER KTOP30,일반,KTOP 30,50000.0,20151014,,23825.0,19060.0,-0.94,19185.18,-0.65,1250000.0,25.0,959259000.0
20260709,20260703,A229200,KODEX 코스닥150,일반,코스닥 150,50000.0,20151001,,4584991.5,15230.0,-1.62,15271.92,-0.27,301050000.0,6021.0,763596000.0
20260709,20260706,A229200,KODEX 코스닥150,일반,코스닥 150,50000.0,20151001,,4446987.0,14730.0,-3.28,14784.82,-0.37,301900000.0,6038.0,739241000.0
20260709,20260707,A229200,KODEX 코스닥150,일반,코스닥 150,50000.0,20151001,,4453524.0,14535.0,-1.32,14548.53,-0.09,306400000.0,6128.0,727426500.0
20260709,20260708,A229200,KODEX 코스닥150,일반,코스닥 150,50000.0,20151001,,4171237.5,13565.0,-6.67,13583.32,-0.13,307500000.0,6150.0,679166000.0
20260709,20260709,A229200,KODEX 코스닥150,일반,코스닥 150,50000.0,20151001,,4228767.0,13770.0,1.51,13777.75,-0.06,307100000.0,6142.0,688887500.0
20260709,20260703,A229720,KODEX KTOP30,일반,KTOP 30,100000.0,20151014,,25800.0,43000.0,5.26,42831.4,0.39,600000.0,6.0,4283140000.0
20260709,20260706,A229720,KODEX KTOP30,일반,KTOP 30,100000.0,20151014,,25560.0,42600.0,-0.93,42894.03,-0.69,600000.0,6.0,4289403000.0
20260709,20260707,A229720,KODEX KTOP30,일반,KTOP 30,100000.0,20151014,,24531.0,40885.0,-4.03,40695.76,0.47,600000.0,6.0,4069576000.0
20260709,20260708,A229720,KODEX KTOP30,일반,KTOP 30,100000.0,20151014,,23148.0,38580.0,-5.64,38410.61,0.44,600000.0,6.0,3841061000.0
20260709,20260709,A229720,KODEX KTOP30,일반,KTOP 30,100000.0,20151014,,22899.0,38165.0,-1.08,38072.9,0.24,600000.0,6.0,3807290000.0
20260709,20260703,A232080,TIGER 코스닥150,일반,코스닥 150,20000.0,20151112,,1333761.0,15545.0,-1.36,15560.07,-0.1,85800000.0,4290.0,311201400.0
20260709,20260706,A232080,TIGER 코스닥150,일반,코스닥 150,20000.0,20151112,,1291030.2,15005.0,-3.47,15064.32,-0.39,86040000.0,4302.0,301286400.0
20260709,20260707,A232080,TIGER 코스닥150,일반,코스닥 150,20000.0,20151112,,1281384.0,14800.0,-1.37,14824.33,-0.16,86580000.0,4329.0,296486600.0
20260709,20260708,A232080,TIGER 코스닥150,일반,코스닥 150,20000.0,20151112,,1212107.2,13840.0,-6.49,13843.91,-0.03,87580000.0,4379.0,276878200.0
20260709,20260709,A232080,TIGER 코스닥150,일반,코스닥 150,20000.0,20151112,,1255673.7,14055.0,1.55,14040.71,0.1,89340000.0,4467.0,280814200.0
20260709,20260703,A233160,TIGER 코스닥150 레버리지,레버리지,코스닥 150 레버리지지수,50000.0,20151217,,171810.0,9960.0,-2.5,9903.76,0.57,17250000.0,345.0,495188000.0
20260709,20260706,A233160,TIGER 코스닥150 레버리지,레버리지,코스닥 150 레버리지지수,50000.0,20151217,,158270.0,9310.0,-6.53,9266.17,0.47,17000000.0,340.0,463308500.0
20260709,20260707,A233160,TIGER 코스닥150 레버리지,레버리지,코스닥 150 레버리지지수,50000.0,20151217,,156670.5,9030.0,-3.01,8966.06,0.71,17350000.0,347.0,448303000.0
20260709,20260708,A233160,TIGER 코스닥150 레버리지,레버리지,코스닥 150 레버리지지수,50000.0,20151217,,139564.5,7885.0,-12.68,7797.77,1.12,17700000.0,354.0,389888500.0
20260709,20260709,A233160,TIGER 코스닥150 레버리지,레버리지,코스닥 150 레버리지지수,50000.0,20151217,,146510.0,8050.0,2.09,8071.14,-0.26,18200000.0,364.0,403557000.0
20260709,20260703,A233740,KODEX 코스닥150레버리지,레버리지,코스닥 150 레버리지지수,100000.0,20151217,,3149400.0,9050.0,-2.9,9016.91,0.37,348000000.0,3480.0,901691000.0
20260709,20260706,A233740,KODEX 코스닥150레버리지,레버리지,코스닥 150 레버리지지수,100000.0,20151217,,2915346.0,8465.0,-6.46,8441.63,0.28,344400000.0,3444.0,844162999.9999999
20260709,20260707,A233740,KODEX 코스닥150레버리지,레버리지,코스닥 150 레버리지지수,100000.0,20151217,,2959355.0,8225.0,-2.84,8170.95,0.66,359800000.0,3598.0,817095000.0
20260709,20260708,A233740,KODEX 코스닥150레버리지,레버리지,코스닥 150 레버리지지수,100000.0,20151217,,2676240.0,7200.0,-12.46,7105.27,1.33,371700000.0,3717.0,710527000.0
20260709,20260709,A233740,KODEX 코스닥150레버리지,레버리지,코스닥 150 레버리지지수,100000.0,20151217,,2793303.5,7345.0,2.01,7367.02,-0.3,380300000.0,3803.0,736702000.0
20260709,20260703,A234310,RISE V&S셀렉트밸류,일반,FnGuide 셀렉트밸류 지수,100000.0,20160202,,15097.5,30195.0,3.11,30345.82,-0.5,500000.0,5.0,3034582000.0
20260709,20260706,A234310,RISE V&S셀렉트밸류,일반,FnGuide 셀렉트밸류 지수,100000.0,20160202,,15282.5,30565.0,1.23,30669.96,-0.34,500000.0,5.0,3066996000.0
20260709,20260707,A234310,RISE V&S셀렉트밸류,일반,FnGuide 셀렉트밸류 지수,100000.0,20160202,,14857.5,29715.0,-2.78,29897.36,-0.61,500000.0,5.0,2989736000.0
20260709,20260708,A234310,RISE V&S셀렉트밸류,일반,FnGuide 셀렉트밸류 지수,100000.0,20160202,,14395.0,28790.0,-3.11,28737.07,0.18,500000.0,5.0,2873707000.0
20260709,20260709,A234310,RISE V&S셀렉트밸류,일반,FnGuide 셀렉트밸류 지수,100000.0,20160202,,14115.0,28230.0,-1.95,28430.43,-0.7,500000.0,5.0,2843043000.0
20260709,20260703,A237350,KODEX 코스피100,일반,코스피 100,50000.0,20160127,,1140521.5,104635.0,5.32,105231.15,-0.57,10900000.0,218.0,5261557500.0
20260709,20260706,A237350,KODEX 코스피100,일반,코스피 100,50000.0,20160127,,1135344.0,104160.0,-0.45,104588.87,-0.41,10900000.0,218.0,5229443500.0
20260709,20260707,A237350,KODEX 코스피100,일반,코스피 100,50000.0,20160127,,1091860.0,99260.0,-4.7,99069.02,0.19,11000000.0,220.0,4953451000.0
20260709,20260708,A237350,KODEX 코스피100,일반,코스피 100,50000.0,20160127,,1032900.0,93900.0,-5.4,93564.02,0.36,11000000.0,220.0,4678201000.0
20260709,20260709,A237350,KODEX 코스피100,일반,코스피 100,50000.0,20160127,,1040600.0,94600.0,0.75,94740.43,-0.15,11000000.0,220.0,4737021500.0
20260709,20260703,A243880,TIGER 200IT레버리지,레버리지,코스피 200 정보기술 레버리지지수,25000.0,20160513,,960400.0,686000.0,8.54,690521.0,-0.65,1400000.0,56.0,17263025000.0
20260709,20260706,A243880,TIGER 200IT레버리지,레버리지,코스피 200 정보기술 레버리지지수,25000.0,20160513,,889350.0,635250.0,-7.4,628854.52,1.02,1400000.0,56.0,15721363000.0
20260709,20260707,A243880,TIGER 200IT레버리지,레버리지,코스피 200 정보기술 레버리지지수,25000.0,20160513,,763000.0,545000.0,-14.21,543121.04,0.35,1400000.0,56.0,13578026000.0
20260709,20260708,A243880,TIGER 200IT레버리지,레버리지,코스피 200 정보기술 레버리지지수,25000.0,20160513,,662991.0,473565.0,-13.11,474193.13,-0.13,1400000.0,56.0,11854828250.0
20260709,20260709,A243880,TIGER 200IT레버리지,레버리지,코스피 200 정보기술 레버리지지수,25000.0,20160513,,695086.0,496490.0,4.84,500374.24,-0.78,1400000.0,56.0,12509356000.0
20260709,20260703,A243890,TIGER 200에너지화학레버리지,레버리지,코스피 200 에너지/화학 레버리지지수,25000.0,20160513,,5575.0,8920.0,-0.56,8867.1,0.6,625000.0,25.0,221677500.0
20260709,20260706,A243890,TIGER 200에너지화학레버리지,레버리지,코스피 200 에너지/화학 레버리지지수,25000.0,20160513,,5456.25,8730.0,-2.13,8630.26,1.16,625000.0,25.0,215756500.0
20260709,20260707,A243890,TIGER 200에너지화학레버리지,레버리지,코스피 200 에너지/화학 레버리지지수,25000.0,20160513,,5293.75,8470.0,-2.98,8392.9,0.92,625000.0,25.0,209822500.0
20260709,20260708,A243890,TIGER 200에너지화학레버리지,레버리지,코스피 200 에너지/화학 레버리지지수,25000.0,20160513,,4781.25,7650.0,-9.68,7515.92,1.78,625000.0,25.0,187898000.0
20260709,20260709,A243890,TIGER 200에너지화학레버리지,레버리지,코스피 200 에너지/화학 레버리지지수,25000.0,20160513,,4875.0,7800.0,1.96,7692.28,1.4,625000.0,25.0,192307000.0
20260709,20260703,A244580,KODEX 바이오,일반,FnGuide 바이오 지수,80000.0,20160513,,225412.8,9060.0,-0.33,9042.12,0.2,24880000.0,311.0,723369600.0000001
20260709,20260706,A244580,KODEX 바이오,일반,FnGuide 바이오 지수,80000.0,20160513,,216580.4,8705.0,-3.92,8737.41,-0.37,24880000.0,311.0,698992800.0
20260709,20260707,A244580,KODEX 바이오,일반,FnGuide 바이오 지수,80000.0,20160513,,220272.0,8825.0,1.38,8857.19,-0.36,24960000.0,312.0,708575200.0
20260709,20260708,A244580,KODEX 바이오,일반,FnGuide 바이오 지수,80000.0,20160513,,208915.2,8370.0,-5.16,8402.22,-0.38,24960000.0,312.0,672177600.0
20260709,20260709,A244580,KODEX 바이오,일반,FnGuide 바이오 지수,80000.0,20160513,,214121.6,8470.0,1.19,8333.8,1.63,25280000.0,316.0,666704000.0
20260709,20260703,A244620,KODEX 모멘텀Plus,일반,FnGuide 모멘텀PLUS 지수,100000.0,20160513,,16751.0,23930.0,-1.32,24088.15,-0.66,700000.0,7.0,2408815000.0
20260709,20260706,A244620,KODEX 모멘텀Plus,일반,FnGuide 모멘텀PLUS 지수,100000.0,20160513,,16145.5,23065.0,-3.61,23156.55,-0.4,700000.0,7.0,2315655000.0
20260709,20260707,A244620,KODEX 모멘텀Plus,일반,FnGuide 모멘텀PLUS 지수,100000.0,20160513,,15477.0,22110.0,-4.14,22246.5,-0.61,700000.0,7.0,2224650000.0
20260709,20260708,A244620,KODEX 모멘텀Plus,일반,FnGuide 모멘텀PLUS 지수,100000.0,20160513,,14465.5,20665.0,-6.54,20804.27,-0.67,700000.0,7.0,2080427000.0
20260709,20260709,A244620,KODEX 모멘텀Plus,일반,FnGuide 모멘텀PLUS 지수,100000.0,20160513,,14742.0,21060.0,1.91,21043.71,0.08,700000.0,7.0,2104371000.0
20260709,20260703,A244660,KODEX 퀄리티Plus,일반,FnGuide 퀄리티PLUS 지수,100000.0,20160513,,4642.5,9285.0,-0.96,9307.83,-0.25,500000.0,5.0,930783000.0
20260709,20260706,A244660,KODEX 퀄리티Plus,일반,FnGuide 퀄리티PLUS 지수,100000.0,20160513,,4645.0,9290.0,0.05,9304.94,-0.16,500000.0,5.0,930494000.0
20260709,20260707,A244660,KODEX 퀄리티Plus,일반,FnGuide 퀄리티PLUS 지수,100000.0,20160513,,4685.0,9370.0,0.86,9455.04,-0.9,500000.0,5.0,945504000.0000001
20260709,20260708,A244660,KODEX 퀄리티Plus,일반,FnGuide 퀄리티PLUS 지수,100000.0,20160513,,4622.5,9245.0,-1.33,9281.67,-0.4,500000.0,5.0,928167000.0
20260709,20260709,A244660,KODEX 퀄리티Plus,일반,FnGuide 퀄리티PLUS 지수,100000.0,20160513,,4490.0,8980.0,-2.87,9169.59,-2.07,500000.0,5.0,916959000.0
20260709,20260703,A244670,KODEX 밸류Plus,일반,FnGuide 밸류PLUS 지수,100000.0,20160513,,6966.0,11610.0,-1.36,11672.2,-0.53,600000.0,6.0,1167220000.0
20260709,20260706,A244670,KODEX 밸류Plus,일반,FnGuide 밸류PLUS 지수,100000.0,20160513,,7026.0,11710.0,0.86,11783.52,-0.62,600000.0,6.0,1178352000.0
20260709,20260707,A244670,KODEX 밸류Plus,일반,FnGuide 밸류PLUS 지수,100000.0,20160513,,7170.0,11950.0,2.05,11912.8,0.31,600000.0,6.0,1191280000.0
20260709,20260708,A244670,KODEX 밸류Plus,일반,FnGuide 밸류PLUS 지수,100000.0,20160513,,6948.0,11580.0,-3.1,11555.58,0.21,600000.0,6.0,1155558000.0
20260709,20260709,A244670,KODEX 밸류Plus,일반,FnGuide 밸류PLUS 지수,100000.0,20160513,,6756.0,11260.0,-2.76,11324.27,-0.57,600000.0,6.0,1132427000.0
20260709,20260703,A250780,TIGER 코스닥150선물인버스,인버스 1X,F-코스닥150 인버스지수,50000.0,20160810,,9457.5,2425.0,1.04,2439.86,-0.61,3900000.0,78.0,121993000.0
20260709,20260706,A250780,TIGER 코스닥150선물인버스,인버스 1X,F-코스닥150 인버스지수,50000.0,20160810,,9682.75,2515.0,3.71,2516.35,-0.05,3850000.0,77.0,125817500.0
20260709,20260707,A250780,TIGER 코스닥150선물인버스,인버스 1X,F-코스닥150 인버스지수,50000.0,20160810,,9453.5,2555.0,1.59,2558.5,-0.14,3700000.0,74.0,127925000.0
20260709,20260708,A250780,TIGER 코스닥150선물인버스,인버스 1X,F-코스닥150 인버스지수,50000.0,20160810,,10045.5,2715.0,6.26,2721.26,-0.23,3700000.0,74.0,136063000.0
20260709,20260709,A250780,TIGER 코스닥150선물인버스,인버스 1X,F-코스닥150 인버스지수,50000.0,20160810,,9897.5,2675.0,-1.47,2660.25,0.55,3700000.0,74.0,133012500.0
20260709,20260703,A251340,KODEX 코스닥150선물인버스,인버스 1X,F-코스닥150 인버스지수,100000.0,20160810,,181500.0,2420.0,1.47,2448.28,-1.16,75000000.0,750.0,244828000.00000003
20260709,20260706,A251340,KODEX 코스닥150선물인버스,인버스 1X,F-코스닥150 인버스지수,100000.0,20160810,,190500.0,2500.0,3.31,2525.3,-1.0,76200000.0,762.0,252530000.00000003
20260709,20260707,A251340,KODEX 코스닥150선물인버스,인버스 1X,F-코스닥150 인버스지수,100000.0,20160810,,189111.0,2535.0,1.4,2567.25,-1.26,74600000.0,746.0,256725000.0
20260709,20260708,A251340,KODEX 코스닥150선물인버스,인버스 1X,F-코스닥150 인버스지수,100000.0,20160810,,194400.0,2700.0,6.51,2732.2,-1.18,72000000.0,720.0,273220000.0
20260709,20260709,A251340,KODEX 코스닥150선물인버스,인버스 1X,F-코스닥150 인버스지수,100000.0,20160810,,195078.0,2665.0,-1.3,2671.65,-0.25,73200000.0,732.0,267165000.0
20260709,20260703,A251590,PLUS 고배당저변동50,일반,FnGuide 고배당저변동50 지수,50000.0,20160811,,11753.0,16790.0,0.09,16829.92,-0.24,700000.0,14.0,841495999.9999999
20260709,20260706,A251590,PLUS 고배당저변동50,일반,FnGuide 고배당저변동50 지수,50000.0,20160811,,11795.0,16850.0,0.36,16862.37,-0.07,700000.0,14.0,843118500.0
20260709,20260707,A251590,PLUS 고배당저변동50,일반,FnGuide 고배당저변동50 지수,50000.0,20160811,,11889.5,16985.0,0.8,17036.95,-0.3,700000.0,14.0,851847500.0
20260709,20260708,A251590,PLUS 고배당저변동50,일반,FnGuide 고배당저변동50 지수,50000.0,20160811,,11837.0,16910.0,-0.44,16888.24,0.13,700000.0,14.0,844412000.0000001
20260709,20260709,A251590,PLUS 고배당저변동50,일반,FnGuide 고배당저변동50 지수,50000.0,20160811,,11550.0,16500.0,-2.42,16733.85,-1.4,700000.0,14.0,836692499.9999999
20260709,20260703,A252000,TIGER 200동일가중,일반,코스피 200 동일가중지수,50000.0,20160920,,11781.0,19635.0,0.46,19702.65,-0.34,600000.0,12.0,985132500.0000001
20260709,20260706,A252000,TIGER 200동일가중,일반,코스피 200 동일가중지수,50000.0,20160920,,11703.0,19505.0,-0.66,19668.55,-0.83,600000.0,12.0,983427500.0
20260709,20260707,A252000,TIGER 200동일가중,일반,코스피 200 동일가중지수,50000.0,20160920,,11643.0,19405.0,-0.51,19596.36,-0.98,600000.0,12.0,979818000.0
20260709,20260708,A252000,TIGER 200동일가중,일반,코스피 200 동일가중지수,50000.0,20160920,,11238.0,18730.0,-3.48,18904.3,-0.92,600000.0,12.0,945215000.0
20260709,20260709,A252000,TIGER 200동일가중,일반,코스피 200 동일가중지수,50000.0,20160920,,11067.0,18445.0,-1.52,18627.0,-0.98,600000.0,12.0,931350000.0
20260709,20260703,A252400,RISE 200선물레버리지,레버리지,코스피 200 선물레버리지지수,100000.0,20160912,,116273.5,166105.0,11.71,166068.36,0.02,700000.0,7.0,16606835999.999998
20260709,20260706,A252400,RISE 200선물레버리지,레버리지,코스피 200 선물레버리지지수,100000.0,20160912,,114453.5,163505.0,-1.57,163890.05,-0.23,700000.0,7.0,16389004999.999998
20260709,20260707,A252400,RISE 200선물레버리지,레버리지,코스피 200 선물레버리지지수,100000.0,20160912,,88497.0,147495.0,-9.79,149323.92,-1.22,600000.0,6.0,14932392000.000002
20260709,20260708,A252400,RISE 200선물레버리지,레버리지,코스피 200 선물레버리지지수,100000.0,20160912,,79032.0,131720.0,-10.7,131158.51,0.43,600000.0,6.0,13115851000.0
20260709,20260709,A252400,RISE 200선물레버리지,레버리지,코스피 200 선물레버리지지수,100000.0,20160912,,79872.0,133120.0,1.06,133334.0,-0.16,600000.0,6.0,13333400000.0
20260709,20260703,A252410,RISE 200선물인버스,인버스 1X,코스피 200 선물인버스 지수,100000.0,20160912,,2400.0,1200.0,-3.69,1207.98,-0.66,2000000.0,20.0,120798000.0
20260709,20260706,A252410,RISE 200선물인버스,인버스 1X,코스피 200 선물인버스 지수,100000.0,20160912,,2440.0,1220.0,1.67,1215.84,0.34,2000000.0,20.0,121583999.99999999
20260709,20260707,A252410,RISE 200선물인버스,인버스 1X,코스피 200 선물인버스 지수,100000.0,20160912,,2552.0,1276.0,4.59,1268.77,0.57,2000000.0,20.0,126877000.0
20260709,20260708,A252410,RISE 200선물인버스,인버스 1X,코스피 200 선물인버스 지수,100000.0,20160912,,2696.0,1348.0,5.64,1347.2,0.06,2000000.0,20.0,134720000.0
20260709,20260709,A252410,RISE 200선물인버스,인버스 1X,코스피 200 선물인버스 지수,100000.0,20160912,,2680.0,1340.0,-0.59,1335.99,0.3,2000000.0,20.0,133599000.0
20260709,20260703,A252420,RISE 200선물인버스2X,인버스 2X,코스피 200 선물인버스 -2X 지수,100000.0,20160922,,3792.4,76.0,-12.64,76.49,-0.64,49900000.0,499.0,7648999.999999999
20260709,20260706,A252420,RISE 200선물인버스2X,인버스 2X,코스피 200 선물인버스 -2X 지수,100000.0,20160922,,3942.1,79.0,3.95,77.65,1.74,49900000.0,499.0,7765000.000000001
20260709,20260707,A252420,RISE 200선물인버스2X,인버스 2X,코스피 200 선물인버스 -2X 지수,100000.0,20160922,,4341.3,87.0,10.13,84.53,2.92,49900000.0,499.0,8453000.0
20260709,20260708,A252420,RISE 200선물인버스2X,인버스 2X,코스피 200 선물인버스 -2X 지수,100000.0,20160922,,4690.6,94.0,8.05,94.67,-0.71,49900000.0,499.0,9467000.0
20260709,20260709,A252420,RISE 200선물인버스2X,인버스 2X,코스피 200 선물인버스 -2X 지수,100000.0,20160922,,4640.7,93.0,-1.06,93.11,-0.12,49900000.0,499.0,9311000.0
20260709,20260703,A252650,KODEX 200동일가중,일반,코스피 200 동일가중지수,100000.0,20160920,,15160.0,18950.0,0.32,18876.69,0.39,800000.0,8.0,1887668999.9999998
20260709,20260706,A252650,KODEX 200동일가중,일반,코스피 200 동일가중지수,100000.0,20160920,,14988.0,18735.0,-1.13,18843.95,-0.58,800000.0,8.0,1884395000.0
20260709,20260707,A252650,KODEX 200동일가중,일반,코스피 200 동일가중지수,100000.0,20160920,,11190.0,18650.0,-0.45,18774.76,-0.66,600000.0,6.0,1877475999.9999998
20260709,20260708,A252650,KODEX 200동일가중,일반,코스피 200 동일가중지수,100000.0,20160920,,10836.0,18060.0,-3.16,18110.84,-0.28,600000.0,6.0,1811084000.0
20260709,20260709,A252650,KODEX 200동일가중,일반,코스피 200 동일가중지수,100000.0,20160920,,10662.0,17770.0,-1.61,17844.61,-0.42,600000.0,6.0,1784461000.0
20260709,20260703,A252670,KODEX 200선물인버스2X,인버스 2X,코스피 200 선물인버스 -2X 지수,100000.0,20160922,,923917.5,75.0,-10.71,74.61,0.52,12318900000.0,123189.0,7461000.0
20260709,20260706,A252670,KODEX 200선물인버스2X,인버스 2X,코스피 200 선물인버스 -2X 지수,100000.0,20160922,,898517.6,76.0,1.33,75.56,0.58,11822600000.0,118226.0,7556000.0
20260709,20260707,A252670,KODEX 200선물인버스2X,인버스 2X,코스피 200 선물인버스 -2X 지수,100000.0,20160922,,917968.8,84.0,10.53,82.22,2.16,10928200000.0,109282.0,8222000.0
20260709,20260708,A252670,KODEX 200선물인버스2X,인버스 2X,코스피 200 선물인버스 -2X 지수,100000.0,20160922,,1044503.6,92.0,9.52,92.39,-0.42,11353300000.0,113533.0,9239000.0
20260709,20260709,A252670,KODEX 200선물인버스2X,인버스 2X,코스피 200 선물인버스 -2X 지수,100000.0,20160922,,1030824.0,90.0,-2.17,90.83,-0.91,11453600000.0,114536.0,9083000.0
20260709,20260703,A252710,TIGER 200선물인버스2X,인버스 2X,코스피 200 선물인버스 -2X 지수,100000.0,20160922,,30100.2,78.0,-11.36,79.56,-1.96,385900000.0,3859.0,7956000.0
20260709,20260706,A252710,TIGER 200선물인버스2X,인버스 2X,코스피 200 선물인버스 -2X 지수,100000.0,20160922,,30648.0,80.0,2.56,80.7,-0.87,383100000.0,3831.0,8070000.0
20260709,20260707,A252710,TIGER 200선물인버스2X,인버스 2X,코스피 200 선물인버스 -2X 지수,100000.0,20160922,,32287.2,88.0,10.0,87.86,0.16,366900000.0,3669.0,8786000.0
20260709,20260708,A252710,TIGER 200선물인버스2X,인버스 2X,코스피 200 선물인버스 -2X 지수,100000.0,20160922,,35956.2,98.0,11.36,98.84,-0.85,366900000.0,3669.0,9884000.0
20260709,20260709,A252710,TIGER 200선물인버스2X,인버스 2X,코스피 200 선물인버스 -2X 지수,100000.0,20160922,,34704.0,96.0,-2.04,97.06,-1.09,361500000.0,3615.0,9706000.0
20260709,20260703,A253150,PLUS 200선물레버리지,레버리지,코스피 200 선물레버리지지수,50000.0,20160929,,83053.75,332215.0,12.13,331740.1,0.14,250000.0,5.0,16587004999.999998
20260709,20260706,A253150,PLUS 200선물레버리지,레버리지,코스피 200 선물레버리지지수,50000.0,20160929,,81622.5,326490.0,-1.72,327520.75,-0.31,250000.0,5.0,16376037500.0
20260709,20260707,A253150,PLUS 200선물레버리지,레버리지,코스피 200 선물레버리지지수,50000.0,20160929,,73620.0,294480.0,-9.8,298199.6,-1.25,250000.0,5.0,14909979999.999998
20260709,20260708,A253150,PLUS 200선물레버리지,레버리지,코스피 200 선물레버리지지수,50000.0,20160929,,65605.0,262420.0,-10.89,261928.36,0.19,250000.0,5.0,13096418000.0
20260709,20260709,A253150,PLUS 200선물레버리지,레버리지,코스피 200 선물레버리지지수,50000.0,20160929,,66271.25,265085.0,1.02,266431.55,-0.51,250000.0,5.0,13321577500.0
20260709,20260703,A253160,PLUS 200선물인버스2X,인버스 2X,코스피 200 선물인버스 -2X 지수,50000.0,20160922,,1732.8,152.0,-12.64,150.96,0.69,11400000.0,228.0,7548000.0
20260709,20260706,A253160,PLUS 200선물인버스2X,인버스 2X,코스피 200 선물인버스 -2X 지수,50000.0,20160922,,1767.0,155.0,1.97,153.07,1.26,11400000.0,228.0,7653500.0
20260709,20260707,A253160,PLUS 200선물인버스2X,인버스 2X,코스피 200 선물인버스 -2X 지수,50000.0,20160922,,1820.0,175.0,12.9,166.35,5.2,10400000.0,208.0,8317500.0
20260709,20260708,A253160,PLUS 200선물인버스2X,인버스 2X,코스피 200 선물인버스 -2X 지수,50000.0,20160922,,1882.4,181.0,3.43,186.89,-3.15,10400000.0,208.0,9344500.0
20260709,20260709,A253160,PLUS 200선물인버스2X,인버스 2X,코스피 200 선물인버스 -2X 지수,50000.0,20160922,,1913.6,184.0,1.66,183.52,0.26,10400000.0,208.0,9176000.0
20260709,20260703,A253230,KIWOOM 200선물인버스2X,인버스 2X,코스피 200 선물인버스 -2X 지수,10000.0,20160922,,2767.6,74.0,-8.64,73.03,1.33,37400000.0,3740.0,730300.0
20260709,20260706,A253230,KIWOOM 200선물인버스2X,인버스 2X,코스피 200 선물인버스 -2X 지수,10000.0,20160922,,2805.0,75.0,1.35,73.97,1.39,37400000.0,3740.0,739700.0
20260709,20260707,A253230,KIWOOM 200선물인버스2X,인버스 2X,코스피 200 선물인버스 -2X 지수,10000.0,20160922,,2902.8,82.0,9.33,80.54,1.81,35400000.0,3540.0,805400.0000000001
20260709,20260708,A253230,KIWOOM 200선물인버스2X,인버스 2X,코스피 200 선물인버스 -2X 지수,10000.0,20160922,,3186.0,90.0,9.76,90.55,-0.61,35400000.0,3540.0,905500.0
20260709,20260709,A253230,KIWOOM 200선물인버스2X,인버스 2X,코스피 200 선물인버스 -2X 지수,10000.0,20160922,,3115.2,88.0,-2.22,88.97,-1.09,35400000.0,3540.0,889700.0
20260709,20260703,A253240,KIWOOM 200선물인버스,인버스 1X,코스피 200 선물인버스 지수,10000.0,20160912,,1466.44,1202.0,-5.43,1209.65,-0.63,1220000.0,122.0,12096500.0
20260709,20260706,A253240,KIWOOM 200선물인버스,인버스 1X,코스피 200 선물인버스 지수,10000.0,20160912,,1474.98,1209.0,0.58,1217.4,-0.69,1220000.0,122.0,12174000.0
20260709,20260707,A253240,KIWOOM 200선물인버스,인버스 1X,코스피 200 선물인버스 지수,10000.0,20160912,,1542.08,1264.0,4.55,1271.36,-0.58,1220000.0,122.0,12713599.999999998
20260709,20260708,A253240,KIWOOM 200선물인버스,인버스 1X,코스피 200 선물인버스 지수,10000.0,20160912,,1638.46,1343.0,6.25,1348.77,-0.43,1220000.0,122.0,13487700.0
20260709,20260709,A253240,KIWOOM 200선물인버스,인버스 1X,코스피 200 선물인버스 지수,10000.0,20160912,,1629.92,1336.0,-0.52,1337.45,-0.11,1220000.0,122.0,13374500.0
20260709,20260703,A253250,KIWOOM 200선물레버리지,레버리지,코스피 200 선물레버리지지수,10000.0,20160912,,76168.2,162060.0,10.11,162472.34,-0.25,470000.0,47.0,1624723400.0
20260709,20260706,A253250,KIWOOM 200선물레버리지,레버리지,코스피 200 선물레버리지지수,10000.0,20160912,,75265.8,160140.0,-1.18,160464.8,-0.2,470000.0,47.0,1604648000.0
20260709,20260707,A253250,KIWOOM 200선물레버리지,레버리지,코스피 200 선물레버리지지수,10000.0,20160912,,67621.25,143875.0,-10.16,146112.89,-1.53,470000.0,47.0,1461128900.0000002
20260709,20260708,A253250,KIWOOM 200선물레버리지,레버리지,코스피 200 선물레버리지지수,10000.0,20160912,,56361.8,128095.0,-10.97,128239.19,-0.11,440000.0,44.0,1282391900.0
20260709,20260709,A253250,KIWOOM 200선물레버리지,레버리지,코스피 200 선물레버리지지수,10000.0,20160912,,53496.8,130480.0,1.86,130398.18,0.06,410000.0,41.0,1303981800.0
20260709,20260703,A253280,RISE 헬스케어,일반,FnGuide 헬스케어 지수,50000.0,20160923,,8190.0,13650.0,-0.04,13695.77,-0.33,600000.0,12.0,684788500.0
20260709,20260706,A253280,RISE 헬스케어,일반,FnGuide 헬스케어 지수,50000.0,20160923,,7923.0,13205.0,-3.26,13279.37,-0.56,600000.0,12.0,663968500.0
20260709,20260707,A253280,RISE 헬스케어,일반,FnGuide 헬스케어 지수,50000.0,20160923,,8163.0,13605.0,3.03,13586.08,0.14,600000.0,12.0,679304000.0
20260709,20260708,A253280,RISE 헬스케어,일반,FnGuide 헬스케어 지수,50000.0,20160923,,7785.0,12975.0,-4.63,12974.74,0.0,600000.0,12.0,648737000.0
20260709,20260709,A253280,RISE 헬스케어,일반,FnGuide 헬스케어 지수,50000.0,20160923,,7641.0,12735.0,-1.85,12746.3,-0.09,600000.0,12.0,637315000.0
20260709,20260703,A261060,TIGER 코스닥150IT,일반,코스닥 150 정보기술,20000.0,20161215,,33761.0,25970.0,-0.21,25864.22,0.41,1300000.0,65.0,517284400.0
20260709,20260706,A261060,TIGER 코스닥150IT,일반,코스닥 150 정보기술,20000.0,20161215,,32683.2,24760.0,-4.66,24749.78,0.04,1320000.0,66.0,494995600.0
20260709,20260707,A261060,TIGER 코스닥150IT,일반,코스닥 150 정보기술,20000.0,20161215,,31026.6,23505.0,-5.07,23444.13,0.26,1320000.0,66.0,468882600.0
20260709,20260708,A261060,TIGER 코스닥150IT,일반,코스닥 150 정보기술,20000.0,20161215,,28842.0,21850.0,-7.04,21880.58,-0.14,1320000.0,66.0,437611600.00000006
20260709,20260709,A261060,TIGER 코스닥150IT,일반,코스닥 150 정보기술,20000.0,20161215,,29746.2,22535.0,3.14,22626.95,-0.41,1320000.0,66.0,452539000.0
20260709,20260703,A261070,TIGER 코스닥150바이오테크,일반,코스닥 150 생명기술,20000.0,20161215,,62955.0,13990.0,-1.69,13935.46,0.39,4500000.0,225.0,278709200.0
20260709,20260706,A261070,TIGER 코스닥150바이오테크,일반,코스닥 150 생명기술,20000.0,20161215,,60926.8,13420.0,-4.07,13472.88,-0.39,4540000.0,227.0,269457600.0
20260709,20260707,A261070,TIGER 코스닥150바이오테크,일반,코스닥 150 생명기술,20000.0,20161215,,62466.4,13820.0,2.98,13860.21,-0.29,4520000.0,226.0,277204200.0
20260709,20260708,A261070,TIGER 코스닥150바이오테크,일반,코스닥 150 생명기술,20000.0,20161215,,58339.0,12850.0,-7.02,12898.63,-0.38,4540000.0,227.0,257972599.99999997
20260709,20260709,A261070,TIGER 코스닥150바이오테크,일반,코스닥 150 생명기술,20000.0,20161215,,57960.0,12880.0,0.23,12867.75,0.1,4500000.0,225.0,257355000.0
20260709,20260703,A261140,TIGER 우선주,일반,코스피 우선주 지수,20000.0,20170106,,38276.1,26955.0,3.75,26824.2,0.49,1420000.0,71.0,536484000.0
20260709,20260706,A261140,TIGER 우선주,일반,코스피 우선주 지수,20000.0,20170106,,38553.0,27150.0,0.72,27204.29,-0.2,1420000.0,71.0,544085800.0
20260709,20260707,A261140,TIGER 우선주,일반,코스피 우선주 지수,20000.0,20170106,,36365.0,25975.0,-4.33,25859.21,0.45,1400000.0,70.0,517184200.0
20260709,20260708,A261140,TIGER 우선주,일반,코스피 우선주 지수,20000.0,20170106,,34580.0,24700.0,-4.91,24842.51,-0.57,1400000.0,70.0,496850199.99999994
20260709,20260709,A261140,TIGER 우선주,일반,코스피 우선주 지수,20000.0,20170106,,34041.0,24315.0,-1.56,24217.49,0.4,1400000.0,70.0,484349800.00000006
20260709,20260703,A266160,RISE 고배당,일반,FnGuide 고배당포커스 지수,50000.0,20170414,,243967.0,38420.0,6.43,38313.47,0.28,6350000.0,127.0,1915673500.0
20260709,20260706,A266160,RISE 고배당,일반,FnGuide 고배당포커스 지수,50000.0,20170414,,244348.0,38480.0,0.16,38492.09,-0.03,6350000.0,127.0,1924604499.9999998
20260709,20260707,A266160,RISE 고배당,일반,FnGuide 고배당포커스 지수,50000.0,20170414,,235775.5,37130.0,-3.51,37069.86,0.16,6350000.0,127.0,1853493000.0
20260709,20260708,A266160,RISE 고배당,일반,FnGuide 고배당포커스 지수,50000.0,20170414,,226695.0,35700.0,-3.85,35607.96,0.26,6350000.0,127.0,1780398000.0
20260709,20260709,A266160,RISE 고배당,일반,FnGuide 고배당포커스 지수,50000.0,20170414,,228250.75,35945.0,0.69,35756.07,0.53,6350000.0,127.0,1787803500.0
20260709,20260703,A266360,KODEX K콘텐츠,일반,KRX K콘텐츠,100000.0,20170328,,33610.5,10185.0,-2.02,10138.07,0.46,3300000.0,33.0,1013807000.0
20260709,20260706,A266360,KODEX K콘텐츠,일반,KRX K콘텐츠,100000.0,20170328,,33726.0,10220.0,0.34,10189.59,0.3,3300000.0,33.0,1018959000.0
20260709,20260707,A266360,KODEX K콘텐츠,일반,KRX K콘텐츠,100000.0,20170328,,34435.5,10435.0,2.1,10425.23,0.09,3300000.0,33.0,1042523000.0
20260709,20260708,A266360,KODEX K콘텐츠,일반,KRX K콘텐츠,100000.0,20170328,,34023.0,10310.0,-1.2,10283.23,0.26,3300000.0,33.0,1028323000.0
20260709,20260709,A266360,KODEX K콘텐츠,일반,KRX K콘텐츠,100000.0,20170328,,32620.5,9885.0,-4.12,9955.62,-0.71,3300000.0,33.0,995562000.0000001
20260709,20260703,A266370,KODEX IT,일반,KRX 정보기술,100000.0,20170328,,135192.0,84495.0,4.44,84804.34,-0.36,1600000.0,16.0,8480434000.0
20260709,20260706,A266370,KODEX IT,일반,KRX 정보기술,100000.0,20170328,,131768.0,82355.0,-2.53,82200.04,0.19,1600000.0,16.0,8220003999.999999
20260709,20260707,A266370,KODEX IT,일반,KRX 정보기술,100000.0,20170328,,130900.0,77000.0,-6.5,77119.72,-0.16,1700000.0,17.0,7711972000.0
20260709,20260708,A266370,KODEX IT,일반,KRX 정보기술,100000.0,20170328,,122459.5,72035.0,-6.45,71827.79,0.29,1700000.0,17.0,7182778999.999999
20260709,20260709,A266370,KODEX IT,일반,KRX 정보기술,100000.0,20170328,,125230.5,73665.0,2.26,73715.73,-0.07,1700000.0,17.0,7371573000.0
20260709,20260703,A266390,KODEX 경기소비재,일반,KRX 경기소비재,100000.0,20170328,,14836.5,16485.0,-0.63,16534.52,-0.3,900000.0,9.0,1653452000.0
20260709,20260706,A266390,KODEX 경기소비재,일반,KRX 경기소비재,100000.0,20170328,,14656.5,16285.0,-1.21,16377.09,-0.56,900000.0,9.0,1637709000.0
20260709,20260707,A266390,KODEX 경기소비재,일반,KRX 경기소비재,100000.0,20170328,,14917.5,16575.0,1.78,16662.3,-0.52,900000.0,9.0,1666230000.0
20260709,20260708,A266390,KODEX 경기소비재,일반,KRX 경기소비재,100000.0,20170328,,14638.5,16265.0,-1.87,16331.85,-0.41,900000.0,9.0,1633185000.0
20260709,20260709,A266390,KODEX 경기소비재,일반,KRX 경기소비재,100000.0,20170328,,13963.5,15515.0,-4.61,15611.56,-0.62,900000.0,9.0,1561156000.0
20260709,20260703,A266410,KODEX 필수소비재,일반,KRX 필수소비재,200000.0,20170328,,12810.0,9150.0,-1.61,9189.33,-0.43,1400000.0,7.0,1837866000.0
20260709,20260706,A266410,KODEX 필수소비재,일반,KRX 필수소비재,200000.0,20170328,,12761.0,9115.0,-0.38,9153.46,-0.42,1400000.0,7.0,1830691999.9999998
20260709,20260707,A266410,KODEX 필수소비재,일반,KRX 필수소비재,200000.0,20170328,,13426.0,9590.0,5.21,9599.35,-0.1,1400000.0,7.0,1919870000.0
20260709,20260708,A266410,KODEX 필수소비재,일반,KRX 필수소비재,200000.0,20170328,,13062.0,9330.0,-2.71,9371.66,-0.44,1400000.0,7.0,1874332000.0
20260709,20260709,A266410,KODEX 필수소비재,일반,KRX 필수소비재,200000.0,20170328,,12544.0,8960.0,-3.97,8998.92,-0.43,1400000.0,7.0,1799784000.0
20260709,20260703,A266420,KODEX 헬스케어,일반,KRX 헬스케어,100000.0,20170328,,73472.0,17920.0,0.9,17844.58,0.42,4100000.0,41.0,1784458000.0000002
20260709,20260706,A266420,KODEX 헬스케어,일반,KRX 헬스케어,100000.0,20170328,,70889.0,17290.0,-3.52,17284.59,0.03,4100000.0,41.0,1728459000.0
20260709,20260707,A266420,KODEX 헬스케어,일반,KRX 헬스케어,100000.0,20170328,,72037.0,17570.0,1.62,17638.69,-0.39,4100000.0,41.0,1763868999.9999998
20260709,20260708,A266420,KODEX 헬스케어,일반,KRX 헬스케어,100000.0,20170328,,68962.0,16820.0,-4.27,16843.63,-0.14,4100000.0,41.0,1684363000.0
20260709,20260709,A266420,KODEX 헬스케어,일반,KRX 헬스케어,100000.0,20170328,,68675.0,16750.0,-0.42,16604.6,0.88,4100000.0,41.0,1660459999.9999998
20260709,20260703,A266550,PLUS 중형주저변동50,일반,FnGuide 중형주저변동50지수,50000.0,20170328,,9322.5,18645.0,-0.53,18774.36,-0.69,500000.0,10.0,938718000.0
20260709,20260706,A266550,PLUS 중형주저변동50,일반,FnGuide 중형주저변동50지수,50000.0,20170328,,9365.0,18730.0,0.46,18780.01,-0.27,500000.0,10.0,939000499.9999999
20260709,20260707,A266550,PLUS 중형주저변동50,일반,FnGuide 중형주저변동50지수,50000.0,20170328,,4757.5,19030.0,1.6,18964.19,0.35,250000.0,5.0,948209499.9999999
20260709,20260708,A266550,PLUS 중형주저변동50,일반,FnGuide 중형주저변동50지수,50000.0,20170328,,4616.25,18465.0,-2.97,18491.76,-0.14,250000.0,5.0,924587999.9999999
20260709,20260709,A266550,PLUS 중형주저변동50,일반,FnGuide 중형주저변동50지수,50000.0,20170328,,4505.0,18020.0,-2.41,18178.7,-0.87,250000.0,5.0,908935000.0
20260709,20260703,A267770,TIGER 200선물레버리지,레버리지,코스피 200 선물레버리지지수,100000.0,20170425,,302280.0,137400.0,11.82,137469.57,-0.05,2200000.0,22.0,13746957000.0
20260709,20260706,A267770,TIGER 200선물레버리지,레버리지,코스피 200 선물레버리지지수,100000.0,20170425,,297440.0,135200.0,-1.6,135648.96,-0.33,2200000.0,22.0,13564896000.0
20260709,20260707,A267770,TIGER 200선물레버리지,레버리지,코스피 200 선물레버리지지수,100000.0,20170425,,268026.0,121830.0,-9.89,123594.38,-1.43,2200000.0,22.0,12359438000.0
20260709,20260708,A267770,TIGER 200선물레버리지,레버리지,코스피 200 선물레버리지지수,100000.0,20170425,,240009.0,109095.0,-10.45,108680.02,0.38,2200000.0,22.0,10868002000.0
20260709,20260709,A267770,TIGER 200선물레버리지,레버리지,코스피 200 선물레버리지지수,100000.0,20170425,,243639.0,110745.0,1.51,110463.83,0.25,2200000.0,22.0,11046383000.0
20260709,20260703,A270800,RISE KQ고배당,일반,FnGuide KQ고배당포커스지수,50000.0,20170707,,8698.25,15815.0,1.12,15909.99,-0.6,550000.0,11.0,795499500.0
20260709,20260706,A270800,RISE KQ고배당,일반,FnGuide KQ고배당포커스지수,50000.0,20170707,,8632.25,15695.0,-0.76,15717.28,-0.14,550000.0,11.0,785864000.0
20260709,20260707,A270800,RISE KQ고배당,일반,FnGuide KQ고배당포커스지수,50000.0,20170707,,8428.75,15325.0,-2.36,15464.76,-0.9,550000.0,11.0,773238000.0
20260709,20260708,A270800,RISE KQ고배당,일반,FnGuide KQ고배당포커스지수,50000.0,20170707,,8230.75,14965.0,-2.35,14966.5,-0.01,550000.0,11.0,748325000.0
20260709,20260709,A270800,RISE KQ고배당,일반,FnGuide KQ고배당포커스지수,50000.0,20170707,,8153.75,14825.0,-0.94,14892.11,-0.45,550000.0,11.0,744605500.0
20260709,20260703,A270810,RISE 코스닥150,일반,코스닥 150,20000.0,20170616,,347729.2,15145.0,-1.27,15183.81,-0.26,22960000.0,1148.0,303676200.0
20260709,20260706,A270810,RISE 코스닥150,일반,코스닥 150,20000.0,20170616,,335027.0,14630.0,-3.4,14700.7,-0.48,22900000.0,1145.0,294014000.0
20260709,20260707,A270810,RISE 코스닥150,일반,코스닥 150,20000.0,20170616,,329416.5,14385.0,-1.67,14465.32,-0.56,22900000.0,1145.0,289306400.0
20260709,20260708,A270810,RISE 코스닥150,일반,코스닥 150,20000.0,20170616,,309150.0,13500.0,-6.15,13508.43,-0.06,22900000.0,1145.0,270168600.0
20260709,20260709,A270810,RISE 코스닥150,일반,코스닥 150,20000.0,20170616,,314188.0,13720.0,1.63,13700.93,0.14,22900000.0,1145.0,274018600.0
20260709,20260703,A275280,KODEX 모멘텀주,일반,MSCI Korea IMI Momentum Capped,100000.0,20170711,,41804.0,52255.0,5.51,52041.06,0.41,800000.0,8.0,5204106000.0
20260709,20260706,A275280,KODEX 모멘텀주,일반,MSCI Korea IMI Momentum Capped,100000.0,20170711,,41104.0,51380.0,-1.67,51286.74,0.18,800000.0,8.0,5128674000.0
20260709,20260707,A275280,KODEX 모멘텀주,일반,MSCI Korea IMI Momentum Capped,100000.0,20170711,,38808.0,48510.0,-5.59,48324.78,0.38,800000.0,8.0,4832478000.0
20260709,20260708,A275280,KODEX 모멘텀주,일반,MSCI Korea IMI Momentum Capped,100000.0,20170711,,36092.0,45115.0,-7.0,45389.76,-0.61,800000.0,8.0,4538976000.0
20260709,20260709,A275280,KODEX 모멘텀주,일반,MSCI Korea IMI Momentum Capped,100000.0,20170711,,36960.0,46200.0,2.4,45938.7,0.57,800000.0,8.0,4593870000.0
20260709,20260703,A275290,KODEX 가치주,일반,MSCI Korea IMI Enhanced Value Capped,100000.0,20170711,,36436.5,40485.0,4.61,40317.56,0.42,900000.0,9.0,4031756000.0
20260709,20260706,A275290,KODEX 가치주,일반,MSCI Korea IMI Enhanced Value Capped,100000.0,20170711,,36004.5,40005.0,-1.19,40099.83,-0.24,900000.0,9.0,4009983000.0
20260709,20260707,A275290,KODEX 가치주,일반,MSCI Korea IMI Enhanced Value Capped,100000.0,20170711,,34258.5,38065.0,-4.85,38244.65,-0.47,900000.0,9.0,3824465000.0
20260709,20260708,A275290,KODEX 가치주,일반,MSCI Korea IMI Enhanced Value Capped,100000.0,20170711,,32706.0,36340.0,-4.53,36509.53,-0.46,900000.0,9.0,3650953000.0
20260709,20260709,A275290,KODEX 가치주,일반,MSCI Korea IMI Enhanced Value Capped,100000.0,20170711,,33237.0,36930.0,1.62,36782.68,0.4,900000.0,9.0,3678268000.0
20260709,20260703,A275300,KODEX 우량주,일반,MSCI Korea IMI Quality Capped,100000.0,20170711,,61676.0,36280.0,2.54,36143.37,0.38,1700000.0,17.0,3614337000.0000005
20260709,20260706,A275300,KODEX 우량주,일반,MSCI Korea IMI Quality Capped,100000.0,20170711,,60511.5,35595.0,-1.89,35658.05,-0.18,1700000.0,17.0,3565805000.0000005
20260709,20260707,A275300,KODEX 우량주,일반,MSCI Korea IMI Quality Capped,100000.0,20170711,,57273.0,33690.0,-5.35,33859.25,-0.5,1700000.0,17.0,3385925000.0
20260709,20260708,A275300,KODEX 우량주,일반,MSCI Korea IMI Quality Capped,100000.0,20170711,,54578.5,32105.0,-4.7,31981.69,0.39,1700000.0,17.0,3198169000.0
20260709,20260709,A275300,KODEX 우량주,일반,MSCI Korea IMI Quality Capped,100000.0,20170711,,54672.0,32160.0,0.17,32195.54,-0.11,1700000.0,17.0,3219554000.0
20260709,20260703,A275750,RISE 코스닥150선물인버스,인버스 1X,F-코스닥150 인버스지수,50000.0,20170801,,2223.0,2470.0,1.86,2472.83,-0.11,900000.0,18.0,123641500.0
20260709,20260706,A275750,RISE 코스닥150선물인버스,인버스 1X,F-코스닥150 인버스지수,50000.0,20170801,,2295.0,2550.0,3.24,2550.34,-0.01,900000.0,18.0,127517000.0
20260709,20260707,A275750,RISE 코스닥150선물인버스,인버스 1X,F-코스닥150 인버스지수,50000.0,20170801,,2326.5,2585.0,1.37,2592.97,-0.31,900000.0,18.0,129648499.99999999
20260709,20260708,A275750,RISE 코스닥150선물인버스,인버스 1X,F-코스닥150 인버스지수,50000.0,20170801,,2466.0,2740.0,6.0,2758.2,-0.66,900000.0,18.0,137910000.0
20260709,20260709,A275750,RISE 코스닥150선물인버스,인버스 1X,F-코스닥150 인버스지수,50000.0,20170801,,2416.5,2685.0,-2.01,2696.27,-0.42,900000.0,18.0,134813500.0
20260709,20260703,A277630,TIGER 코스피,일반,코스피지수,50000.0,20170831,,519213.75,84425.0,5.08,84391.03,0.04,6150000.0,123.0,4219551500.0
20260709,20260706,A277630,TIGER 코스피,일반,코스피지수,50000.0,20170831,,512125.5,83955.0,-0.56,84007.84,-0.06,6100000.0,122.0,4200392000.0
20260709,20260707,A277630,TIGER 코스피,일반,코스피지수,50000.0,20170831,,492922.5,80150.0,-4.53,79892.07,0.32,6150000.0,123.0,3994603500.0000005
20260709,20260708,A277630,TIGER 코스피,일반,코스피지수,50000.0,20170831,,463173.0,75930.0,-5.27,75618.04,0.41,6100000.0,122.0,3780901999.9999995
20260709,20260709,A277630,TIGER 코스피,일반,코스피지수,50000.0,20170831,,464118.5,76085.0,0.2,76097.14,-0.02,6100000.0,122.0,3804857000.0
20260709,20260703,A277640,TIGER 코스피대형주,일반,코스피 대형주 지수,50000.0,20170831,,82963.25,44845.0,5.21,44861.06,-0.04,1850000.0,37.0,2243053000.0
20260709,20260706,A277640,TIGER 코스피대형주,일반,코스피 대형주 지수,50000.0,20170831,,82325.0,44500.0,-0.77,44653.17,-0.34,1850000.0,37.0,2232658500.0
20260709,20260707,A277640,TIGER 코스피대형주,일반,코스피 대형주 지수,50000.0,20170831,,80028.0,42120.0,-5.35,42331.97,-0.5,1900000.0,38.0,2116598500.0
20260709,20260708,A277640,TIGER 코스피대형주,일반,코스피 대형주 지수,50000.0,20170831,,76104.5,40055.0,-4.9,40003.54,0.13,1900000.0,38.0,2000177000.0
20260709,20260709,A277640,TIGER 코스피대형주,일반,코스피 대형주 지수,50000.0,20170831,,76579.5,40305.0,0.62,40316.7,-0.03,1900000.0,38.0,2015834999.9999998
20260709,20260703,A277650,TIGER 코스피중형주,일반,코스피 중형주 지수,50000.0,20170831,,8556.0,21390.0,-1.2,21545.1,-0.72,400000.0,8.0,1077255000.0
20260709,20260706,A277650,TIGER 코스피중형주,일반,코스피 중형주 지수,50000.0,20170831,,8474.0,21185.0,-0.96,21419.44,-1.09,400000.0,8.0,1070971999.9999999
20260709,20260707,A277650,TIGER 코스피중형주,일반,코스피 중형주 지수,50000.0,20170831,,4213.0,21065.0,-0.57,21203.96,-0.66,200000.0,4.0,1060198000.0
20260709,20260708,A277650,TIGER 코스피중형주,일반,코스피 중형주 지수,50000.0,20170831,,4053.0,20265.0,-3.8,20405.67,-0.69,200000.0,4.0,1020283499.9999999
20260709,20260709,A277650,TIGER 코스피중형주,일반,코스피 중형주 지수,50000.0,20170831,,4023.0,20115.0,-0.74,20193.37,-0.39,200000.0,4.0,1009668500.0
20260709,20260703,A278240,RISE 코스닥150선물레버리지,레버리지,F-코스닥150 레버리지지수,10000.0,20170831,,68681.25,10175.0,-3.19,10121.93,0.52,6750000.0,675.0,101219300.0
20260709,20260706,A278240,RISE 코스닥150선물레버리지,레버리지,F-코스닥150 레버리지지수,10000.0,20170831,,65087.0,9700.0,-4.67,9476.99,2.35,6710000.0,671.0,94769900.0
20260709,20260707,A278240,RISE 코스닥150선물레버리지,레버리지,F-코스닥150 레버리지지수,10000.0,20170831,,61799.1,9210.0,-5.05,9160.1,0.54,6710000.0,671.0,91601000.0
20260709,20260708,A278240,RISE 코스닥150선물레버리지,레버리지,F-코스닥150 레버리지지수,10000.0,20170831,,54358.1,8065.0,-12.43,7991.36,0.92,6740000.0,674.0,79913600.0
20260709,20260709,A278240,RISE 코스닥150선물레버리지,레버리지,F-코스닥150 레버리지지수,10000.0,20170831,,56085.4,8260.0,2.42,8325.16,-0.78,6790000.0,679.0,83251600.0
20260709,20260703,A278530,KODEX 200TR,일반,코스피 200 TR지수,150000.0,20171121,,8869687.5,47305.0,6.09,47268.39,0.08,187500000.0,1250.0,7090258500.0
20260709,20260706,A278530,KODEX 200TR,일반,코스피 200 TR지수,150000.0,20171121,,8795145.75,46945.0,-0.76,47041.38,-0.2,187350000.0,1249.0,7056207000.0
20260709,20260707,A278530,KODEX 200TR,일반,코스피 200 TR지수,150000.0,20171121,,8375625.0,44670.0,-4.85,44583.78,0.19,187500000.0,1250.0,6687567000.0
20260709,20260708,A278530,KODEX 200TR,일반,코스피 200 TR지수,150000.0,20171121,,7931965.5,42270.0,-5.37,42139.03,0.31,187650000.0,1251.0,6320854500.0
20260709,20260709,A278530,KODEX 200TR,일반,코스피 200 TR지수,150000.0,20171121,,7991634.0,42520.0,0.59,42540.27,-0.05,187950000.0,1253.0,6381040499.999999
20260709,20260703,A278540,KODEX MSCI Korea TR,일반,MSCI Korea TR Index,100000.0,20171109,,3072587.5,46625.0,6.18,46602.9,0.05,65900000.0,659.0,4660290000.0
20260709,20260706,A278540,KODEX MSCI Korea TR,일반,MSCI Korea TR Index,100000.0,20171109,,3064350.0,46500.0,-0.27,46434.67,0.14,65900000.0,659.0,4643467000.0
20260709,20260707,A278540,KODEX MSCI Korea TR,일반,MSCI Korea TR Index,100000.0,20171109,,2890044.5,43855.0,-5.69,43884.67,-0.07,65900000.0,659.0,4388467000.0
20260709,20260708,A278540,KODEX MSCI Korea TR,일반,MSCI Korea TR Index,100000.0,20171109,,2588976.0,41490.0,-5.39,41423.56,0.16,62400000.0,624.0,4142356000.0
20260709,20260709,A278540,KODEX MSCI Korea TR,일반,MSCI Korea TR Index,100000.0,20171109,,2623750.0,41980.0,1.18,41871.03,0.26,62500000.0,625.0,4187103000.0
20260709,20260703,A279530,KODEX 고배당주,일반,FnGuide 고배당 Plus 지수,100000.0,20171017,,333830.0,17570.0,2.12,17596.72,-0.15,19000000.0,190.0,1759672000.0
20260709,20260706,A279530,KODEX 고배당주,일반,FnGuide 고배당 Plus 지수,100000.0,20171017,,334210.0,17590.0,0.11,17689.0,-0.56,19000000.0,190.0,1768900000.0
20260709,20260707,A279530,KODEX 고배당주,일반,FnGuide 고배당 Plus 지수,100000.0,20171017,,332860.0,17800.0,1.19,17844.23,-0.25,18700000.0,187.0,1784423000.0
20260709,20260708,A279530,KODEX 고배당주,일반,FnGuide 고배당 Plus 지수,100000.0,20171017,,324490.0,17540.0,-1.46,17517.46,0.13,18500000.0,185.0,1751746000.0
20260709,20260709,A279530,KODEX 고배당주,일반,FnGuide 고배당 Plus 지수,100000.0,20171017,,319060.5,17435.0,-0.6,17577.89,-0.81,18300000.0,183.0,1757789000.0
20260709,20260703,A279540,KODEX 최소변동성,일반,KRX 최소변동성 지수,100000.0,20171017,,14052.0,23420.0,1.63,23574.1,-0.65,600000.0,6.0,2357410000.0
20260709,20260706,A279540,KODEX 최소변동성,일반,KRX 최소변동성 지수,100000.0,20171017,,13878.0,23130.0,-1.24,23165.4,-0.15,600000.0,6.0,2316540000.0
20260709,20260707,A279540,KODEX 최소변동성,일반,KRX 최소변동성 지수,100000.0,20171017,,13569.0,22615.0,-2.23,22626.06,-0.05,600000.0,6.0,2262606000.0
20260709,20260708,A279540,KODEX 최소변동성,일반,KRX 최소변동성 지수,100000.0,20171017,,12939.0,21565.0,-4.64,21477.29,0.41,600000.0,6.0,2147729000.0
20260709,20260709,A279540,KODEX 최소변동성,일반,KRX 최소변동성 지수,100000.0,20171017,,12684.0,21140.0,-1.97,21482.12,-1.59,600000.0,6.0,2148212000.0
20260709,20260703,A280920,PLUS 주도업종,일반,FnGuide 주도업종 지수,50000.0,20171017,,14949.0,27180.0,3.66,27209.25,-0.11,550000.0,11.0,1360462500.0
20260709,20260706,A280920,PLUS 주도업종,일반,FnGuide 주도업종 지수,50000.0,20171017,,14514.5,26390.0,-2.91,27129.21,-2.72,550000.0,11.0,1356460500.0
20260709,20260707,A280920,PLUS 주도업종,일반,FnGuide 주도업종 지수,50000.0,20171017,,14074.5,25590.0,-3.03,25739.75,-0.58,550000.0,11.0,1286987500.0
20260709,20260708,A280920,PLUS 주도업종,일반,FnGuide 주도업종 지수,50000.0,20171017,,13282.5,24150.0,-5.63,24240.31,-0.37,550000.0,11.0,1212015500.0
20260709,20260709,A280920,PLUS 주도업종,일반,FnGuide 주도업종 지수,50000.0,20171017,,12875.5,23410.0,-3.06,23700.78,-1.23,550000.0,11.0,1185039000.0
20260709,20260703,A281990,RISE 중소형고배당,일반,FnGuide 중소형고배당포커스지수(시장가격지수),50000.0,20171102,,9688.25,17615.0,0.34,17649.16,-0.19,550000.0,11.0,882458000.0
20260709,20260706,A281990,RISE 중소형고배당,일반,FnGuide 중소형고배당포커스지수(시장가격지수),50000.0,20171102,,9685.5,17610.0,-0.03,17651.81,-0.24,550000.0,11.0,882590500.0000001
20260709,20260707,A281990,RISE 중소형고배당,일반,FnGuide 중소형고배당포커스지수(시장가격지수),50000.0,20171102,,9699.25,17635.0,0.14,17753.33,-0.67,550000.0,11.0,887666500.0000001
20260709,20260708,A281990,RISE 중소형고배당,일반,FnGuide 중소형고배당포커스지수(시장가격지수),50000.0,20171102,,9597.5,17450.0,-1.05,17441.14,0.05,550000.0,11.0,872057000.0
20260709,20260709,A281990,RISE 중소형고배당,일반,FnGuide 중소형고배당포커스지수(시장가격지수),50000.0,20171102,,9495.75,17265.0,-1.06,17365.52,-0.58,550000.0,11.0,868276000.0
20260709,20260703,A284980,RISE 200금융,일반,코스피 200 금융,20000.0,20171208,,20794.5,23105.0,3.59,23189.94,-0.37,900000.0,45.0,463798800.0
20260709,20260706,A284980,RISE 200금융,일반,코스피 200 금융,20000.0,20171208,,21100.5,23445.0,1.47,23498.05,-0.23,900000.0,45.0,469961000.0
20260709,20260707,A284980,RISE 200금융,일반,코스피 200 금융,20000.0,20171208,,20961.0,23290.0,-0.66,23487.96,-0.84,900000.0,45.0,469759200.0
20260709,20260708,A284980,RISE 200금융,일반,코스피 200 금융,20000.0,20171208,,20565.0,22850.0,-1.89,22806.94,0.19,900000.0,45.0,456138800.0
20260709,20260709,A284980,RISE 200금융,일반,코스피 200 금융,20000.0,20171208,,20025.0,22250.0,-2.63,22247.45,0.01,900000.0,45.0,444949000.0
20260709,20260703,A285690,FOCUS ESG리더스,일반,KRX ESG Leaders 150,50000.0,20171213,,8111.25,23175.0,1.44,23135.9,0.17,350000.0,7.0,1156795000.0
20260709,20260706,A285690,FOCUS ESG리더스,일반,KRX ESG Leaders 150,50000.0,20171213,,8048.25,22995.0,-0.78,22903.51,0.4,350000.0,7.0,1145175500.0
20260709,20260707,A285690,FOCUS ESG리더스,일반,KRX ESG Leaders 150,50000.0,20171213,,7777.0,22220.0,-3.37,22384.46,-0.73,350000.0,7.0,1119223000.0
20260709,20260708,A285690,FOCUS ESG리더스,일반,KRX ESG Leaders 150,50000.0,20171213,,7486.5,21390.0,-3.74,21399.86,-0.05,350000.0,7.0,1069993000.0
20260709,20260709,A285690,FOCUS ESG리더스,일반,KRX ESG Leaders 150,50000.0,20171213,,7465.5,21330.0,-0.28,21130.56,0.94,350000.0,7.0,1056528000.0000001
20260709,20260703,A289040,KODEX MSCI KOREA ESG유니버설,일반,MSCI Korea ESG Universal Capped Index,100000.0,20180207,,23676.0,39460.0,2.45,39310.92,0.38,600000.0,6.0,3931092000.0
20260709,20260706,A289040,KODEX MSCI KOREA ESG유니버설,일반,MSCI Korea ESG Universal Capped Index,100000.0,20180207,,23244.0,38740.0,-1.82,38950.06,-0.54,600000.0,6.0,3895006000.0
20260709,20260707,A289040,KODEX MSCI KOREA ESG유니버설,일반,MSCI Korea ESG Universal Capped Index,100000.0,20180207,,22158.0,36930.0,-4.67,37157.04,-0.61,600000.0,6.0,3715704000.0
20260709,20260708,A289040,KODEX MSCI KOREA ESG유니버설,일반,MSCI Korea ESG Universal Capped Index,100000.0,20180207,,21309.0,35515.0,-3.83,35180.8,0.95,600000.0,6.0,3518080000.0000005
20260709,20260709,A289040,KODEX MSCI KOREA ESG유니버설,일반,MSCI Korea ESG Universal Capped Index,100000.0,20180207,,21339.0,35565.0,0.14,35446.3,0.33,600000.0,6.0,3544630000.0000005
20260709,20260703,A289250,TIGER MSCI KOREA ESG유니버설,일반,MSCI Korea ESG Universal Index,30000.0,20180207,,27218.4,41240.0,5.51,41237.96,0.0,660000.0,22.0,1237138800.0
20260709,20260706,A289250,TIGER MSCI KOREA ESG유니버설,일반,MSCI Korea ESG Universal Index,30000.0,20180207,,28172.7,40830.0,-0.99,40812.74,0.04,690000.0,23.0,1224382200.0
20260709,20260707,A289250,TIGER MSCI KOREA ESG유니버설,일반,MSCI Korea ESG Universal Index,30000.0,20180207,,26696.1,38690.0,-5.24,38914.1,-0.58,690000.0,23.0,1167423000.0
20260709,20260708,A289250,TIGER MSCI KOREA ESG유니버설,일반,MSCI Korea ESG Universal Index,30000.0,20180207,,25367.85,36765.0,-4.98,36866.28,-0.27,690000.0,23.0,1105988400.0
20260709,20260709,A289250,TIGER MSCI KOREA ESG유니버설,일반,MSCI Korea ESG Universal Index,30000.0,20180207,,25385.1,36790.0,0.07,37164.6,-1.01,690000.0,23.0,1114938000.0
20260709,20260703,A289260,TIGER MSCI KOREA ESG리더스,일반,MSCI Korea Country ESG Leaders Capped Index,30000.0,20180207,,20466.0,34110.0,4.12,34044.8,0.19,600000.0,20.0,1021344000.0000001
20260709,20260706,A289260,TIGER MSCI KOREA ESG리더스,일반,MSCI Korea Country ESG Leaders Capped Index,30000.0,20180207,,19848.0,33080.0,-3.02,33050.71,0.09,600000.0,20.0,991521300.0
20260709,20260707,A289260,TIGER MSCI KOREA ESG리더스,일반,MSCI Korea Country ESG Leaders Capped Index,30000.0,20180207,,18828.0,31380.0,-5.14,31614.53,-0.74,600000.0,20.0,948435900.0
20260709,20260708,A289260,TIGER MSCI KOREA ESG리더스,일반,MSCI Korea Country ESG Leaders Capped Index,30000.0,20180207,,18030.0,30050.0,-4.24,29955.81,0.31,600000.0,20.0,898674300.0
20260709,20260709,A289260,TIGER MSCI KOREA ESG리더스,일반,MSCI Korea Country ESG Leaders Capped Index,30000.0,20180207,,18096.0,30160.0,0.37,30321.92,-0.53,600000.0,20.0,909657600.0
20260709,20260703,A289480,TIGER 200커버드콜,일반,코스피 200 커버드콜 ATM 지수,100000.0,20180209,,28819.0,12530.0,5.69,12690.31,-1.26,2300000.0,23.0,1269031000.0
20260709,20260706,A289480,TIGER 200커버드콜,일반,코스피 200 커버드콜 ATM 지수,100000.0,20180209,,29118.0,12660.0,1.04,12717.39,-0.45,2300000.0,23.0,1271739000.0
20260709,20260707,A289480,TIGER 200커버드콜,일반,코스피 200 커버드콜 ATM 지수,100000.0,20180209,,28520.0,12400.0,-2.05,12634.55,-1.86,2300000.0,23.0,1263455000.0
20260709,20260708,A289480,TIGER 200커버드콜,일반,코스피 200 커버드콜 ATM 지수,100000.0,20180209,,27991.0,12170.0,-1.85,12255.64,-0.7,2300000.0,23.0,1225564000.0
20260709,20260709,A289480,TIGER 200커버드콜,일반,코스피 200 커버드콜 ATM 지수,100000.0,20180209,,28347.5,12325.0,1.27,12403.35,-0.63,2300000.0,23.0,1240335000.0
20260709,20260703,A290080,RISE 200고배당커버드콜ATM,일반,코스피 200 고배당커버드콜 ATM 지수(시장가격지수),50000.0,20180227,,11243.75,6425.0,3.63,6423.3,0.03,1750000.0,35.0,321165000.0
20260709,20260706,A290080,RISE 200고배당커버드콜ATM,일반,코스피 200 고배당커버드콜 ATM 지수(시장가격지수),50000.0,20180227,,11191.25,6395.0,-0.47,6497.05,-1.57,1750000.0,35.0,324852500.0
20260709,20260707,A290080,RISE 200고배당커버드콜ATM,일반,코스피 200 고배당커버드콜 ATM 지수(시장가격지수),50000.0,20180227,,11506.25,6575.0,2.81,6806.39,-3.4,1750000.0,35.0,340319500.0
20260709,20260708,A290080,RISE 200고배당커버드콜ATM,일반,코스피 200 고배당커버드콜 ATM 지수(시장가격지수),50000.0,20180227,,11725.0,6700.0,1.9,6807.55,-1.58,1750000.0,35.0,340377500.0
20260709,20260709,A290080,RISE 200고배당커버드콜ATM,일반,코스피 200 고배당커버드콜 ATM 지수(시장가격지수),50000.0,20180227,,11646.25,6655.0,-0.67,6732.56,-1.15,1750000.0,35.0,336628000.0
20260709,20260703,A290130,RISE ESG사회책임투자,일반,KRX ESG 사회책임경영(S)지수,50000.0,20180227,,696420.0,58035.0,5.45,57921.6,0.2,12000000.0,240.0,2896080000.0
20260709,20260706,A290130,RISE ESG사회책임투자,일반,KRX ESG 사회책임경영(S)지수,50000.0,20180227,,717797.25,57195.0,-1.45,57237.42,-0.07,12550000.0,251.0,2861871000.0
20260709,20260707,A290130,RISE ESG사회책임투자,일반,KRX ESG 사회책임경영(S)지수,50000.0,20180227,,703134.0,53880.0,-5.8,54082.38,-0.37,13050000.0,261.0,2704119000.0
20260709,20260708,A290130,RISE ESG사회책임투자,일반,KRX ESG 사회책임경영(S)지수,50000.0,20180227,,683253.0,51180.0,-5.01,51054.19,0.25,13350000.0,267.0,2552709500.0
20260709,20260709,A290130,RISE ESG사회책임투자,일반,KRX ESG 사회책임경영(S)지수,50000.0,20180227,,706226.0,52120.0,1.84,51905.53,0.41,13550000.0,271.0,2595276500.0
20260709,20260703,A291620,KIWOOM 코스닥150선물인버스,인버스 1X,F-코스닥150 인버스지수,10000.0,20180316,,2610.0,4350.0,1.4,4359.69,-0.22,600000.0,60.0,43596899.99999999
20260709,20260706,A291620,KIWOOM 코스닥150선물인버스,인버스 1X,F-코스닥150 인버스지수,10000.0,20180316,,2697.0,4495.0,3.33,4496.05,-0.02,600000.0,60.0,44960500.0
20260709,20260707,A291620,KIWOOM 코스닥150선물인버스,인버스 1X,F-코스닥150 인버스지수,10000.0,20180316,,2733.0,4555.0,1.33,4571.34,-0.36,600000.0,60.0,45713400.0
20260709,20260708,A291620,KIWOOM 코스닥150선물인버스,인버스 1X,F-코스닥150 인버스지수,10000.0,20180316,,2764.5,4850.0,6.48,4864.37,-0.3,570000.0,57.0,48643700.0
20260709,20260709,A291620,KIWOOM 코스닥150선물인버스,인버스 1X,F-코스닥150 인버스지수,10000.0,20180316,,2713.2,4760.0,-1.86,4755.82,0.09,570000.0,57.0,47558200.0
20260709,20260703,A291630,KIWOOM 코스닥150선물레버리지,레버리지,F-코스닥150 레버리지지수,10000.0,20180316,,4854.8,4580.0,-4.58,4521.87,1.29,1060000.0,106.0,45218700.0
20260709,20260706,A291630,KIWOOM 코스닥150선물레버리지,레버리지,F-코스닥150 레버리지지수,10000.0,20180316,,4531.5,4275.0,-6.66,4236.97,0.9,1060000.0,106.0,42369700.0
20260709,20260707,A291630,KIWOOM 코스닥150선물레버리지,레버리지,F-코스닥150 레버리지지수,10000.0,20180316,,4404.3,4155.0,-2.81,4099.11,1.36,1060000.0,106.0,40991100.0
20260709,20260708,A291630,KIWOOM 코스닥150선물레버리지,레버리지,F-코스닥150 레버리지지수,10000.0,20180316,,3978.5,3650.0,-12.15,3575.78,2.08,1090000.0,109.0,35757800.0
20260709,20260709,A291630,KIWOOM 코스닥150선물레버리지,레버리지,F-코스닥150 레버리지지수,10000.0,20180316,,4121.6,3680.0,0.82,3731.65,-1.38,1120000.0,112.0,37316500.0
20260709,20260703,A292050,RISE KRX300,일반,KRX 300,50000.0,20180326,,20671.0,59060.0,5.96,58998.73,0.1,350000.0,7.0,2949936500.0
20260709,20260706,A292050,RISE KRX300,일반,KRX 300,50000.0,20180326,,20552.0,58720.0,-0.58,58658.16,0.11,350000.0,7.0,2932908000.0
20260709,20260707,A292050,RISE KRX300,일반,KRX 300,50000.0,20180326,,19360.25,55315.0,-5.8,55664.89,-0.63,350000.0,7.0,2783244500.0
20260709,20260708,A292050,RISE KRX300,일반,KRX 300,50000.0,20180326,,18480.0,52800.0,-4.55,52553.88,0.47,350000.0,7.0,2627694000.0
20260709,20260709,A292050,RISE KRX300,일반,KRX 300,50000.0,20180326,,18480.0,52800.0,0.0,53111.88,-0.59,350000.0,7.0,2655594000.0
20260709,20260703,A292150,TIGER 코리아TOP10,일반,FnGuide TOP10 지수,50000.0,20180330,,2368756.5,46310.0,6.71,46064.42,0.53,51150000.0,1023.0,2303221000.0
20260709,20260706,A292150,TIGER 코리아TOP10,일반,FnGuide TOP10 지수,50000.0,20180330,,2361088.0,46115.0,-0.42,45867.74,0.54,51200000.0,1024.0,2293387000.0
20260709,20260707,A292150,TIGER 코리아TOP10,일반,FnGuide TOP10 지수,50000.0,20180330,,2268696.75,43755.0,-5.12,43677.73,0.18,51850000.0,1037.0,2183886500.0
20260709,20260708,A292150,TIGER 코리아TOP10,일반,FnGuide TOP10 지수,50000.0,20180330,,2152012.5,41625.0,-4.87,41489.05,0.33,51700000.0,1034.0,2074452500.0000002
20260709,20260709,A292150,TIGER 코리아TOP10,일반,FnGuide TOP10 지수,50000.0,20180330,,2164162.0,41860.0,0.56,41887.37,-0.07,51700000.0,1034.0,2094368500.0000002
20260709,20260703,A292160,TIGER KRX300,일반,KRX 300,100000.0,20180326,,28935.0,57870.0,7.03,57606.91,0.46,500000.0,5.0,5760691000.0
20260709,20260706,A292160,TIGER KRX300,일반,KRX 300,100000.0,20180326,,28725.0,57450.0,-0.73,57276.53,0.3,500000.0,5.0,5727653000.0
20260709,20260707,A292160,TIGER KRX300,일반,KRX 300,100000.0,20180326,,27085.0,54170.0,-5.71,54368.41,-0.36,500000.0,5.0,5436841000.0
20260709,20260708,A292160,TIGER KRX300,일반,KRX 300,100000.0,20180326,,25787.5,51575.0,-4.79,51354.26,0.43,500000.0,5.0,5135426000.0
20260709,20260709,A292160,TIGER KRX300,일반,KRX 300,100000.0,20180326,,26137.5,52275.0,1.36,51875.19,0.77,500000.0,5.0,5187519000.0
20260709,20260703,A292190,KODEX KRX300,일반,KRX 300,100000.0,20180326,,97308.0,57240.0,5.15,57464.46,-0.39,1700000.0,17.0,5746446000.0
20260709,20260706,A292190,KODEX KRX300,일반,KRX 300,100000.0,20180326,,96679.0,56870.0,-0.65,57137.39,-0.47,1700000.0,17.0,5713739000.0
20260709,20260707,A292190,KODEX KRX300,일반,KRX 300,100000.0,20180326,,86256.0,53910.0,-5.2,54218.57,-0.57,1600000.0,16.0,5421857000.0
20260709,20260708,A292190,KODEX KRX300,일반,KRX 300,100000.0,20180326,,81776.0,51110.0,-5.19,51195.67,-0.17,1600000.0,16.0,5119567000.0
20260709,20260709,A292190,KODEX KRX300,일반,KRX 300,100000.0,20180326,,82576.0,51610.0,0.98,51731.33,-0.23,1600000.0,16.0,5173133000.0
20260709,20260703,A292500,SOL KRX300,일반,KRX 300,100000.0,20180326,,29482.5,58965.0,7.06,58724.41,0.41,500000.0,5.0,5872441000.0
20260709,20260706,A292500,SOL KRX300,일반,KRX 300,100000.0,20180326,,29072.5,58145.0,-1.39,58380.32,-0.4,500000.0,5.0,5838032000.0
20260709,20260707,A292500,SOL KRX300,일반,KRX 300,100000.0,20180326,,27562.5,55125.0,-5.19,55412.01,-0.52,500000.0,5.0,5541201000.0
20260709,20260708,A292500,SOL KRX300,일반,KRX 300,100000.0,20180326,,26095.0,52190.0,-5.32,52334.94,-0.28,500000.0,5.0,5233494000.0
20260709,20260709,A292500,SOL KRX300,일반,KRX 300,100000.0,20180326,,26135.0,52270.0,0.15,52850.07,-1.1,500000.0,5.0,5285007000.0
20260709,20260703,A293180,HANARO 200,일반,코스피 200,50000.0,20180330,,596209.25,131035.0,5.69,131018.69,0.01,4550000.0,91.0,6550934500.0
20260709,20260706,A293180,HANARO 200,일반,코스피 200,50000.0,20180330,,593138.0,130360.0,-0.52,130395.88,-0.03,4550000.0,91.0,6519794000.0
20260709,20260707,A293180,HANARO 200,일반,코스피 200,50000.0,20180330,,564131.75,123985.0,-4.89,123619.77,0.3,4550000.0,91.0,6180988500.0
20260709,20260708,A293180,HANARO 200,일반,코스피 200,50000.0,20180330,,521050.5,117090.0,-5.56,116838.27,0.22,4450000.0,89.0,5841913500.0
20260709,20260709,A293180,HANARO 200,일반,코스피 200,50000.0,20180330,,524922.0,117960.0,0.74,117978.66,-0.02,4450000.0,89.0,5898933000.0
20260709,20260703,A294400,KIWOOM 200TR,일반,코스피 200 TR지수,50000.0,20180423,,2178367.5,171525.0,5.81,171200.02,0.19,12700000.0,254.0,8560000999.999999
20260709,20260706,A294400,KIWOOM 200TR,일반,코스피 200 TR지수,50000.0,20180423,,2156635.25,170485.0,-0.61,170372.58,0.07,12650000.0,253.0,8518628999.999999
20260709,20260707,A294400,KIWOOM 200TR,일반,코스피 200 TR지수,50000.0,20180423,,2048983.75,161975.0,-4.99,161477.83,0.31,12650000.0,253.0,8073891499.999999
20260709,20260708,A294400,KIWOOM 200TR,일반,코스피 200 TR지수,50000.0,20180423,,1943671.5,153045.0,-5.51,152674.22,0.24,12700000.0,254.0,7633711000.0
20260709,20260709,A294400,KIWOOM 200TR,일반,코스피 200 TR지수,50000.0,20180423,,1960880.0,154400.0,0.89,154152.76,0.16,12700000.0,254.0,7707638000.0
20260709,20260703,A295040,SOL 200TR,일반,코스피 200 TR지수,150000.0,20180423,,976552.5,48950.0,5.81,48949.49,0.0,19950000.0,133.0,7342423500.0
20260709,20260706,A295040,SOL 200TR,일반,코스피 200 TR지수,150000.0,20180423,,985871.25,48685.0,-0.54,48710.39,-0.05,20250000.0,135.0,7306558500.0
20260709,20260707,A295040,SOL 200TR,일반,코스피 200 TR지수,150000.0,20180423,,953314.5,46390.0,-4.71,46191.11,0.43,20550000.0,137.0,6928666500.0
20260709,20260708,A295040,SOL 200TR,일반,코스피 200 TR지수,150000.0,20180423,,912917.25,43785.0,-5.62,43639.13,0.33,20850000.0,139.0,6545869500.0
20260709,20260709,A295040,SOL 200TR,일반,코스피 200 TR지수,150000.0,20180423,,917608.5,44010.0,0.51,44065.61,-0.13,20850000.0,139.0,6609841500.0
20260709,20260703,A300610,TIGER K게임,일반,WISE K게임 테마 지수,50000.0,20180724,,13716.0,5715.0,-0.17,5684.73,0.53,2400000.0,48.0,284236500.0
20260709,20260706,A300610,TIGER K게임,일반,WISE K게임 테마 지수,50000.0,20180724,,13560.0,5650.0,-1.14,5664.5,-0.26,2400000.0,48.0,283225000.0
20260709,20260707,A300610,TIGER K게임,일반,WISE K게임 테마 지수,50000.0,20180724,,13740.0,5725.0,1.33,5753.49,-0.5,2400000.0,48.0,287674500.0
20260709,20260708,A300610,TIGER K게임,일반,WISE K게임 테마 지수,50000.0,20180724,,13704.0,5710.0,-0.26,5706.87,0.05,2400000.0,48.0,285343500.0
20260709,20260709,A300610,TIGER K게임,일반,WISE K게임 테마 지수,50000.0,20180724,,12784.0,5440.0,-4.73,5655.97,-3.82,2350000.0,47.0,282798500.0
20260709,20260703,A300640,RISE 게임테마,일반,WISE 게임 테마 지수 (시장가격지수),50000.0,20180724,,23063.25,6685.0,-2.05,6728.78,-0.65,3450000.0,69.0,336439000.0
20260709,20260706,A300640,RISE 게임테마,일반,WISE 게임 테마 지수 (시장가격지수),50000.0,20180724,,23063.25,6685.0,0.0,6718.81,-0.5,3450000.0,69.0,335940500.0
20260709,20260707,A300640,RISE 게임테마,일반,WISE 게임 테마 지수 (시장가격지수),50000.0,20180724,,23563.5,6830.0,2.17,6828.26,0.03,3450000.0,69.0,341413000.0
20260709,20260708,A300640,RISE 게임테마,일반,WISE 게임 테마 지수 (시장가격지수),50000.0,20180724,,23218.5,6730.0,-1.46,6765.48,-0.52,3450000.0,69.0,338274000.0
20260709,20260709,A300640,RISE 게임테마,일반,WISE 게임 테마 지수 (시장가격지수),50000.0,20180724,,23097.75,6695.0,-0.52,6709.54,-0.22,3450000.0,69.0,335477000.0
20260709,20260703,A300950,KODEX 게임산업,일반,FnGuide 게임 산업 지수,100000.0,20180724,,27278.0,5930.0,-1.5,5906.06,0.41,4600000.0,46.0,590606000.0
20260709,20260706,A300950,KODEX 게임산업,일반,FnGuide 게임 산업 지수,100000.0,20180724,,27002.0,5870.0,-1.01,5863.55,0.11,4600000.0,46.0,586355000.0
20260709,20260707,A300950,KODEX 게임산업,일반,FnGuide 게임 산업 지수,100000.0,20180724,,27554.0,5990.0,2.04,6001.77,-0.2,4600000.0,46.0,600177000.0
20260709,20260708,A300950,KODEX 게임산업,일반,FnGuide 게임 산업 지수,100000.0,20180724,,26752.5,5945.0,-0.75,5971.5,-0.44,4500000.0,45.0,597150000.0
20260709,20260709,A300950,KODEX 게임산업,일반,FnGuide 게임 산업 지수,100000.0,20180724,,26460.0,5880.0,-1.09,5872.38,0.13,4500000.0,45.0,587238000.0
20260709,20260703,A301400,PLUS 코스닥150,일반,코스닥 150,50000.0,20180705,,10766.0,15380.0,-1.13,15429.67,-0.32,700000.0,14.0,771483500.0
20260709,20260706,A301400,PLUS 코스닥150,일반,코스닥 150,50000.0,20180705,,10402.0,14860.0,-3.38,14937.37,-0.52,700000.0,14.0,746868500.0
20260709,20260707,A301400,PLUS 코스닥150,일반,코스닥 150,50000.0,20180705,,10279.5,14685.0,-1.18,14697.71,-0.09,700000.0,14.0,734885500.0
20260709,20260708,A301400,PLUS 코스닥150,일반,코스닥 150,50000.0,20180705,,9611.0,13730.0,-6.5,13723.23,0.05,700000.0,14.0,686161500.0
20260709,20260709,A301400,PLUS 코스닥150,일반,코스닥 150,50000.0,20180705,,9716.0,13880.0,1.09,13918.44,-0.28,700000.0,14.0,695922000.0
20260709,20260703,A302450,RISE 코스피,일반,코스피지수,50000.0,20180724,,248316.25,84175.0,2.46,83878.35,0.35,2950000.0,59.0,4193917500.0000005
20260709,20260706,A302450,RISE 코스피,일반,코스피지수,50000.0,20180724,,245027.0,83060.0,-1.32,83498.1,-0.52,2950000.0,59.0,4174905000.0000005
20260709,20260707,A302450,RISE 코스피,일반,코스피지수,50000.0,20180724,,234952.75,79645.0,-4.11,79381.96,0.33,2950000.0,59.0,3969098000.0000005
20260709,20260708,A302450,RISE 코스피,일반,코스피지수,50000.0,20180724,,220925.5,74890.0,-5.97,75100.89,-0.28,2950000.0,59.0,3755044500.0
20260709,20260709,A302450,RISE 코스피,일반,코스피지수,50000.0,20180724,,220586.25,74775.0,-0.15,75603.28,-1.1,2950000.0,59.0,3780164000.0
20260709,20260703,A304760,HANARO KRX300,일반,KRX 300,50000.0,20180814,,22464.0,56160.0,1.65,56493.36,-0.59,400000.0,8.0,2824668000.0
20260709,20260706,A304760,HANARO KRX300,일반,KRX 300,50000.0,20180814,,22558.0,56395.0,0.42,56165.56,0.41,400000.0,8.0,2808278000.0
20260709,20260707,A304760,HANARO KRX300,일반,KRX 300,50000.0,20180814,,21214.0,53035.0,-5.96,53315.49,-0.53,400000.0,8.0,2665774500.0
20260709,20260708,A304760,HANARO KRX300,일반,KRX 300,50000.0,20180814,,20238.0,50595.0,-4.6,50368.82,0.45,400000.0,8.0,2518441000.0
20260709,20260709,A304760,HANARO KRX300,일반,KRX 300,50000.0,20180814,,20466.0,51165.0,1.13,50868.42,0.58,400000.0,8.0,2543421000.0
20260709,20260703,A304770,HANARO 코스닥150,일반,코스닥 150,20000.0,20180814,,22199.3,15205.0,-0.91,15287.53,-0.54,1460000.0,73.0,305750600.0
20260709,20260706,A304770,HANARO 코스닥150,일반,코스닥 150,20000.0,20180814,,21527.7,14745.0,-3.03,14802.75,-0.39,1460000.0,73.0,296055000.0
20260709,20260707,A304770,HANARO 코스닥150,일반,코스닥 150,20000.0,20180814,,21191.9,14515.0,-1.56,14567.13,-0.36,1460000.0,73.0,291342600.0
20260709,20260708,A304770,HANARO 코스닥150,일반,코스닥 150,20000.0,20180814,,19834.1,13585.0,-6.41,13608.25,-0.17,1460000.0,73.0,272165000.0
20260709,20260709,A304770,HANARO 코스닥150,일반,코스닥 150,20000.0,20180814,,20067.7,13745.0,1.18,13801.63,-0.41,1460000.0,73.0,276032600.0
20260709,20260703,A304780,HANARO 200선물레버리지,레버리지,코스피 200 선물레버리지지수,50000.0,20180814,,90729.0,201620.0,11.81,201494.19,0.06,450000.0,9.0,10074709500.0
20260709,20260706,A304780,HANARO 200선물레버리지,레버리지,코스피 200 선물레버리지지수,50000.0,20180814,,88425.0,196500.0,-2.54,198859.05,-1.19,450000.0,9.0,9942952500.0
20260709,20260707,A304780,HANARO 200선물레버리지,레버리지,코스피 200 선물레버리지지수,50000.0,20180814,,80523.0,178940.0,-8.94,180961.63,-1.12,450000.0,9.0,9048081500.0
20260709,20260708,A304780,HANARO 200선물레버리지,레버리지,코스피 200 선물레버리지지수,50000.0,20180814,,71988.75,159975.0,-10.6,159312.26,0.42,450000.0,9.0,7965613000.0
20260709,20260709,A304780,HANARO 200선물레버리지,레버리지,코스피 200 선물레버리지지수,50000.0,20180814,,72895.5,161990.0,1.26,161883.63,0.07,450000.0,9.0,8094181500.0
20260709,20260703,A305050,ACE 코스피,일반,코스피지수,50000.0,20181005,,50592.0,84320.0,5.53,83952.74,0.44,600000.0,12.0,4197637000.0000005
20260709,20260706,A305050,ACE 코스피,일반,코스피지수,50000.0,20181005,,49959.0,83265.0,-1.25,83570.27,-0.37,600000.0,12.0,4178513500.0
20260709,20260707,A305050,ACE 코스피,일반,코스피지수,50000.0,20181005,,47487.0,79145.0,-4.95,79467.72,-0.41,600000.0,12.0,3973386000.0
20260709,20260708,A305050,ACE 코스피,일반,코스피지수,50000.0,20181005,,45321.0,75535.0,-4.56,75212.24,0.43,600000.0,12.0,3760612000.0000005
20260709,20260709,A305050,ACE 코스피,일반,코스피지수,50000.0,20181005,,45828.0,76380.0,1.12,75685.73,0.92,600000.0,12.0,3784286500.0
20260709,20260703,A305540,TIGER 2차전지테마,일반,WISE 2차전지 테마 지수,50000.0,20180912,,891000.0,18000.0,0.73,17925.93,0.41,49500000.0,990.0,896296500.0
20260709,20260706,A305540,TIGER 2차전지테마,일반,WISE 2차전지 테마 지수,50000.0,20180912,,875017.75,17695.0,-1.69,17631.65,0.36,49450000.0,989.0,881582500.0000001
20260709,20260707,A305540,TIGER 2차전지테마,일반,WISE 2차전지 테마 지수,50000.0,20180912,,854122.5,17255.0,-2.49,17235.33,0.11,49500000.0,990.0,861766500.0000001
20260709,20260708,A305540,TIGER 2차전지테마,일반,WISE 2차전지 테마 지수,50000.0,20180912,,808408.25,16315.0,-5.45,16247.92,0.41,49550000.0,991.0,812396000.0
20260709,20260709,A305540,TIGER 2차전지테마,일반,WISE 2차전지 테마 지수,50000.0,20180912,,804578.25,16205.0,-0.67,16112.87,0.57,49650000.0,993.0,805643500.0
20260709,20260703,A305720,KODEX 2차전지산업,일반,FnGuide 2차전지 산업 지수,100000.0,20180912,,1659743.5,14395.0,1.37,14328.94,0.46,115300000.0,1153.0,1432894000.0
20260709,20260706,A305720,KODEX 2차전지산업,일반,FnGuide 2차전지 산업 지수,100000.0,20180912,,1579760.0,14105.0,-2.01,14063.2,0.3,112000000.0,1120.0,1406320000.0
20260709,20260707,A305720,KODEX 2차전지산업,일반,FnGuide 2차전지 산업 지수,100000.0,20180912,,1518561.5,13595.0,-3.62,13696.95,-0.74,111700000.0,1117.0,1369695000.0
20260709,20260708,A305720,KODEX 2차전지산업,일반,FnGuide 2차전지 산업 지수,100000.0,20180912,,1447875.0,12870.0,-5.33,12901.03,-0.24,112500000.0,1125.0,1290103000.0
20260709,20260709,A305720,KODEX 2차전지산업,일반,FnGuide 2차전지 산업 지수,100000.0,20180912,,1432775.0,12850.0,-0.16,12796.72,0.42,111500000.0,1115.0,1279672000.0
20260709,20260703,A306520,HANARO 200선물인버스,인버스 1X,코스피 200 선물인버스 지수,50000.0,20180918,,1305.0,2175.0,-5.23,2184.61,-0.44,600000.0,12.0,109230500.0
20260709,20260706,A306520,HANARO 200선물인버스,인버스 1X,코스피 200 선물인버스 지수,50000.0,20180918,,1323.0,2205.0,1.38,2198.67,0.29,600000.0,12.0,109933500.0
20260709,20260707,A306520,HANARO 200선물인버스,인버스 1X,코스피 200 선물인버스 지수,50000.0,20180918,,1389.0,2315.0,4.99,2292.82,0.97,600000.0,12.0,114641000.00000001
20260709,20260708,A306520,HANARO 200선물인버스,인버스 1X,코스피 200 선물인버스 지수,50000.0,20180918,,1452.0,2420.0,4.54,2422.77,-0.11,600000.0,12.0,121138500.0
20260709,20260709,A306520,HANARO 200선물인버스,인버스 1X,코스피 200 선물인버스 지수,50000.0,20180918,,1437.0,2395.0,-1.03,2402.01,-0.29,600000.0,12.0,120100500.00000001
20260709,20260703,A306530,HANARO 코스닥150선물레버리지,레버리지,F-코스닥150 레버리지지수,20000.0,20180918,,3435.2,9040.0,-3.11,9023.34,0.18,380000.0,19.0,180466800.0
20260709,20260706,A306530,HANARO 코스닥150선물레버리지,레버리지,F-코스닥150 레버리지지수,20000.0,20180918,,3207.2,8440.0,-6.64,8457.27,-0.2,380000.0,19.0,169145400.0
20260709,20260707,A306530,HANARO 코스닥150선물레버리지,레버리지,F-코스닥150 레버리지지수,20000.0,20180918,,3110.3,8185.0,-3.02,8177.03,0.1,380000.0,19.0,163540600.0
20260709,20260708,A306530,HANARO 코스닥150선물레버리지,레버리지,F-코스닥150 레버리지지수,20000.0,20180918,,2872.0,7180.0,-12.28,7133.9,0.65,400000.0,20.0,142678000.0
20260709,20260709,A306530,HANARO 코스닥150선물레버리지,레버리지,F-코스닥150 레버리지지수,20000.0,20180918,,2948.0,7370.0,2.65,7437.05,-0.9,400000.0,20.0,148741000.0
20260709,20260703,A306950,KODEX KRX300레버리지,레버리지,KRX300레버리지,100000.0,20181016,,99904.0,124880.0,9.95,125294.21,-0.33,800000.0,8.0,12529421000.0
20260709,20260706,A306950,KODEX KRX300레버리지,레버리지,KRX300레버리지,100000.0,20181016,,98876.0,123595.0,-1.03,125803.4,-1.76,800000.0,8.0,12580340000.0
20260709,20260707,A306950,KODEX KRX300레버리지,레버리지,KRX300레버리지,100000.0,20181016,,87760.0,109700.0,-11.24,110140.97,-0.4,800000.0,8.0,11014097000.0
20260709,20260708,A306950,KODEX KRX300레버리지,레버리지,KRX300레버리지,100000.0,20181016,,79596.0,99495.0,-9.3,97909.04,1.62,800000.0,8.0,9790904000.0
20260709,20260709,A306950,KODEX KRX300레버리지,레버리지,KRX300레버리지,100000.0,20181016,,80448.0,100560.0,1.07,99493.62,1.07,800000.0,8.0,9949362000.0
20260709,20260703,A307510,TIGER 의료기기,일반,FnGuide 의료기기 지수,50000.0,20181108,,6990.0,13980.0,-0.14,13915.06,0.47,500000.0,10.0,695753000.0
20260709,20260706,A307510,TIGER 의료기기,일반,FnGuide 의료기기 지수,50000.0,20181108,,6750.0,13500.0,-3.43,13588.95,-0.65,500000.0,10.0,679447500.0
20260709,20260707,A307510,TIGER 의료기기,일반,FnGuide 의료기기 지수,50000.0,20181108,,5528.0,13820.0,2.37,13847.45,-0.2,400000.0,8.0,692372500.0
20260709,20260708,A307510,TIGER 의료기기,일반,FnGuide 의료기기 지수,50000.0,20181108,,5278.0,13195.0,-4.52,13305.86,-0.83,400000.0,8.0,665293000.0
20260709,20260709,A307510,TIGER 의료기기,일반,FnGuide 의료기기 지수,50000.0,20181108,,5194.0,12985.0,-1.59,13065.54,-0.62,400000.0,8.0,653277000.0
20260709,20260703,A307520,TIGER 지주회사,일반,FnGuide 지주회사 지수,50000.0,20181108,,327323.5,22810.0,0.88,22758.16,0.23,14350000.0,287.0,1137908000.0
20260709,20260706,A307520,TIGER 지주회사,일반,FnGuide 지주회사 지수,50000.0,20181108,,322372.75,22465.0,-1.51,22590.74,-0.56,14350000.0,287.0,1129537000.0
20260709,20260707,A307520,TIGER 지주회사,일반,FnGuide 지주회사 지수,50000.0,20181108,,312645.0,21940.0,-2.34,22047.49,-0.49,14250000.0,285.0,1102374500.0
20260709,20260708,A307520,TIGER 지주회사,일반,FnGuide 지주회사 지수,50000.0,20181108,,298555.0,21025.0,-4.17,21066.1,-0.2,14200000.0,284.0,1053304999.9999999
20260709,20260709,A307520,TIGER 지주회사,일반,FnGuide 지주회사 지수,50000.0,20181108,,289219.25,20585.0,-2.09,20622.28,-0.18,14050000.0,281.0,1031114000.0
20260709,20260703,A310960,TIGER 200TR,일반,코스피 200 TR지수,100000.0,20181120,,395876.0,76130.0,5.54,76216.47,-0.11,5200000.0,52.0,7621647000.0
20260709,20260706,A310960,TIGER 200TR,일반,코스피 200 TR지수,100000.0,20181120,,394160.0,75800.0,-0.43,75856.38,-0.07,5200000.0,52.0,7585638000.0
20260709,20260707,A310960,TIGER 200TR,일반,코스피 200 TR지수,100000.0,20181120,,383110.5,72285.0,-4.64,71938.44,0.48,5300000.0,53.0,7193844000.0
20260709,20260708,A310960,TIGER 200TR,일반,코스피 200 TR지수,100000.0,20181120,,362149.0,68330.0,-5.47,67927.51,0.59,5300000.0,53.0,6792750999.999999
20260709,20260709,A310960,TIGER 200TR,일반,코스피 200 TR지수,100000.0,20181120,,355784.0,68420.0,0.13,68639.04,-0.32,5200000.0,52.0,6863903999.999999
20260709,20260703,A310970,TIGER MSCI Korea TR,일반,MSCI Korea TR Index,100000.0,20181120,,5319518.0,58585.0,6.36,58531.06,0.09,90800000.0,908.0,5853106000.0
20260709,20260706,A310970,TIGER MSCI Korea TR,일반,MSCI Korea TR Index,100000.0,20181120,,5286830.0,58225.0,-0.61,58320.29,-0.16,90800000.0,908.0,5832029000.0
20260709,20260707,A310970,TIGER MSCI Korea TR,일반,MSCI Korea TR Index,100000.0,20181120,,5024872.0,55340.0,-4.96,55117.89,0.4,90800000.0,908.0,5511789000.0
20260709,20260708,A310970,TIGER MSCI Korea TR,일반,MSCI Korea TR Index,100000.0,20181120,,4692998.0,51685.0,-6.6,52032.03,-0.67,90800000.0,908.0,5203203000.0
20260709,20260709,A310970,TIGER MSCI Korea TR,일반,MSCI Korea TR Index,100000.0,20181120,,4767000.0,52500.0,1.58,52591.07,-0.17,90800000.0,908.0,5259107000.0
20260709,20260703,A314700,HANARO 농업융복합산업,일반,FnGuide 농업융복합산업지수(시장가격),50000.0,20181221,,6055.5,11010.0,-0.72,11022.49,-0.11,550000.0,11.0,551124500.0
20260709,20260706,A314700,HANARO 농업융복합산업,일반,FnGuide 농업융복합산업지수(시장가격),50000.0,20181221,,5964.75,10845.0,-1.5,10901.72,-0.52,550000.0,11.0,545086000.0
20260709,20260707,A314700,HANARO 농업융복합산업,일반,FnGuide 농업융복합산업지수(시장가격),50000.0,20181221,,6019.75,10945.0,0.92,11016.03,-0.64,550000.0,11.0,550801500.0
20260709,20260708,A314700,HANARO 농업융복합산업,일반,FnGuide 농업융복합산업지수(시장가격),50000.0,20181221,,5846.5,10630.0,-2.88,10683.56,-0.5,550000.0,11.0,534178000.0
20260709,20260709,A314700,HANARO 농업융복합산업,일반,FnGuide 농업융복합산업지수(시장가격),50000.0,20181221,,5761.25,10475.0,-1.46,10418.35,0.54,550000.0,11.0,520917500.0
20260709,20260703,A315270,TIGER 200커뮤니케이션서비스,일반,코스피 200 커뮤니케이션서비스,20000.0,20190115,,5128.5,19725.0,-1.18,19690.08,0.18,260000.0,13.0,393801600.00000006
20260709,20260706,A315270,TIGER 200커뮤니케이션서비스,일반,코스피 200 커뮤니케이션서비스,20000.0,20190115,,5110.3,19655.0,-0.35,19770.87,-0.59,260000.0,13.0,395417400.0
20260709,20260707,A315270,TIGER 200커뮤니케이션서비스,일반,코스피 200 커뮤니케이션서비스,20000.0,20190115,,4830.0,20125.0,2.39,20055.41,0.35,240000.0,12.0,401108200.0
20260709,20260708,A315270,TIGER 200커뮤니케이션서비스,일반,코스피 200 커뮤니케이션서비스,20000.0,20190115,,4731.6,19715.0,-2.04,19826.13,-0.56,240000.0,12.0,396522600.0
20260709,20260709,A315270,TIGER 200커뮤니케이션서비스,일반,코스피 200 커뮤니케이션서비스,20000.0,20190115,,4674.0,19475.0,-1.22,19679.16,-1.04,240000.0,12.0,393583200.0
20260709,20260703,A315930,KODEX Top5PlusTR,일반,FnGuide TOP 5 Plus Total Return 지수,100000.0,20190122,,1661676.0,93880.0,5.13,94060.05,-0.19,17700000.0,177.0,9406005000.0
20260709,20260706,A315930,KODEX Top5PlusTR,일반,FnGuide TOP 5 Plus Total Return 지수,100000.0,20190122,,1668136.5,94245.0,0.39,94578.84,-0.35,17700000.0,177.0,9457884000.0
20260709,20260707,A315930,KODEX Top5PlusTR,일반,FnGuide TOP 5 Plus Total Return 지수,100000.0,20190122,,1592800.0,90500.0,-3.97,90615.59,-0.13,17600000.0,176.0,9061559000.0
20260709,20260708,A315930,KODEX Top5PlusTR,일반,FnGuide TOP 5 Plus Total Return 지수,100000.0,20190122,,1531200.0,87000.0,-3.87,86914.74,0.1,17600000.0,176.0,8691474000.0
20260709,20260709,A315930,KODEX Top5PlusTR,일반,FnGuide TOP 5 Plus Total Return 지수,100000.0,20190122,,1519962.5,86855.0,-0.17,86994.84,-0.16,17500000.0,175.0,8699484000.0
20260709,20260703,A315960,RISE 대형고배당10TR,일반,WISE 대형고배당10 TR 지수,50000.0,20190122,,635800.0,93500.0,6.11,93364.7,0.14,6800000.0,136.0,4668235000.0
20260709,20260706,A315960,RISE 대형고배당10TR,일반,WISE 대형고배당10 TR 지수,50000.0,20190122,,636174.0,93555.0,0.06,93839.42,-0.3,6800000.0,136.0,4691971000.0
20260709,20260707,A315960,RISE 대형고배당10TR,일반,WISE 대형고배당10 TR 지수,50000.0,20190122,,606662.0,89215.0,-4.64,89580.68,-0.41,6800000.0,136.0,4479034000.0
20260709,20260708,A315960,RISE 대형고배당10TR,일반,WISE 대형고배당10 TR 지수,50000.0,20190122,,582250.0,85000.0,-4.72,85406.72,-0.48,6850000.0,137.0,4270336000.0
20260709,20260709,A315960,RISE 대형고배당10TR,일반,WISE 대형고배당10 TR 지수,50000.0,20190122,,585812.0,85520.0,0.61,85544.99,-0.03,6850000.0,137.0,4277249500.0000005
20260709,20260703,A316670,KIWOOM 코스닥150,일반,코스닥 150,20000.0,20190122,,41029.4,7570.0,-1.75,7613.16,-0.57,5420000.0,271.0,152263200.0
20260709,20260706,A316670,KIWOOM 코스닥150,일반,코스닥 150,20000.0,20190122,,40489.2,7335.0,-3.1,7371.46,-0.49,5520000.0,276.0,147429200.0
20260709,20260707,A316670,KIWOOM 코스닥150,일반,코스닥 150,20000.0,20190122,,40544.0,7240.0,-1.3,7253.32,-0.18,5600000.0,280.0,145066400.0
20260709,20260708,A316670,KIWOOM 코스닥150,일반,코스닥 150,20000.0,20190122,,38453.6,6770.0,-6.49,6773.2,-0.05,5680000.0,284.0,135464000.0
20260709,20260709,A316670,KIWOOM 코스닥150,일반,코스닥 150,20000.0,20190122,,39462.5,6875.0,1.55,6869.11,0.09,5740000.0,287.0,137382200.0
20260709,20260703,A322400,HANARO e커머스,일반,FnGuide E커머스 지수(시장가격),50000.0,20190423,,36535.5,10590.0,0.52,10540.56,0.47,3450000.0,69.0,527028000.0
20260709,20260706,A322400,HANARO e커머스,일반,FnGuide E커머스 지수(시장가격),50000.0,20190423,,36138.75,10475.0,-1.09,10555.0,-0.76,3450000.0,69.0,527750000.0
20260709,20260707,A322400,HANARO e커머스,일반,FnGuide E커머스 지수(시장가격),50000.0,20190423,,36259.5,10510.0,0.33,10586.26,-0.72,3450000.0,69.0,529313000.0
20260709,20260708,A322400,HANARO e커머스,일반,FnGuide E커머스 지수(시장가격),50000.0,20190423,,35414.25,10265.0,-2.33,10262.92,0.02,3450000.0,69.0,513146000.0
20260709,20260709,A322400,HANARO e커머스,일반,FnGuide E커머스 지수(시장가격),50000.0,20190423,,34569.0,10020.0,-2.39,10095.26,-0.75,3450000.0,69.0,504763000.0
20260709,20260703,A322410,HANARO K고배당,일반,FnGuide 고배당 알파 지수 (시장가격),50000.0,20190423,,43310.5,22795.0,1.72,22753.67,0.18,1900000.0,38.0,1137683500.0
20260709,20260706,A322410,HANARO K고배당,일반,FnGuide 고배당 알파 지수 (시장가격),50000.0,20190423,,42411.25,22925.0,0.57,22856.63,0.3,1850000.0,37.0,1142831500.0
20260709,20260707,A322410,HANARO K고배당,일반,FnGuide 고배당 알파 지수 (시장가격),50000.0,20190423,,42402.0,22920.0,-0.02,23032.35,-0.49,1850000.0,37.0,1151617500.0
20260709,20260708,A322410,HANARO K고배당,일반,FnGuide 고배당 알파 지수 (시장가격),50000.0,20190423,,41717.5,22550.0,-1.61,22670.23,-0.53,1850000.0,37.0,1133511500.0
20260709,20260709,A322410,HANARO K고배당,일반,FnGuide 고배당 알파 지수 (시장가격),50000.0,20190423,,41107.0,22220.0,-1.46,22492.72,-1.21,1850000.0,37.0,1124636000.0
20260709,20260703,A325010,KODEX 성장주,일반,FnGuide 성장 지수(PR),100000.0,20190531,,166912.0,52160.0,1.61,52050.42,0.21,3200000.0,32.0,5205042000.0
20260709,20260706,A325010,KODEX 성장주,일반,FnGuide 성장 지수(PR),100000.0,20190531,,164016.0,51255.0,-1.74,51172.21,0.16,3200000.0,32.0,5117221000.0
20260709,20260707,A325010,KODEX 성장주,일반,FnGuide 성장 지수(PR),100000.0,20190531,,154320.0,48225.0,-5.91,48399.3,-0.36,3200000.0,32.0,4839930000.0
20260709,20260708,A325010,KODEX 성장주,일반,FnGuide 성장 지수(PR),100000.0,20190531,,144640.0,45200.0,-6.27,45359.21,-0.35,3200000.0,32.0,4535921000.0
20260709,20260709,A325010,KODEX 성장주,일반,FnGuide 성장 지수(PR),100000.0,20190531,,146640.0,45825.0,1.38,45992.6,-0.36,3200000.0,32.0,4599260000.0
20260709,20260703,A325020,KODEX 배당가치,일반,FnGuide SLV 배당가치 지수,100000.0,20190531,,129297.0,30785.0,3.03,30871.19,-0.28,4200000.0,42.0,3087119000.0
20260709,20260706,A325020,KODEX 배당가치,일반,FnGuide SLV 배당가치 지수,100000.0,20190531,,130809.0,31145.0,1.17,31235.36,-0.29,4200000.0,42.0,3123536000.0
20260709,20260707,A325020,KODEX 배당가치,일반,FnGuide SLV 배당가치 지수,100000.0,20190531,,128940.0,30700.0,-1.43,30746.18,-0.15,4200000.0,42.0,3074618000.0
20260709,20260708,A325020,KODEX 배당가치,일반,FnGuide SLV 배당가치 지수,100000.0,20190531,,124908.0,29740.0,-3.13,29810.48,-0.24,4200000.0,42.0,2981048000.0
20260709,20260709,A325020,KODEX 배당가치,일반,FnGuide SLV 배당가치 지수,100000.0,20190531,,122640.0,29200.0,-1.82,29286.77,-0.3,4200000.0,42.0,2928677000.0
20260709,20260703,A326230,RISE 내수주플러스,일반,FnGuide 내수주플러스 지수,20000.0,20190620,,7344.0,11475.0,-1.33,11505.14,-0.26,640000.0,32.0,230102800.0
20260709,20260706,A326230,RISE 내수주플러스,일반,FnGuide 내수주플러스 지수,20000.0,20190620,,7289.6,11390.0,-0.74,11428.78,-0.34,640000.0,32.0,228575600.0
20260709,20260707,A326230,RISE 내수주플러스,일반,FnGuide 내수주플러스 지수,20000.0,20190620,,7475.2,11680.0,2.55,11730.67,-0.43,640000.0,32.0,234613400.0
20260709,20260708,A326230,RISE 내수주플러스,일반,FnGuide 내수주플러스 지수,20000.0,20190620,,7312.0,11425.0,-2.18,11447.23,-0.19,640000.0,32.0,228944600.0
20260709,20260709,A326230,RISE 내수주플러스,일반,FnGuide 내수주플러스 지수,20000.0,20190620,,6992.0,10925.0,-4.38,11113.51,-1.7,640000.0,32.0,222270200.0
20260709,20260703,A326240,RISE IT플러스,일반,FnGuide IT플러스 지수,20000.0,20190620,,135139.6,51580.0,3.33,51670.59,-0.18,2620000.0,131.0,1033411799.9999999
20260709,20260706,A326240,RISE IT플러스,일반,FnGuide IT플러스 지수,20000.0,20190620,,132165.9,50445.0,-2.2,50444.94,0.0,2620000.0,131.0,1008898800.0
20260709,20260707,A326240,RISE IT플러스,일반,FnGuide IT플러스 지수,20000.0,20190620,,124083.2,47360.0,-6.12,47523.96,-0.35,2620000.0,131.0,950479200.0
20260709,20260708,A326240,RISE IT플러스,일반,FnGuide IT플러스 지수,20000.0,20190620,,117915.6,44665.0,-5.69,44529.93,0.3,2640000.0,132.0,890598600.0
20260709,20260709,A326240,RISE IT플러스,일반,FnGuide IT플러스 지수,20000.0,20190620,,118918.8,45045.0,0.85,45198.63,-0.34,2640000.0,132.0,903972600.0
20260709,20260703,A328370,PLUS 코스피TR,일반,코스피 TR,50000.0,20190625,,143419.5,45530.0,2.04,45497.88,0.07,3150000.0,63.0,2274894000.0
20260709,20260706,A328370,PLUS 코스피TR,일반,코스피 TR,50000.0,20190625,,142380.0,45200.0,-0.72,45305.98,-0.23,3150000.0,63.0,2265299000.0
20260709,20260707,A328370,PLUS 코스피TR,일반,코스피 TR,50000.0,20190625,,134442.0,42680.0,-5.58,43055.25,-0.87,3150000.0,63.0,2152762500.0
20260709,20260708,A328370,PLUS 코스피TR,일반,코스피 TR,50000.0,20190625,,128520.0,40800.0,-4.4,40743.18,0.14,3150000.0,63.0,2037159000.0
20260709,20260709,A328370,PLUS 코스피TR,일반,코스피 TR,50000.0,20190625,,128772.0,40880.0,0.2,41035.1,-0.38,3150000.0,63.0,2051755000.0
20260709,20260703,A332500,ACE 200TR,일반,코스피 200 TR지수,100000.0,20190828,,193424.0,87920.0,5.74,87820.69,0.11,2200000.0,22.0,8782069000.0
20260709,20260706,A332500,ACE 200TR,일반,코스피 200 TR지수,100000.0,20190828,,192071.0,87305.0,-0.7,87409.34,-0.12,2200000.0,22.0,8740934000.0
20260709,20260707,A332500,ACE 200TR,일반,코스피 200 TR지수,100000.0,20190828,,182688.0,83040.0,-4.89,82827.51,0.26,2200000.0,22.0,8282750999.999999
20260709,20260708,A332500,ACE 200TR,일반,코스피 200 TR지수,100000.0,20190828,,172876.0,78580.0,-5.37,78252.9,0.42,2200000.0,22.0,7825289999.999999
20260709,20260709,A332500,ACE 200TR,일반,코스피 200 TR지수,100000.0,20190828,,173800.0,79000.0,0.53,79057.15,-0.07,2200000.0,22.0,7905714999.999999
20260709,20260703,A332930,HANARO 200TR,일반,코스피 200 TR지수,50000.0,20190828,,248428.5,171330.0,6.16,171293.72,0.02,1450000.0,29.0,8564686000.0
20260709,20260706,A332930,HANARO 200TR,일반,코스피 200 TR지수,50000.0,20190828,,247312.0,170560.0,-0.45,170472.77,0.05,1450000.0,29.0,8523638499.999999
20260709,20260707,A332930,HANARO 200TR,일반,코스피 200 TR지수,50000.0,20190828,,234624.5,161810.0,-5.13,161648.58,0.1,1450000.0,29.0,8082428999.999999
20260709,20260708,A332930,HANARO 200TR,일반,코스피 200 TR지수,50000.0,20190828,,222386.5,153370.0,-5.22,152752.7,0.4,1450000.0,29.0,7637635000.000001
20260709,20260709,A332930,HANARO 200TR,일반,코스피 200 TR지수,50000.0,20190828,,223097.0,153860.0,0.32,154239.55,-0.25,1450000.0,29.0,7711977499.999999
20260709,20260703,A332940,HANARO MSCI Korea TR,일반,MSCI Korea TR Index,100000.0,20190828,,139152.0,57980.0,2.26,58324.86,-0.59,2400000.0,24.0,5832486000.0
20260709,20260706,A332940,HANARO MSCI Korea TR,일반,MSCI Korea TR Index,100000.0,20190828,,139908.0,58295.0,0.54,58116.09,0.31,2400000.0,24.0,5811609000.0
20260709,20260707,A332940,HANARO MSCI Korea TR,일반,MSCI Korea TR Index,100000.0,20190828,,131124.0,54635.0,-6.28,54923.72,-0.53,2400000.0,24.0,5492372000.0
20260709,20260708,A332940,HANARO MSCI Korea TR,일반,MSCI Korea TR Index,100000.0,20190828,,124908.0,52045.0,-4.74,51847.26,0.38,2400000.0,24.0,5184726000.0
20260709,20260709,A332940,HANARO MSCI Korea TR,일반,MSCI Korea TR Index,100000.0,20190828,,124596.0,51915.0,-0.25,52408.76,-0.94,2400000.0,24.0,5240876000.0
20260709,20260703,A337120,KODEX 멀티팩터,일반,FnGuide 멀티팩터 지수,100000.0,20191114,,24849.0,41415.0,6.08,41231.1,0.45,600000.0,6.0,4123110000.0
20260709,20260706,A337120,KODEX 멀티팩터,일반,FnGuide 멀티팩터 지수,100000.0,20191114,,24531.0,40885.0,-1.28,41075.36,-0.46,600000.0,6.0,4107536000.0
20260709,20260707,A337120,KODEX 멀티팩터,일반,FnGuide 멀티팩터 지수,100000.0,20191114,,23439.0,39065.0,-4.45,39086.01,-0.05,600000.0,6.0,3908601000.0
20260709,20260708,A337120,KODEX 멀티팩터,일반,FnGuide 멀티팩터 지수,100000.0,20191114,,22239.0,37065.0,-5.12,36967.12,0.26,600000.0,6.0,3696712000.0000005
20260709,20260709,A337120,KODEX 멀티팩터,일반,FnGuide 멀티팩터 지수,100000.0,20191114,,21960.0,36600.0,-1.25,37238.02,-1.71,600000.0,6.0,3723801999.9999995
20260709,20260703,A337140,KODEX 코스피대형주,일반,코스피 대형주 지수,100000.0,20191114,,91266.0,43460.0,5.55,43422.98,0.09,2100000.0,21.0,4342298000.0
20260709,20260706,A337140,KODEX 코스피대형주,일반,코스피 대형주 지수,100000.0,20191114,,90709.5,43195.0,-0.61,43225.45,-0.07,2100000.0,21.0,4322545000.0
20260709,20260707,A337140,KODEX 코스피대형주,일반,코스피 대형주 지수,100000.0,20191114,,85596.0,40760.0,-5.64,40973.11,-0.52,2100000.0,21.0,4097311000.0
20260709,20260708,A337140,KODEX 코스피대형주,일반,코스피 대형주 지수,100000.0,20191114,,81627.0,38870.0,-4.64,38717.85,0.39,2100000.0,21.0,3871785000.0
20260709,20260709,A337140,KODEX 코스피대형주,일반,코스피 대형주 지수,100000.0,20191114,,82057.5,39075.0,0.53,39018.57,0.14,2100000.0,21.0,3901857000.0
20260709,20260703,A337150,KODEX 200exTOP,일반,코스피 200 초대형제외 지수,100000.0,20191114,,19558.0,27940.0,0.85,27920.78,0.07,700000.0,7.0,2792078000.0
20260709,20260706,A337150,KODEX 200exTOP,일반,코스피 200 초대형제외 지수,100000.0,20191114,,19418.0,27740.0,-0.72,27658.18,0.3,700000.0,7.0,2765818000.0
20260709,20260707,A337150,KODEX 200exTOP,일반,코스피 200 초대형제외 지수,100000.0,20191114,,18641.0,26630.0,-4.0,26849.69,-0.82,700000.0,7.0,2684969000.0
20260709,20260708,A337150,KODEX 200exTOP,일반,코스피 200 초대형제외 지수,100000.0,20191114,,17853.5,25505.0,-4.22,25610.24,-0.41,700000.0,7.0,2561024000.0
20260709,20260709,A337150,KODEX 200exTOP,일반,코스피 200 초대형제외 지수,100000.0,20191114,,17514.0,25020.0,-1.9,25169.37,-0.59,700000.0,7.0,2516937000.0
20260709,20260703,A337160,KODEX 200ESG,일반,코스피 200 ESG 지수,100000.0,20191114,,218006.0,57370.0,6.29,57202.11,0.29,3800000.0,38.0,5720211000.0
20260709,20260706,A337160,KODEX 200ESG,일반,코스피 200 ESG 지수,100000.0,20191114,,216676.0,57020.0,-0.61,56852.39,0.29,3800000.0,38.0,5685239000.0
20260709,20260707,A337160,KODEX 200ESG,일반,코스피 200 ESG 지수,100000.0,20191114,,211185.0,54150.0,-5.03,53982.92,0.31,3900000.0,39.0,5398292000.0
20260709,20260708,A337160,KODEX 200ESG,일반,코스피 200 ESG 지수,100000.0,20191114,,200109.0,51310.0,-5.24,51099.13,0.41,3900000.0,39.0,5109913000.0
20260709,20260709,A337160,KODEX 200ESG,일반,코스피 200 ESG 지수,100000.0,20191114,,202078.5,51815.0,0.98,51598.79,0.42,3900000.0,39.0,5159879000.0
20260709,20260703,A354500,ACE 코스닥150,일반,코스닥 150,100000.0,20200507,,144572.0,15380.0,-1.6,15423.51,-0.28,9400000.0,94.0,1542351000.0
20260709,20260706,A354500,ACE 코스닥150,일반,코스닥 150,100000.0,20200507,,139684.0,14860.0,-3.38,14933.51,-0.49,9400000.0,94.0,1493351000.0
20260709,20260707,A354500,ACE 코스닥150,일반,코스닥 150,100000.0,20200507,,140928.0,14680.0,-1.21,14695.07,-0.1,9600000.0,96.0,1469507000.0
20260709,20260708,A354500,ACE 코스닥150,일반,코스닥 150,100000.0,20200507,,131808.0,13730.0,-6.47,13725.24,0.03,9600000.0,96.0,1372524000.0
20260709,20260709,A354500,ACE 코스닥150,일반,코스닥 150,100000.0,20200507,,133680.0,13925.0,1.42,13921.1,0.03,9600000.0,96.0,1392110000.0
20260709,20260703,A359210,KODEX 코스피TR,일반,코스피 TR,100000.0,20200721,,88410.0,42100.0,5.46,41940.71,0.38,2100000.0,21.0,4194071000.0
20260709,20260706,A359210,KODEX 코스피TR,일반,코스피 TR,100000.0,20200721,,87538.5,41685.0,-0.99,41750.23,-0.16,2100000.0,21.0,4175023000.0000005
20260709,20260707,A359210,KODEX 코스피TR,일반,코스피 TR,100000.0,20200721,,82950.0,39500.0,-5.24,39698.82,-0.5,2100000.0,21.0,3969882000.0
20260709,20260708,A359210,KODEX 코스피TR,일반,코스피 TR,100000.0,20200721,,79149.0,37690.0,-4.58,37570.57,0.32,2100000.0,21.0,3757057000.0
20260709,20260709,A359210,KODEX 코스피TR,일반,코스피 TR,100000.0,20200721,,79275.0,37750.0,0.16,37811.36,-0.16,2100000.0,21.0,3781136000.0
20260709,20260703,A360140,KODEX 200롱코스닥150숏선물,일반,코스피 200 롱 100% 코스닥 150 숏 100% 선물지수,100000.0,20200821,,56320.0,25600.0,7.47,25653.97,-0.21,2200000.0,22.0,2565397000.0
20260709,20260706,A360140,KODEX 200롱코스닥150숏선물,일반,코스피 200 롱 100% 코스닥 150 숏 100% 선물지수,100000.0,20200821,,57904.0,26320.0,2.81,26314.02,0.02,2200000.0,22.0,2631402000.0
20260709,20260707,A360140,KODEX 200롱코스닥150숏선물,일반,코스피 200 롱 100% 코스닥 150 숏 100% 선물지수,100000.0,20200821,,54549.0,24795.0,-5.79,25478.32,-2.68,2200000.0,22.0,2547832000.0
20260709,20260708,A360140,KODEX 200롱코스닥150숏선물,일반,코스피 200 롱 100% 코스닥 150 숏 100% 선물지수,100000.0,20200821,,56199.0,25545.0,3.02,25613.06,-0.27,2200000.0,22.0,2561306000.0
20260709,20260709,A360140,KODEX 200롱코스닥150숏선물,일반,코스피 200 롱 100% 코스닥 150 숏 100% 선물지수,100000.0,20200821,,55902.0,25410.0,-0.53,25285.95,0.49,2200000.0,22.0,2528595000.0
20260709,20260703,A360150,KODEX 코스닥150롱코스피200숏선물,일반,코스닥 150 롱 100% 코스피 200 숏 100% 선물지수,100000.0,20200821,,13630.0,2900.0,-7.05,2886.14,0.48,4700000.0,47.0,288614000.0
20260709,20260706,A360150,KODEX 코스닥150롱코스피200숏선물,일반,코스닥 150 롱 100% 코스피 200 숏 100% 선물지수,100000.0,20200821,,13277.5,2825.0,-2.59,2813.02,0.43,4700000.0,47.0,281302000.0
20260709,20260707,A360150,KODEX 코스닥150롱코스피200숏선물,일반,코스닥 150 롱 100% 코스피 200 숏 100% 선물지수,100000.0,20200821,,13818.0,2940.0,4.07,2893.15,1.62,4700000.0,47.0,289315000.0
20260709,20260708,A360150,KODEX 코스닥150롱코스피200숏선물,일반,코스닥 150 롱 100% 코스피 200 숏 100% 선물지수,100000.0,20200821,,13606.5,2895.0,-1.53,2887.3,0.27,4700000.0,47.0,288730000.0
20260709,20260709,A360150,KODEX 코스닥150롱코스피200숏선물,일반,코스닥 150 롱 100% 코스피 200 숏 100% 선물지수,100000.0,20200821,,13724.0,2920.0,0.86,2924.43,-0.15,4700000.0,47.0,292443000.0
20260709,20260703,A361580,RISE 200TR,일반,코스피 200 TR지수,50000.0,20200821,,557212.5,74295.0,5.59,74232.64,0.08,7500000.0,150.0,3711632000.0
20260709,20260706,A361580,RISE 200TR,일반,코스피 200 TR지수,50000.0,20200821,,553875.0,73850.0,-0.6,73870.23,-0.03,7500000.0,150.0,3693511500.0
20260709,20260707,A361580,RISE 200TR,일반,코스피 200 TR지수,50000.0,20200821,,533368.0,70180.0,-4.97,70019.84,0.23,7600000.0,152.0,3500992000.0
20260709,20260708,A361580,RISE 200TR,일반,코스피 200 TR지수,50000.0,20200821,,513980.0,66320.0,-5.5,66114.59,0.31,7750000.0,155.0,3305729500.0
20260709,20260709,A361580,RISE 200TR,일반,코스피 200 TR지수,50000.0,20200821,,521157.0,66815.0,0.75,66841.84,-0.04,7800000.0,156.0,3342092000.0
20260709,20260703,A363580,KODEX 200IT TR,일반,코스피 200 정보기술 TR,100000.0,20200925,,319950.0,71100.0,4.1,71010.5,0.13,4500000.0,45.0,7101050000.0
20260709,20260706,A363580,KODEX 200IT TR,일반,코스피 200 정보기술 TR,100000.0,20200925,,307575.0,68350.0,-3.87,68360.72,-0.02,4500000.0,45.0,6836072000.0
20260709,20260707,A363580,KODEX 200IT TR,일반,코스피 200 정보기술 TR,100000.0,20200925,,286020.0,63560.0,-7.01,63768.86,-0.33,4500000.0,45.0,6376886000.0
20260709,20260708,A363580,KODEX 200IT TR,일반,코스피 200 정보기술 TR,100000.0,20200925,,267795.0,59510.0,-6.37,59746.24,-0.4,4500000.0,45.0,5974624000.0
20260709,20260709,A363580,KODEX 200IT TR,일반,코스피 200 정보기술 TR,100000.0,20200925,,274050.0,60900.0,2.34,60922.11,-0.04,4500000.0,45.0,6092211000.0
20260709,20260703,A364690,KODEX 혁신기술테마액티브,일반,코스피지수,100000.0,20200929,,28398.0,47330.0,5.18,47434.92,-0.22,600000.0,6.0,4743492000.0
20260709,20260706,A364690,KODEX 혁신기술테마액티브,일반,코스피지수,100000.0,20200929,,28020.0,46700.0,-1.33,46887.49,-0.4,600000.0,6.0,4688749000.0
20260709,20260707,A364690,KODEX 혁신기술테마액티브,일반,코스피지수,100000.0,20200929,,26508.0,44180.0,-5.4,44381.68,-0.45,600000.0,6.0,4438168000.0
20260709,20260708,A364690,KODEX 혁신기술테마액티브,일반,코스피지수,100000.0,20200929,,25104.0,41840.0,-5.3,41716.63,0.3,600000.0,6.0,4171662999.9999995
20260709,20260709,A364690,KODEX 혁신기술테마액티브,일반,코스피지수,100000.0,20200929,,25062.0,41770.0,-0.17,42013.49,-0.58,600000.0,6.0,4201349000.0
20260709,20260703,A364960,TIGER BBIG,일반,KRX BBIG 지수,50000.0,20201007,,80257.5,6525.0,-0.99,6548.8,-0.36,12300000.0,246.0,327440000.0
20260709,20260706,A364960,TIGER BBIG,일반,KRX BBIG 지수,50000.0,20201007,,79150.5,6435.0,-1.38,6414.69,0.32,12300000.0,246.0,320734500.0
20260709,20260707,A364960,TIGER BBIG,일반,KRX BBIG 지수,50000.0,20201007,,79150.5,6435.0,0.0,6417.05,0.28,12300000.0,246.0,320852500.0
20260709,20260708,A364960,TIGER BBIG,일반,KRX BBIG 지수,50000.0,20201007,,76690.5,6235.0,-3.11,6223.74,0.18,12300000.0,246.0,311187000.0
20260709,20260709,A364960,TIGER BBIG,일반,KRX BBIG 지수,50000.0,20201007,,74476.5,6055.0,-2.89,6049.04,0.1,12300000.0,246.0,302452000.0
20260709,20260703,A364970,TIGER 바이오TOP10,일반,KRX 바이오 TOP 10 지수,50000.0,20201007,,284769.0,7155.0,0.07,7178.33,-0.33,39800000.0,796.0,358916500.0
20260709,20260706,A364970,TIGER 바이오TOP10,일반,KRX 바이오 TOP 10 지수,50000.0,20201007,,279400.0,6985.0,-2.38,6993.67,-0.12,40000000.0,800.0,349683500.0
20260709,20260707,A364970,TIGER 바이오TOP10,일반,KRX 바이오 TOP 10 지수,50000.0,20201007,,285200.0,7130.0,2.08,7116.85,0.18,40000000.0,800.0,355842500.0
20260709,20260708,A364970,TIGER 바이오TOP10,일반,KRX 바이오 TOP 10 지수,50000.0,20201007,,271677.5,6775.0,-4.98,6785.03,-0.15,40100000.0,802.0,339251500.0
20260709,20260709,A364970,TIGER 바이오TOP10,일반,KRX 바이오 TOP 10 지수,50000.0,20201007,,266656.25,6625.0,-2.21,6616.37,0.13,40250000.0,805.0,330818500.0
20260709,20260703,A364980,TIGER 2차전지TOP10,일반,KRX 2차전지 TOP 10 지수,50000.0,20201007,,631148.5,9755.0,1.61,9729.99,0.26,64700000.0,1294.0,486499500.0
20260709,20260706,A364980,TIGER 2차전지TOP10,일반,KRX 2차전지 TOP 10 지수,50000.0,20201007,,612623.75,9535.0,-2.26,9556.09,-0.22,64250000.0,1285.0,477804500.0
20260709,20260707,A364980,TIGER 2차전지TOP10,일반,KRX 2차전지 TOP 10 지수,50000.0,20201007,,591360.0,9240.0,-3.09,9302.12,-0.67,64000000.0,1280.0,465106000.00000006
20260709,20260708,A364980,TIGER 2차전지TOP10,일반,KRX 2차전지 TOP 10 지수,50000.0,20201007,,561600.0,8775.0,-5.03,8778.95,-0.04,64000000.0,1280.0,438947500.00000006
20260709,20260709,A364980,TIGER 2차전지TOP10,일반,KRX 2차전지 TOP 10 지수,50000.0,20201007,,552981.0,8580.0,-2.22,8646.54,-0.77,64450000.0,1289.0,432327000.00000006
20260709,20260703,A364990,TIGER 게임TOP10,일반,KRX 게임 TOP 10 지수,50000.0,20201007,,24082.5,5070.0,-2.12,5059.57,0.21,4750000.0,95.0,252978500.0
20260709,20260706,A364990,TIGER 게임TOP10,일반,KRX 게임 TOP 10 지수,50000.0,20201007,,23655.0,4980.0,-1.78,5008.42,-0.57,4750000.0,95.0,250421000.0
20260709,20260707,A364990,TIGER 게임TOP10,일반,KRX 게임 TOP 10 지수,50000.0,20201007,,24296.25,5115.0,2.71,5135.79,-0.4,4750000.0,95.0,256789500.0
20260709,20260708,A364990,TIGER 게임TOP10,일반,KRX 게임 TOP 10 지수,50000.0,20201007,,24462.5,5150.0,0.68,5124.83,0.49,4750000.0,95.0,256241500.0
20260709,20260709,A364990,TIGER 게임TOP10,일반,KRX 게임 TOP 10 지수,50000.0,20201007,,23453.0,4990.0,-3.11,5007.44,-0.35,4700000.0,94.0,250371999.99999997
20260709,20260703,A365000,TIGER 인터넷TOP10,일반,KRX 인터넷 TOP 10,50000.0,20201007,,38456.75,3865.0,-1.02,3857.73,0.19,9950000.0,199.0,192886500.0
20260709,20260706,A365000,TIGER 인터넷TOP10,일반,KRX 인터넷 TOP 10,50000.0,20201007,,37611.0,3780.0,-2.2,3782.5,-0.07,9950000.0,199.0,189125000.0
20260709,20260707,A365000,TIGER 인터넷TOP10,일반,KRX 인터넷 TOP 10,50000.0,20201007,,37063.75,3725.0,-1.46,3742.23,-0.46,9950000.0,199.0,187111500.0
20260709,20260708,A365000,TIGER 인터넷TOP10,일반,KRX 인터넷 TOP 10,50000.0,20201007,,36481.5,3630.0,-2.55,3622.56,0.21,10050000.0,201.0,181128000.0
20260709,20260709,A365000,TIGER 인터넷TOP10,일반,KRX 인터넷 TOP 10,50000.0,20201007,,35275.5,3510.0,-3.31,3517.36,-0.21,10050000.0,201.0,175868000.0
20260709,20260703,A365040,TIGER AI코리아그로스액티브,일반,코스피지수,100000.0,20200929,,84930.0,42465.0,3.57,42269.48,0.46,2000000.0,20.0,4226948000.0000005
20260709,20260706,A365040,TIGER AI코리아그로스액티브,일반,코스피지수,100000.0,20200929,,84360.0,42180.0,-0.67,42151.89,0.07,2000000.0,20.0,4215189000.0
20260709,20260707,A365040,TIGER AI코리아그로스액티브,일반,코스피지수,100000.0,20200929,,80520.0,40260.0,-4.55,40107.45,0.38,2000000.0,20.0,4010744999.9999995
20260709,20260708,A365040,TIGER AI코리아그로스액티브,일반,코스피지수,100000.0,20200929,,79978.5,38085.0,-5.4,37910.43,0.46,2100000.0,21.0,3791043000.0
20260709,20260709,A365040,TIGER AI코리아그로스액티브,일반,코스피지수,100000.0,20200929,,76130.0,38065.0,-0.05,38144.68,-0.21,2000000.0,20.0,3814468000.0
20260709,20260703,A367740,HANARO Fn5G산업,일반,FnGuide 5G 산업 지수,50000.0,20201029,,25531.0,46420.0,2.38,46231.89,0.41,550000.0,11.0,2311594500.0
20260709,20260706,A367740,HANARO Fn5G산업,일반,FnGuide 5G 산업 지수,50000.0,20201029,,24684.0,44880.0,-3.32,45035.87,-0.35,550000.0,11.0,2251793500.0
20260709,20260707,A367740,HANARO Fn5G산업,일반,FnGuide 5G 산업 지수,50000.0,20201029,,23845.25,43355.0,-3.4,43613.01,-0.59,550000.0,11.0,2180650500.0
20260709,20260708,A367740,HANARO Fn5G산업,일반,FnGuide 5G 산업 지수,50000.0,20201029,,22651.75,41185.0,-5.01,41302.75,-0.29,550000.0,11.0,2065137500.0
20260709,20260709,A367740,HANARO Fn5G산업,일반,FnGuide 5G 산업 지수,50000.0,20201029,,23573.0,42860.0,4.07,42096.3,1.81,550000.0,11.0,2104815000.0000002
20260709,20260703,A367760,RISE 네트워크인프라,일반,FnGuide 네트워크 인프라 지수,50000.0,20201029,,925329.0,75230.0,4.09,75072.35,0.21,12300000.0,246.0,3753617500.0000005
20260709,20260706,A367760,RISE 네트워크인프라,일반,FnGuide 네트워크 인프라 지수,50000.0,20201029,,897039.0,72930.0,-3.06,72579.89,0.48,12300000.0,246.0,3628994500.0
20260709,20260707,A367760,RISE 네트워크인프라,일반,FnGuide 네트워크 인프라 지수,50000.0,20201029,,835045.25,67615.0,-7.29,67869.64,-0.38,12350000.0,247.0,3393482000.0
20260709,20260708,A367760,RISE 네트워크인프라,일반,FnGuide 네트워크 인프라 지수,50000.0,20201029,,773110.0,62600.0,-7.42,62980.96,-0.6,12350000.0,247.0,3149048000.0
20260709,20260709,A367760,RISE 네트워크인프라,일반,FnGuide 네트워크 인프라 지수,50000.0,20201029,,789165.0,63900.0,2.08,63993.79,-0.15,12350000.0,247.0,3199689500.0
20260709,20260703,A367770,RISE 수소경제테마,일반,FnGuide 수소경제테마 지수,50000.0,20201029,,130147.5,24790.0,1.37,24713.65,0.31,5250000.0,105.0,1235682500.0
20260709,20260706,A367770,RISE 수소경제테마,일반,FnGuide 수소경제테마 지수,50000.0,20201029,,128441.25,24465.0,-1.31,24555.45,-0.37,5250000.0,105.0,1227772500.0
20260709,20260707,A367770,RISE 수소경제테마,일반,FnGuide 수소경제테마 지수,50000.0,20201029,,123558.75,23535.0,-3.8,23563.26,-0.12,5250000.0,105.0,1178163000.0
20260709,20260708,A367770,RISE 수소경제테마,일반,FnGuide 수소경제테마 지수,50000.0,20201029,,115920.0,22080.0,-6.18,22184.15,-0.47,5250000.0,105.0,1109207500.0
20260709,20260709,A367770,RISE 수소경제테마,일반,FnGuide 수소경제테마 지수,50000.0,20201029,,113190.0,21560.0,-2.36,21554.03,0.03,5250000.0,105.0,1077701500.0
20260709,20260703,A368190,HANARO Fn K-뉴딜디지털플러스,일반,FnGuide K-뉴딜 디지털 플러스 지수,50000.0,20201110,,24752.0,7735.0,-0.51,7705.29,0.39,3200000.0,64.0,385264500.0
20260709,20260706,A368190,HANARO Fn K-뉴딜디지털플러스,일반,FnGuide K-뉴딜 디지털 플러스 지수,50000.0,20201110,,23920.0,7475.0,-3.36,7566.59,-1.21,3200000.0,64.0,378329500.0
20260709,20260707,A368190,HANARO Fn K-뉴딜디지털플러스,일반,FnGuide K-뉴딜 디지털 플러스 지수,50000.0,20201110,,23888.0,7465.0,-0.13,7521.35,-0.75,3200000.0,64.0,376067500.0
20260709,20260708,A368190,HANARO Fn K-뉴딜디지털플러스,일반,FnGuide K-뉴딜 디지털 플러스 지수,50000.0,20201110,,23248.0,7265.0,-2.68,7231.62,0.46,3200000.0,64.0,361581000.0
20260709,20260709,A368190,HANARO Fn K-뉴딜디지털플러스,일반,FnGuide K-뉴딜 디지털 플러스 지수,50000.0,20201110,,22480.0,7025.0,-3.3,7058.28,-0.47,3200000.0,64.0,352914000.0
20260709,20260703,A368680,KODEX K-뉴딜디지털플러스,일반,FnGuide K-뉴딜 디지털 플러스 지수,100000.0,20201110,,6997.5,7775.0,1.9,7768.18,0.09,900000.0,9.0,776818000.0
20260709,20260706,A368680,KODEX K-뉴딜디지털플러스,일반,FnGuide K-뉴딜 디지털 플러스 지수,100000.0,20201110,,6799.5,7555.0,-2.83,7627.9,-0.96,900000.0,9.0,762790000.0
20260709,20260707,A368680,KODEX K-뉴딜디지털플러스,일반,FnGuide K-뉴딜 디지털 플러스 지수,100000.0,20201110,,6853.5,7615.0,0.79,7582.42,0.43,900000.0,9.0,758242000.0
20260709,20260708,A368680,KODEX K-뉴딜디지털플러스,일반,FnGuide K-뉴딜 디지털 플러스 지수,100000.0,20201110,,6561.0,7290.0,-4.27,7289.26,0.01,900000.0,9.0,728926000.0
20260709,20260709,A368680,KODEX K-뉴딜디지털플러스,일반,FnGuide K-뉴딜 디지털 플러스 지수,100000.0,20201110,,6408.0,7120.0,-2.33,7113.87,0.09,900000.0,9.0,711387000.0
20260709,20260703,A373490,KODEX 코리아혁신성장액티브,일반,FnGuide K-이노베이션 지수,50000.0,20201224,,14500.0,29000.0,2.11,28933.93,0.23,500000.0,10.0,1446696500.0
20260709,20260706,A373490,KODEX 코리아혁신성장액티브,일반,FnGuide K-이노베이션 지수,50000.0,20201224,,14217.5,28435.0,-1.95,28298.46,0.48,500000.0,10.0,1414923000.0
20260709,20260707,A373490,KODEX 코리아혁신성장액티브,일반,FnGuide K-이노베이션 지수,50000.0,20201224,,13577.5,27155.0,-4.5,27060.23,0.35,500000.0,10.0,1353011500.0
20260709,20260708,A373490,KODEX 코리아혁신성장액티브,일반,FnGuide K-이노베이션 지수,50000.0,20201224,,12637.5,25275.0,-6.92,25481.89,-0.81,500000.0,10.0,1274094500.0
20260709,20260709,A373490,KODEX 코리아혁신성장액티브,일반,FnGuide K-이노베이션 지수,50000.0,20201224,,12100.0,24200.0,-4.25,25316.41,-4.41,500000.0,10.0,1265820500.0
20260709,20260703,A375760,HANARO 탄소효율그린뉴딜,일반,KRX/S&P 탄소효율 그린뉴딜지수,100000.0,20210205,,25470.0,28300.0,3.82,28576.86,-0.97,900000.0,9.0,2857686000.0
20260709,20260706,A375760,HANARO 탄소효율그린뉴딜,일반,KRX/S&P 탄소효율 그린뉴딜지수,100000.0,20210205,,25663.5,28515.0,0.76,28429.97,0.3,900000.0,9.0,2842997000.0
20260709,20260707,A375760,HANARO 탄소효율그린뉴딜,일반,KRX/S&P 탄소효율 그린뉴딜지수,100000.0,20210205,,24237.0,26930.0,-5.56,27090.87,-0.59,900000.0,9.0,2709087000.0
20260709,20260708,A375760,HANARO 탄소효율그린뉴딜,일반,KRX/S&P 탄소효율 그린뉴딜지수,100000.0,20210205,,23139.0,25710.0,-4.53,25601.71,0.42,900000.0,9.0,2560171000.0
20260709,20260709,A375760,HANARO 탄소효율그린뉴딜,일반,KRX/S&P 탄소효율 그린뉴딜지수,100000.0,20210205,,22923.0,25470.0,-0.93,25774.93,-1.18,900000.0,9.0,2577493000.0
20260709,20260703,A375770,KODEX 탄소효율그린뉴딜,일반,KRX/S&P 탄소효율 그린뉴딜지수,100000.0,20210205,,52281.0,29045.0,5.24,28932.64,0.39,1800000.0,18.0,2893264000.0
20260709,20260706,A375770,KODEX 탄소효율그린뉴딜,일반,KRX/S&P 탄소효율 그린뉴딜지수,100000.0,20210205,,51957.0,28865.0,-0.62,28785.17,0.28,1800000.0,18.0,2878517000.0
20260709,20260707,A375770,KODEX 탄소효율그린뉴딜,일반,KRX/S&P 탄소효율 그린뉴딜지수,100000.0,20210205,,48834.0,27130.0,-6.01,27439.91,-1.13,1800000.0,18.0,2743991000.0
20260709,20260708,A375770,KODEX 탄소효율그린뉴딜,일반,KRX/S&P 탄소효율 그린뉴딜지수,100000.0,20210205,,46368.0,25760.0,-5.05,25916.88,-0.61,1800000.0,18.0,2591688000.0
20260709,20260709,A375770,KODEX 탄소효율그린뉴딜,일반,KRX/S&P 탄소효율 그린뉴딜지수,100000.0,20210205,,46224.0,25680.0,-0.31,26098.49,-1.6,1800000.0,18.0,2609849000.0
20260709,20260703,A376410,TIGER 탄소효율그린뉴딜,일반,KRX/S&P 탄소효율 그린뉴딜지수,100000.0,20210205,,25848.0,28720.0,6.94,28590.64,0.45,900000.0,9.0,2859064000.0
20260709,20260706,A376410,TIGER 탄소효율그린뉴딜,일반,KRX/S&P 탄소효율 그린뉴딜지수,100000.0,20210205,,25546.5,28385.0,-1.17,28439.0,-0.19,900000.0,9.0,2843900000.0
20260709,20260707,A376410,TIGER 탄소효율그린뉴딜,일반,KRX/S&P 탄소효율 그린뉴딜지수,100000.0,20210205,,24282.0,26980.0,-4.95,27127.36,-0.54,900000.0,9.0,2712736000.0
20260709,20260708,A376410,TIGER 탄소효율그린뉴딜,일반,KRX/S&P 탄소효율 그린뉴딜지수,100000.0,20210205,,23175.0,25750.0,-4.56,25647.44,0.4,900000.0,9.0,2564744000.0
20260709,20260709,A376410,TIGER 탄소효율그린뉴딜,일반,KRX/S&P 탄소효율 그린뉴딜지수,100000.0,20210205,,23179.5,25755.0,0.02,25804.12,-0.19,900000.0,9.0,2580412000.0
20260709,20260703,A377990,TIGER Fn신재생에너지,일반,FnGuide 신재생에너지 지수,50000.0,20210305,,132177.5,26975.0,-3.02,26861.93,0.42,4900000.0,98.0,1343096500.0
20260709,20260706,A377990,TIGER Fn신재생에너지,일반,FnGuide 신재생에너지 지수,50000.0,20210305,,125219.5,25555.0,-5.26,25617.11,-0.24,4900000.0,98.0,1280855500.0
20260709,20260707,A377990,TIGER Fn신재생에너지,일반,FnGuide 신재생에너지 지수,50000.0,20210305,,120491.0,24590.0,-3.78,24597.97,-0.03,4900000.0,98.0,1229898500.0
20260709,20260708,A377990,TIGER Fn신재생에너지,일반,FnGuide 신재생에너지 지수,50000.0,20210305,,110642.0,22580.0,-8.17,22679.67,-0.44,4900000.0,98.0,1133983500.0
20260709,20260709,A377990,TIGER Fn신재생에너지,일반,FnGuide 신재생에너지 지수,50000.0,20210305,,111720.0,22800.0,0.97,22887.99,-0.38,4900000.0,98.0,1144399500.0
20260709,20260703,A380340,ACE 코리아AI테크핵심산업,일반,FnGuide 코리아AI테크핵심산업지수 (Price Return),100000.0,20210402,,38856.0,32380.0,1.95,32345.27,0.11,1200000.0,12.0,3234527000.0
20260709,20260706,A380340,ACE 코리아AI테크핵심산업,일반,FnGuide 코리아AI테크핵심산업지수 (Price Return),100000.0,20210402,,37830.0,31525.0,-2.64,31427.23,0.31,1200000.0,12.0,3142723000.0
20260709,20260707,A380340,ACE 코리아AI테크핵심산업,일반,FnGuide 코리아AI테크핵심산업지수 (Price Return),100000.0,20210402,,35994.0,29995.0,-4.85,30200.17,-0.68,1200000.0,12.0,3020017000.0
20260709,20260708,A380340,ACE 코리아AI테크핵심산업,일반,FnGuide 코리아AI테크핵심산업지수 (Price Return),100000.0,20210402,,33768.0,28140.0,-6.18,28303.24,-0.58,1200000.0,12.0,2830324000.0
20260709,20260709,A380340,ACE 코리아AI테크핵심산업,일반,FnGuide 코리아AI테크핵심산업지수 (Price Return),100000.0,20210402,,33468.0,27890.0,-0.89,28091.52,-0.72,1200000.0,12.0,2809152000.0
20260709,20260703,A381560,HANARO Fn전기&수소차,일반,FnGuide 전기&수소차 지수 (시장가격),50000.0,20210402,,26600.0,19000.0,1.58,18986.02,0.07,1400000.0,28.0,949301000.0
20260709,20260706,A381560,HANARO Fn전기&수소차,일반,FnGuide 전기&수소차 지수 (시장가격),50000.0,20210402,,26453.0,18895.0,-0.55,18835.11,0.32,1400000.0,28.0,941755500.0
20260709,20260707,A381560,HANARO Fn전기&수소차,일반,FnGuide 전기&수소차 지수 (시장가격),50000.0,20210402,,25270.0,18050.0,-4.47,18219.68,-0.93,1400000.0,28.0,910984000.0
20260709,20260708,A381560,HANARO Fn전기&수소차,일반,FnGuide 전기&수소차 지수 (시장가격),50000.0,20210402,,24458.0,17470.0,-3.21,17504.92,-0.2,1400000.0,28.0,875245999.9999999
20260709,20260709,A381560,HANARO Fn전기&수소차,일반,FnGuide 전기&수소차 지수 (시장가격),50000.0,20210402,,23786.0,16990.0,-2.75,16994.88,-0.03,1400000.0,28.0,849744000.0
20260709,20260703,A381570,HANARO Fn친환경에너지,일반,FnGuide 친환경에너지 지수 (시장가격),50000.0,20210402,,8742.25,10285.0,-1.01,10239.15,0.45,850000.0,17.0,511957500.0
20260709,20260706,A381570,HANARO Fn친환경에너지,일반,FnGuide 친환경에너지 지수 (시장가격),50000.0,20210402,,8415.0,9900.0,-3.74,9962.73,-0.63,850000.0,17.0,498136500.0
20260709,20260707,A381570,HANARO Fn친환경에너지,일반,FnGuide 친환경에너지 지수 (시장가격),50000.0,20210402,,8194.0,9640.0,-2.63,9660.51,-0.21,850000.0,17.0,483025500.0
20260709,20260708,A381570,HANARO Fn친환경에너지,일반,FnGuide 친환경에너지 지수 (시장가격),50000.0,20210402,,7735.0,9100.0,-5.6,9102.42,-0.03,850000.0,17.0,455121000.0
20260709,20260709,A381570,HANARO Fn친환경에너지,일반,FnGuide 친환경에너지 지수 (시장가격),50000.0,20210402,,7718.0,9080.0,-0.22,9067.67,0.14,850000.0,17.0,453383500.0
20260709,20260703,A385510,KODEX 신재생에너지액티브,일반,FnGuide K-신재생에너지플러스 지수,50000.0,20210525,,320182.5,38810.0,-1.28,38642.68,0.43,8250000.0,165.0,1932134000.0
20260709,20260706,A385510,KODEX 신재생에너지액티브,일반,FnGuide K-신재생에너지플러스 지수,50000.0,20210525,,310380.0,36950.0,-4.79,36844.12,0.29,8400000.0,168.0,1842206000.0000002
20260709,20260707,A385510,KODEX 신재생에너지액티브,일반,FnGuide K-신재생에너지플러스 지수,50000.0,20210525,,299670.0,35675.0,-3.45,35902.42,-0.63,8400000.0,168.0,1795121000.0
20260709,20260708,A385510,KODEX 신재생에너지액티브,일반,FnGuide K-신재생에너지플러스 지수,50000.0,20210525,,279468.0,33270.0,-6.74,33332.2,-0.19,8400000.0,168.0,1666609999.9999998
20260709,20260709,A385510,KODEX 신재생에너지액티브,일반,FnGuide K-신재생에너지플러스 지수,50000.0,20210525,,283668.0,33770.0,1.5,33439.28,0.99,8400000.0,168.0,1671964000.0
20260709,20260703,A385520,KODEX 자율주행액티브,일반,FnGuide K-미래차 지수,50000.0,20210525,,37159.5,17695.0,1.96,17631.68,0.36,2100000.0,42.0,881584000.0
20260709,20260706,A385520,KODEX 자율주행액티브,일반,FnGuide K-미래차 지수,50000.0,20210525,,36267.0,17270.0,-2.4,17381.3,-0.64,2100000.0,42.0,869065000.0
20260709,20260707,A385520,KODEX 자율주행액티브,일반,FnGuide K-미래차 지수,50000.0,20210525,,35311.5,16815.0,-2.63,16757.76,0.34,2100000.0,42.0,837887999.9999999
20260709,20260708,A385520,KODEX 자율주행액티브,일반,FnGuide K-미래차 지수,50000.0,20210525,,33432.0,15920.0,-5.32,16018.04,-0.61,2100000.0,42.0,800902000.0
20260709,20260709,A385520,KODEX 자율주행액티브,일반,FnGuide K-미래차 지수,50000.0,20210525,,33222.0,15820.0,-0.63,15924.57,-0.66,2100000.0,42.0,796228500.0
20260709,20260703,A385590,ACE ESG액티브,일반,MSCI Korea Country ESG Leaders Custom Capped Price return Index,100000.0,20210525,,64020.5,27835.0,5.94,27789.8,0.16,2300000.0,23.0,2778980000.0
20260709,20260706,A385590,ACE ESG액티브,일반,MSCI Korea Country ESG Leaders Custom Capped Price return Index,100000.0,20210525,,62974.0,27380.0,-1.63,27450.73,-0.26,2300000.0,23.0,2745073000.0
20260709,20260707,A385590,ACE ESG액티브,일반,MSCI Korea Country ESG Leaders Custom Capped Price return Index,100000.0,20210525,,59374.5,25815.0,-5.72,26124.83,-1.19,2300000.0,23.0,2612483000.0
20260709,20260708,A385590,ACE ESG액티브,일반,MSCI Korea Country ESG Leaders Custom Capped Price return Index,100000.0,20210525,,56844.5,24715.0,-4.26,24705.19,0.04,2300000.0,23.0,2470519000.0
20260709,20260709,A385590,ACE ESG액티브,일반,MSCI Korea Country ESG Leaders Custom Capped Price return Index,100000.0,20210525,,56465.0,24550.0,-0.67,24897.63,-1.4,2300000.0,23.0,2489763000.0
20260709,20260703,A385600,ACE 2차전지&친환경차액티브,일반,FnGuide 친환경자동차밸류체인 지수,100000.0,20210525,,18975.0,12650.0,0.88,12593.93,0.45,1500000.0,15.0,1259393000.0
20260709,20260706,A385600,ACE 2차전지&친환경차액티브,일반,FnGuide 친환경자동차밸류체인 지수,100000.0,20210525,,18607.5,12405.0,-1.94,12474.86,-0.56,1500000.0,15.0,1247486000.0
20260709,20260707,A385600,ACE 2차전지&친환경차액티브,일반,FnGuide 친환경자동차밸류체인 지수,100000.0,20210525,,18030.0,12020.0,-3.1,12102.24,-0.68,1500000.0,15.0,1210224000.0
20260709,20260708,A385600,ACE 2차전지&친환경차액티브,일반,FnGuide 친환경자동차밸류체인 지수,100000.0,20210525,,17512.5,11675.0,-2.87,11655.29,0.17,1500000.0,15.0,1165529000.0
20260709,20260709,A385600,ACE 2차전지&친환경차액티브,일반,FnGuide 친환경자동차밸류체인 지수,100000.0,20210525,,16897.5,11265.0,-3.51,11355.46,-0.8,1500000.0,15.0,1135546000.0
20260709,20260703,A385710,TIME K이노베이션액티브,일반,KRX BBIG 지수,100000.0,20210525,,12155.0,12155.0,0.45,12205.17,-0.41,1000000.0,10.0,1220517000.0
20260709,20260706,A385710,TIME K이노베이션액티브,일반,KRX BBIG 지수,100000.0,20210525,,11800.0,11800.0,-2.92,11779.07,0.18,1000000.0,10.0,1177907000.0
20260709,20260707,A385710,TIME K이노베이션액티브,일반,KRX BBIG 지수,100000.0,20210525,,11425.0,11425.0,-3.18,11405.64,0.17,1000000.0,10.0,1140564000.0
20260709,20260708,A385710,TIME K이노베이션액티브,일반,KRX BBIG 지수,100000.0,20210525,,10805.0,10805.0,-5.43,10858.23,-0.49,1000000.0,10.0,1085823000.0
20260709,20260709,A385710,TIME K이노베이션액티브,일반,KRX BBIG 지수,100000.0,20210525,,10615.0,10615.0,-1.76,10699.25,-0.79,1000000.0,10.0,1069925000.0
20260709,20260703,A385720,TIME 코스피액티브,일반,코스피지수,100000.0,20210525,,454524.0,30920.0,3.53,30778.73,0.46,14700000.0,147.0,3077873000.0
20260709,20260706,A385720,TIME 코스피액티브,일반,코스피지수,100000.0,20210525,,445042.5,30275.0,-2.09,30210.25,0.21,14700000.0,147.0,3021025000.0
20260709,20260707,A385720,TIME 코스피액티브,일반,코스피지수,100000.0,20210525,,426684.0,28830.0,-4.77,29096.93,-0.92,14800000.0,148.0,2909693000.0
20260709,20260708,A385720,TIME 코스피액티브,일반,코스피지수,100000.0,20210525,,408036.0,27570.0,-4.37,27445.69,0.45,14800000.0,148.0,2744569000.0
20260709,20260709,A385720,TIME 코스피액티브,일반,코스피지수,100000.0,20210525,,410346.0,27540.0,-0.11,27492.6,0.17,14900000.0,149.0,2749260000.0
20260709,20260703,A387280,TIGER 퓨처모빌리티액티브,일반,FnGuide 퓨처모빌리티 지수,10000.0,20210525,,17493.0,12495.0,1.63,12541.43,-0.37,1400000.0,140.0,125414300.0
20260709,20260706,A387280,TIGER 퓨처모빌리티액티브,일반,FnGuide 퓨처모빌리티 지수,10000.0,20210525,,17185.0,12275.0,-1.76,12323.88,-0.4,1400000.0,140.0,123238799.99999999
20260709,20260707,A387280,TIGER 퓨처모빌리티액티브,일반,FnGuide 퓨처모빌리티 지수,10000.0,20210525,,16443.0,11745.0,-4.32,11827.27,-0.7,1400000.0,140.0,118272700.0
20260709,20260708,A387280,TIGER 퓨처모빌리티액티브,일반,FnGuide 퓨처모빌리티 지수,10000.0,20210525,,15680.0,11200.0,-4.64,11218.07,-0.16,1400000.0,140.0,112180700.0
20260709,20260709,A387280,TIGER 퓨처모빌리티액티브,일반,FnGuide 퓨처모빌리티 지수,10000.0,20210525,,15435.0,11025.0,-1.56,11106.79,-0.74,1400000.0,140.0,111067900.00000001
20260709,20260703,A388280,RISE K엔터&여행레저,일반,FnGuide K엔터&여행레저 지수,20000.0,20210610,,28779.3,8415.0,-1.35,8392.37,0.27,3420000.0,171.0,167847400.00000003
20260709,20260706,A388280,RISE K엔터&여행레저,일반,FnGuide K엔터&여행레저 지수,20000.0,20210610,,28745.1,8405.0,-0.12,8446.91,-0.5,3420000.0,171.0,168938200.0
20260709,20260707,A388280,RISE K엔터&여행레저,일반,FnGuide K엔터&여행레저 지수,20000.0,20210610,,29377.8,8590.0,2.2,8640.26,-0.58,3420000.0,171.0,172805200.0
20260709,20260708,A388280,RISE K엔터&여행레저,일반,FnGuide K엔터&여행레저 지수,20000.0,20210610,,28135.0,8275.0,-3.67,8329.47,-0.65,3400000.0,170.0,166589400.0
20260709,20260709,A388280,RISE K엔터&여행레저,일반,FnGuide K엔터&여행레저 지수,20000.0,20210610,,27183.0,7995.0,-3.38,8047.23,-0.65,3400000.0,170.0,160944600.0
20260709,20260703,A388420,RISE 비메모리반도체액티브,일반,iSelect 비메모리반도체 지수(시장가격지수),20000.0,20210610,,306465.9,34905.0,4.82,34820.94,0.24,8780000.0,439.0,696418800.0
20260709,20260706,A388420,RISE 비메모리반도체액티브,일반,iSelect 비메모리반도체 지수(시장가격지수),20000.0,20210610,,295929.9,33705.0,-3.44,33753.54,-0.14,8780000.0,439.0,675070800.0
20260709,20260707,A388420,RISE 비메모리반도체액티브,일반,iSelect 비메모리반도체 지수(시장가격지수),20000.0,20210610,,281127.8,31730.0,-5.86,31631.76,0.31,8860000.0,443.0,632635200.0
20260709,20260708,A388420,RISE 비메모리반도체액티브,일반,iSelect 비메모리반도체 지수(시장가격지수),20000.0,20210610,,265484.8,29630.0,-6.62,29631.3,0.0,8960000.0,448.0,592626000.0
20260709,20260709,A388420,RISE 비메모리반도체액티브,일반,iSelect 비메모리반도체 지수(시장가격지수),20000.0,20210610,,273844.0,30700.0,3.61,30733.46,-0.11,8920000.0,446.0,614669200.0
20260709,20260703,A391670,HK 베스트일레븐액티브,일반,코스피 200,50000.0,20210706,,22633.0,34820.0,4.08,35245.58,-1.21,650000.0,13.0,1762279000.0
20260709,20260706,A391670,HK 베스트일레븐액티브,일반,코스피 200,50000.0,20210706,,22571.25,34725.0,-0.27,34739.99,-0.04,650000.0,13.0,1736999500.0
20260709,20260707,A391670,HK 베스트일레븐액티브,일반,코스피 200,50000.0,20210706,,21076.25,32425.0,-6.62,32622.65,-0.61,650000.0,13.0,1631132500.0
20260709,20260708,A391670,HK 베스트일레븐액티브,일반,코스피 200,50000.0,20210706,,19763.25,30405.0,-6.23,30546.35,-0.46,650000.0,13.0,1527317500.0
20260709,20260709,A391670,HK 베스트일레븐액티브,일반,코스피 200,50000.0,20210706,,20120.75,30955.0,1.81,30880.59,0.24,650000.0,13.0,1544029500.0
20260709,20260703,A395150,KODEX 웹툰&드라마,일반,FnGuide 웹툰&드라마 지수,100000.0,20210730,,9204.0,1770.0,-0.06,1772.93,-0.17,5200000.0,52.0,177293000.0
20260709,20260706,A395150,KODEX 웹툰&드라마,일반,FnGuide 웹툰&드라마 지수,100000.0,20210730,,9188.4,1767.0,-0.17,1778.39,-0.64,5200000.0,52.0,177839000.0
20260709,20260707,A395150,KODEX 웹툰&드라마,일반,FnGuide 웹툰&드라마 지수,100000.0,20210730,,9339.2,1796.0,1.64,1802.96,-0.39,5200000.0,52.0,180296000.0
20260709,20260708,A395150,KODEX 웹툰&드라마,일반,FnGuide 웹툰&드라마 지수,100000.0,20210730,,9178.0,1765.0,-1.73,1768.7,-0.21,5200000.0,52.0,176870000.0
20260709,20260709,A395150,KODEX 웹툰&드라마,일반,FnGuide 웹툰&드라마 지수,100000.0,20210730,,9183.2,1766.0,0.06,1781.81,-0.89,5200000.0,52.0,178181000.0
20260709,20260703,A395160,KODEX AI반도체TOP2플러스,일반,FnGuide AI반도체 TOP2+ 지수,100000.0,20210730,,4972616.0,53240.0,5.43,53122.34,0.22,93400000.0,934.0,5312234000.0
20260709,20260706,A395160,KODEX AI반도체TOP2플러스,일반,FnGuide AI반도체 TOP2+ 지수,100000.0,20210730,,4856757.0,51070.0,-4.08,51194.59,-0.24,95100000.0,951.0,5119459000.0
20260709,20260707,A395160,KODEX AI반도체TOP2플러스,일반,FnGuide AI반도체 TOP2+ 지수,100000.0,20210730,,4561110.0,46925.0,-8.12,47293.9,-0.78,97200000.0,972.0,4729390000.0
20260709,20260708,A395160,KODEX AI반도체TOP2플러스,일반,FnGuide AI반도체 TOP2+ 지수,100000.0,20210730,,4282191.0,43965.0,-6.31,44024.14,-0.13,97400000.0,974.0,4402414000.0
20260709,20260709,A395160,KODEX AI반도체TOP2플러스,일반,FnGuide AI반도체 TOP2+ 지수,100000.0,20210730,,4424231.0,45470.0,3.42,45354.66,0.25,97300000.0,973.0,4535466000.0
20260709,20260703,A395170,KODEX Top10동일가중,일반,FnGuide TOP10 동일가중 지수,100000.0,20210730,,38790.0,19395.0,4.36,19419.89,-0.13,2000000.0,20.0,1941989000.0
20260709,20260706,A395170,KODEX Top10동일가중,일반,FnGuide TOP10 동일가중 지수,100000.0,20210730,,38450.0,19225.0,-0.88,19295.47,-0.37,2000000.0,20.0,1929547000.0
20260709,20260707,A395170,KODEX Top10동일가중,일반,FnGuide TOP10 동일가중 지수,100000.0,20210730,,36130.0,18065.0,-6.03,18069.97,-0.03,2000000.0,20.0,1806997000.0
20260709,20260708,A395170,KODEX Top10동일가중,일반,FnGuide TOP10 동일가중 지수,100000.0,20210730,,33800.0,16900.0,-6.45,16976.61,-0.45,2000000.0,20.0,1697661000.0
20260709,20260709,A395170,KODEX Top10동일가중,일반,FnGuide TOP10 동일가중 지수,100000.0,20210730,,33680.0,16840.0,-0.36,16842.65,-0.02,2000000.0,20.0,1684265000.0000002
20260709,20260703,A395270,HANARO Fn K-반도체,일반,FnGuide K-반도체 지수 (시장가격),50000.0,20210730,,5260654.5,75045.0,5.73,74700.92,0.46,70100000.0,1402.0,3735046000.0
20260709,20260706,A395270,HANARO Fn K-반도체,일반,FnGuide K-반도체 지수 (시장가격),50000.0,20210730,,5007345.0,72100.0,-3.92,72076.87,0.03,69450000.0,1389.0,3603843500.0
20260709,20260707,A395270,HANARO Fn K-반도체,일반,FnGuide K-반도체 지수 (시장가격),50000.0,20210730,,4643614.5,66290.0,-8.06,66657.01,-0.55,70050000.0,1401.0,3332850499.9999995
20260709,20260708,A395270,HANARO Fn K-반도체,일반,FnGuide K-반도체 지수 (시장가격),50000.0,20210730,,4166723.75,61775.0,-6.81,62132.75,-0.58,67450000.0,1349.0,3106637500.0
20260709,20260709,A395270,HANARO Fn K-반도체,일반,FnGuide K-반도체 지수 (시장가격),50000.0,20210730,,4239222.75,64085.0,3.74,64039.44,0.07,66150000.0,1323.0,3201972000.0
20260709,20260703,A395280,HANARO Fn K-게임,일반,FnGuide K-게임 지수 (시장가격),50000.0,20210730,,8928.0,3720.0,-1.98,3730.78,-0.29,2400000.0,48.0,186539000.0
20260709,20260706,A395280,HANARO Fn K-게임,일반,FnGuide K-게임 지수 (시장가격),50000.0,20210730,,8784.0,3660.0,-1.61,3705.02,-1.22,2400000.0,48.0,185251000.0
20260709,20260707,A395280,HANARO Fn K-게임,일반,FnGuide K-게임 지수 (시장가격),50000.0,20210730,,9000.0,3750.0,2.46,3796.8,-1.23,2400000.0,48.0,189840000.0
20260709,20260708,A395280,HANARO Fn K-게임,일반,FnGuide K-게임 지수 (시장가격),50000.0,20210730,,9108.0,3795.0,1.2,3776.98,0.48,2400000.0,48.0,188849000.0
20260709,20260709,A395280,HANARO Fn K-게임,일반,FnGuide K-게임 지수 (시장가격),50000.0,20210730,,9192.0,3830.0,0.92,3705.01,3.37,2400000.0,48.0,185250500.0
20260709,20260703,A395290,HANARO Fn K-POP&미디어,일반,FnGuide K-POP&미디어 지수 (시장가격),50000.0,20210730,,34437.5,5510.0,-3.67,5510.13,0.0,6250000.0,125.0,275506500.0
20260709,20260706,A395290,HANARO Fn K-POP&미디어,일반,FnGuide K-POP&미디어 지수 (시장가격),50000.0,20210730,,34937.0,5635.0,2.27,5638.74,-0.07,6200000.0,124.0,281937000.0
20260709,20260707,A395290,HANARO Fn K-POP&미디어,일반,FnGuide K-POP&미디어 지수 (시장가격),50000.0,20210730,,36394.0,5870.0,4.17,5862.18,0.13,6200000.0,124.0,293109000.0
20260709,20260708,A395290,HANARO Fn K-POP&미디어,일반,FnGuide K-POP&미디어 지수 (시장가격),50000.0,20210730,,35718.75,5715.0,-2.64,5705.92,0.16,6250000.0,125.0,285296000.0
20260709,20260709,A395290,HANARO Fn K-POP&미디어,일반,FnGuide K-POP&미디어 지수 (시장가격),50000.0,20210730,,34562.5,5530.0,-3.24,5494.12,0.65,6250000.0,125.0,274706000.0
20260709,20260703,A395750,PLUS ESG가치주액티브,일반,FnGuide 한화 ESG Value 지수,50000.0,20210730,,9672.0,24180.0,4.36,24147.99,0.13,400000.0,8.0,1207399500.0
20260709,20260706,A395750,PLUS ESG가치주액티브,일반,FnGuide 한화 ESG Value 지수,50000.0,20210730,,9508.0,23770.0,-1.7,23987.47,-0.91,400000.0,8.0,1199373500.0
20260709,20260707,A395750,PLUS ESG가치주액티브,일반,FnGuide 한화 ESG Value 지수,50000.0,20210730,,9114.0,22785.0,-4.14,22967.07,-0.79,400000.0,8.0,1148353500.0
20260709,20260708,A395750,PLUS ESG가치주액티브,일반,FnGuide 한화 ESG Value 지수,50000.0,20210730,,8692.0,21730.0,-4.63,21811.04,-0.37,400000.0,8.0,1090552000.0
20260709,20260709,A395750,PLUS ESG가치주액티브,일반,FnGuide 한화 ESG Value 지수,50000.0,20210730,,8788.0,21970.0,1.1,21897.33,0.33,400000.0,8.0,1094866500.0
20260709,20260703,A395760,PLUS ESG성장주액티브,일반,FnGuide 한화 ESG Growth 지수,50000.0,20210730,,14901.0,24835.0,4.13,24810.75,0.1,600000.0,12.0,1240537500.0
20260709,20260706,A395760,PLUS ESG성장주액티브,일반,FnGuide 한화 ESG Growth 지수,50000.0,20210730,,14718.0,24530.0,-1.23,24663.92,-0.54,600000.0,12.0,1233196000.0
20260709,20260707,A395760,PLUS ESG성장주액티브,일반,FnGuide 한화 ESG Growth 지수,50000.0,20210730,,13764.0,22940.0,-6.48,23601.67,-2.8,600000.0,12.0,1180083500.0
20260709,20260708,A395760,PLUS ESG성장주액티브,일반,FnGuide 한화 ESG Growth 지수,50000.0,20210730,,13347.0,22245.0,-3.03,22302.43,-0.26,600000.0,12.0,1115121500.0
20260709,20260709,A395760,PLUS ESG성장주액티브,일반,FnGuide 한화 ESG Growth 지수,50000.0,20210730,,13395.0,22325.0,0.36,22381.23,-0.25,600000.0,12.0,1119061500.0
20260709,20260703,A396500,TIGER 반도체TOP10,일반,FnGuide 반도체TOP10 지수,50000.0,20210810,,11166795.0,45700.0,4.23,45601.1,0.22,244350000.0,4887.0,2280055000.0
20260709,20260706,A396500,TIGER 반도체TOP10,일반,FnGuide 반도체TOP10 지수,50000.0,20210810,,10895825.0,44500.0,-2.63,44427.78,0.16,244850000.0,4897.0,2221389000.0
20260709,20260707,A396500,TIGER 반도체TOP10,일반,FnGuide 반도체TOP10 지수,50000.0,20210810,,10234106.25,41375.0,-7.02,41410.87,-0.09,247350000.0,4947.0,2070543500.0000002
20260709,20260708,A396500,TIGER 반도체TOP10,일반,FnGuide 반도체TOP10 지수,50000.0,20210810,,9599820.0,38600.0,-6.71,38794.48,-0.5,248700000.0,4974.0,1939724000.0000002
20260709,20260709,A396500,TIGER 반도체TOP10,일반,FnGuide 반도체TOP10 지수,50000.0,20210810,,10046517.0,40170.0,4.07,40246.66,-0.19,250100000.0,5002.0,2012333000.0000002
20260709,20260703,A400970,TIGER Fn메타버스,일반,FnGuide 메타버스테마 지수,50000.0,20211013,,42978.0,8265.0,-1.96,8304.77,-0.48,5200000.0,104.0,415238500.0
20260709,20260706,A400970,TIGER Fn메타버스,일반,FnGuide 메타버스테마 지수,50000.0,20211013,,43134.0,8295.0,0.36,8288.78,0.08,5200000.0,104.0,414439000.00000006
20260709,20260707,A400970,TIGER Fn메타버스,일반,FnGuide 메타버스테마 지수,50000.0,20211013,,43758.0,8415.0,1.45,8439.47,-0.29,5200000.0,104.0,421973499.99999994
20260709,20260708,A400970,TIGER Fn메타버스,일반,FnGuide 메타버스테마 지수,50000.0,20211013,,43342.0,8335.0,-0.95,8321.03,0.17,5200000.0,104.0,416051500.00000006
20260709,20260709,A400970,TIGER Fn메타버스,일반,FnGuide 메타버스테마 지수,50000.0,20211013,,42042.0,8085.0,-3.0,8044.6,0.5,5200000.0,104.0,402230000.0
20260709,20260703,A401170,RISE 메타버스,일반,iSelect 메타버스 지수(시장가격지수),20000.0,20211013,,50306.4,12330.0,-1.95,12372.56,-0.34,4080000.0,204.0,247451200.0
20260709,20260706,A401170,RISE 메타버스,일반,iSelect 메타버스 지수(시장가격지수),20000.0,20211013,,50184.0,12300.0,-0.24,12269.55,0.25,4080000.0,204.0,245391000.0
20260709,20260707,A401170,RISE 메타버스,일반,iSelect 메타버스 지수(시장가격지수),20000.0,20211013,,49651.6,12290.0,-0.08,12338.39,-0.39,4040000.0,202.0,246767800.0
20260709,20260708,A401170,RISE 메타버스,일반,iSelect 메타버스 지수(시장가격지수),20000.0,20211013,,48944.6,12115.0,-1.42,12078.86,0.3,4040000.0,202.0,241577200.0
20260709,20260709,A401170,RISE 메타버스,일반,iSelect 메타버스 지수(시장가격지수),20000.0,20211013,,47369.0,11725.0,-3.22,11705.77,0.16,4040000.0,202.0,234115400.0
20260709,20260703,A401470,KODEX 메타버스액티브,일반,FnGuide K-메타버스 지수,50000.0,20211013,,62067.5,10175.0,2.26,10213.17,-0.37,6100000.0,122.0,510658500.0
20260709,20260706,A401470,KODEX 메타버스액티브,일반,FnGuide K-메타버스 지수,50000.0,20211013,,62220.0,10200.0,0.25,10246.26,-0.45,6100000.0,122.0,512313000.0
20260709,20260707,A401470,KODEX 메타버스액티브,일반,FnGuide K-메타버스 지수,50000.0,20211013,,62586.0,10260.0,0.59,10309.54,-0.48,6100000.0,122.0,515477000.00000006
20260709,20260708,A401470,KODEX 메타버스액티브,일반,FnGuide K-메타버스 지수,50000.0,20211013,,61213.5,10035.0,-2.19,10039.44,-0.04,6100000.0,122.0,501972000.0
20260709,20260709,A401470,KODEX 메타버스액티브,일반,FnGuide K-메타버스 지수,50000.0,20211013,,61000.0,10000.0,-0.35,9883.22,1.18,6100000.0,122.0,494160999.99999994
20260709,20260703,A402460,HANARO Fn K-메타버스MZ,일반,FnGuide K-메타버스 MZ 지수(시장가격),50000.0,20211013,,8648.75,15725.0,-0.47,15729.08,-0.03,550000.0,11.0,786454000.0
20260709,20260706,A402460,HANARO Fn K-메타버스MZ,일반,FnGuide K-메타버스 MZ 지수(시장가격),50000.0,20211013,,8560.75,15565.0,-1.02,15521.2,0.28,550000.0,11.0,776060000.0
20260709,20260707,A402460,HANARO Fn K-메타버스MZ,일반,FnGuide K-메타버스 MZ 지수(시장가격),50000.0,20211013,,8475.5,15410.0,-1.0,15515.53,-0.68,550000.0,11.0,775776500.0
20260709,20260708,A402460,HANARO Fn K-메타버스MZ,일반,FnGuide K-메타버스 MZ 지수(시장가격),50000.0,20211013,,8338.0,15160.0,-1.62,15213.96,-0.35,550000.0,11.0,760698000.0
20260709,20260709,A402460,HANARO Fn K-메타버스MZ,일반,FnGuide K-메타버스 MZ 지수(시장가격),50000.0,20211013,,8145.5,14810.0,-2.31,15080.01,-1.79,550000.0,11.0,754000500.0
20260709,20260703,A403790,MIDAS 코스피액티브,일반,코스피지수,75000.0,20211013,,197554.5,67540.0,5.01,67581.81,-0.06,2925000.0,39.0,5068635750.0
20260709,20260706,A403790,MIDAS 코스피액티브,일반,코스피지수,75000.0,20211013,,197086.5,67380.0,-0.24,67526.83,-0.22,2925000.0,39.0,5064512250.0
20260709,20260707,A403790,MIDAS 코스피액티브,일반,코스피지수,75000.0,20211013,,189057.38,64635.0,-4.07,64339.0,0.46,2925000.0,39.0,4825425000.0
20260709,20260708,A403790,MIDAS 코스피액티브,일반,코스피지수,75000.0,20211013,,179200.13,61265.0,-5.21,61174.27,0.15,2925000.0,39.0,4588070250.0
20260709,20260709,A403790,MIDAS 코스피액티브,일반,코스피지수,75000.0,20211013,,179448.75,61350.0,0.14,61440.87,-0.15,2925000.0,39.0,4608065250.0
20260709,20260703,A404120,TIME K신재생에너지액티브,일반,KRX 기후변화 솔루션지수,100000.0,20211029,,19162.5,27375.0,-0.33,27543.48,-0.61,700000.0,7.0,2754348000.0
20260709,20260706,A404120,TIME K신재생에너지액티브,일반,KRX 기후변화 솔루션지수,100000.0,20211029,,18875.5,26965.0,-1.5,27055.45,-0.33,700000.0,7.0,2705545000.0
20260709,20260707,A404120,TIME K신재생에너지액티브,일반,KRX 기후변화 솔루션지수,100000.0,20211029,,17990.0,25700.0,-4.69,25822.14,-0.47,700000.0,7.0,2582214000.0
20260709,20260708,A404120,TIME K신재생에너지액티브,일반,KRX 기후변화 솔루션지수,100000.0,20211029,,16884.0,24120.0,-6.15,24212.83,-0.38,700000.0,7.0,2421283000.0
20260709,20260709,A404120,TIME K신재생에너지액티브,일반,KRX 기후변화 솔루션지수,100000.0,20211029,,16821.0,24030.0,-0.37,24210.54,-0.75,700000.0,7.0,2421054000.0
20260709,20260703,A404260,KODEX 기후변화솔루션,일반,KRX 기후변화 솔루션지수,100000.0,20211029,,23530.5,26145.0,-0.53,26175.89,-0.12,900000.0,9.0,2617589000.0
20260709,20260706,A404260,KODEX 기후변화솔루션,일반,KRX 기후변화 솔루션지수,100000.0,20211029,,23359.5,25955.0,-0.73,25901.42,0.21,900000.0,9.0,2590142000.0
20260709,20260707,A404260,KODEX 기후변화솔루션,일반,KRX 기후변화 솔루션지수,100000.0,20211029,,22266.0,24740.0,-4.68,24735.35,0.02,900000.0,9.0,2473535000.0
20260709,20260708,A404260,KODEX 기후변화솔루션,일반,KRX 기후변화 솔루션지수,100000.0,20211029,,20898.0,23220.0,-6.14,23385.45,-0.71,900000.0,9.0,2338545000.0
20260709,20260709,A404260,KODEX 기후변화솔루션,일반,KRX 기후변화 솔루션지수,100000.0,20211029,,20466.0,22740.0,-2.07,23215.25,-2.05,900000.0,9.0,2321525000.0
20260709,20260703,A404540,TIGER KRX기후변화솔루션,일반,KRX 기후변화 솔루션지수,50000.0,20211029,,14522.75,26405.0,1.11,26390.0,0.06,550000.0,11.0,1319500000.0
20260709,20260706,A404540,TIGER KRX기후변화솔루션,일반,KRX 기후변화 솔루션지수,50000.0,20211029,,10376.0,25940.0,-1.76,26111.0,-0.65,400000.0,8.0,1305550000.0
20260709,20260707,A404540,TIGER KRX기후변화솔루션,일반,KRX 기후변화 솔루션지수,50000.0,20211029,,9900.0,24750.0,-4.59,24933.51,-0.74,400000.0,8.0,1246675500.0
20260709,20260708,A404540,TIGER KRX기후변화솔루션,일반,KRX 기후변화 솔루션지수,50000.0,20211029,,9360.0,23400.0,-5.45,23567.83,-0.71,400000.0,8.0,1178391500.0
20260709,20260709,A404540,TIGER KRX기후변화솔루션,일반,KRX 기후변화 솔루션지수,50000.0,20211029,,9326.0,23315.0,-0.36,23398.19,-0.36,400000.0,8.0,1169909500.0
20260709,20260703,A404650,SOL KRX기후변화솔루션,일반,KRX 기후변화 솔루션지수,100000.0,20211029,,15642.0,26070.0,-1.25,26172.36,-0.39,600000.0,6.0,2617236000.0
20260709,20260706,A404650,SOL KRX기후변화솔루션,일반,KRX 기후변화 솔루션지수,100000.0,20211029,,15555.0,25925.0,-0.56,25904.92,0.08,600000.0,6.0,2590492000.0
20260709,20260707,A404650,SOL KRX기후변화솔루션,일반,KRX 기후변화 솔루션지수,100000.0,20211029,,14829.0,24715.0,-4.67,24734.73,-0.08,600000.0,6.0,2473473000.0
20260709,20260708,A404650,SOL KRX기후변화솔루션,일반,KRX 기후변화 솔루션지수,100000.0,20211029,,13965.0,23275.0,-5.83,23381.58,-0.46,600000.0,6.0,2338158000.0
20260709,20260709,A404650,SOL KRX기후변화솔루션,일반,KRX 기후변화 솔루션지수,100000.0,20211029,,13836.0,23060.0,-0.92,23212.78,-0.66,600000.0,6.0,2321278000.0
20260709,20260703,A407300,HANARO Fn골프테마,일반,FnGuide 골프 테마 지수(시장가격),50000.0,20211124,,6575.25,11955.0,0.8,12034.46,-0.66,550000.0,11.0,601723000.0
20260709,20260706,A407300,HANARO Fn골프테마,일반,FnGuide 골프 테마 지수(시장가격),50000.0,20211124,,6547.75,11905.0,-0.42,11981.34,-0.64,550000.0,11.0,599067000.0
20260709,20260707,A407300,HANARO Fn골프테마,일반,FnGuide 골프 테마 지수(시장가격),50000.0,20211124,,6429.5,11690.0,-1.81,11803.02,-0.96,550000.0,11.0,590151000.0
20260709,20260708,A407300,HANARO Fn골프테마,일반,FnGuide 골프 테마 지수(시장가격),50000.0,20211124,,6270.0,11400.0,-2.48,11279.39,1.07,550000.0,11.0,563969500.0
20260709,20260709,A407300,HANARO Fn골프테마,일반,FnGuide 골프 테마 지수(시장가격),50000.0,20211124,,6110.5,11110.0,-2.54,11183.86,-0.66,550000.0,11.0,559193000.0
20260709,20260703,A407310,HANARO 200 TOP10,일반,KOSPI 200 Top 10 지수(시장가격),50000.0,20211124,,23448.0,19540.0,3.14,19607.17,-0.34,1200000.0,24.0,980358499.9999999
20260709,20260706,A407310,HANARO 200 TOP10,일반,KOSPI 200 Top 10 지수(시장가격),50000.0,20211124,,23430.0,19525.0,-0.08,19489.43,0.18,1200000.0,24.0,974471500.0
20260709,20260707,A407310,HANARO 200 TOP10,일반,KOSPI 200 Top 10 지수(시장가격),50000.0,20211124,,22266.0,18555.0,-4.97,18524.99,0.16,1200000.0,24.0,926249500.0000001
20260709,20260708,A407310,HANARO 200 TOP10,일반,KOSPI 200 Top 10 지수(시장가격),50000.0,20211124,,21108.0,17590.0,-5.2,17565.01,0.14,1200000.0,24.0,878250499.9999999
20260709,20260709,A407310,HANARO 200 TOP10,일반,KOSPI 200 Top 10 지수(시장가격),50000.0,20211124,,20778.0,17315.0,-1.56,17280.41,0.2,1200000.0,24.0,864020500.0
20260709,20260703,A407820,에셋플러스 코리아플랫폼액티브,일반,FnGuide 플랫폼 지수(Price Return),100000.0,20211116,,12897.0,7165.0,1.34,7139.24,0.36,1800000.0,18.0,713924000.0
20260709,20260706,A407820,에셋플러스 코리아플랫폼액티브,일반,FnGuide 플랫폼 지수(Price Return),100000.0,20211116,,12672.0,7040.0,-1.74,7020.29,0.28,1800000.0,18.0,702029000.0
20260709,20260707,A407820,에셋플러스 코리아플랫폼액티브,일반,FnGuide 플랫폼 지수(Price Return),100000.0,20211116,,12429.0,6905.0,-1.92,6879.65,0.37,1800000.0,18.0,687965000.0
20260709,20260708,A407820,에셋플러스 코리아플랫폼액티브,일반,FnGuide 플랫폼 지수(Price Return),100000.0,20211116,,11853.0,6585.0,-4.63,6561.19,0.36,1800000.0,18.0,656119000.0
20260709,20260709,A407820,에셋플러스 코리아플랫폼액티브,일반,FnGuide 플랫폼 지수(Price Return),100000.0,20211116,,11826.0,6570.0,-0.23,6535.72,0.52,1800000.0,18.0,653572000.0
20260709,20260703,A410870,TIME K컬처액티브,일반,FnGuide K-컬처 지수,100000.0,20211215,,11665.5,10605.0,-3.11,10539.1,0.63,1100000.0,11.0,1053910000.0
20260709,20260706,A410870,TIME K컬처액티브,일반,FnGuide K-컬처 지수,100000.0,20211215,,11506.0,10460.0,-1.37,10432.26,0.27,1100000.0,11.0,1043226000.0
20260709,20260707,A410870,TIME K컬처액티브,일반,FnGuide K-컬처 지수,100000.0,20211215,,11880.0,10800.0,3.25,10794.3,0.05,1100000.0,11.0,1079430000.0
20260709,20260708,A410870,TIME K컬처액티브,일반,FnGuide K-컬처 지수,100000.0,20211215,,11390.5,10355.0,-4.12,10306.54,0.47,1100000.0,11.0,1030654000.0000001
20260709,20260709,A410870,TIME K컬처액티브,일반,FnGuide K-컬처 지수,100000.0,20211215,,11055.0,10050.0,-2.95,10033.9,0.16,1100000.0,11.0,1003390000.0
20260709,20260703,A411540,SOL 200 Top10,일반,KOSPI 200 Top 10 지수(시장가격),100000.0,20211209,,28112.0,20080.0,3.59,20047.13,0.16,1400000.0,14.0,2004713000.0
20260709,20260706,A411540,SOL 200 Top10,일반,KOSPI 200 Top 10 지수(시장가격),100000.0,20211209,,29940.0,19960.0,-0.6,19926.28,0.17,1500000.0,15.0,1992628000.0
20260709,20260707,A411540,SOL 200 Top10,일반,KOSPI 200 Top 10 지수(시장가격),100000.0,20211209,,28447.5,18965.0,-4.98,18937.83,0.14,1500000.0,15.0,1893783000.0000002
20260709,20260708,A411540,SOL 200 Top10,일반,KOSPI 200 Top 10 지수(시장가격),100000.0,20211209,,26970.0,17980.0,-5.19,17954.92,0.14,1500000.0,15.0,1795491999.9999998
20260709,20260709,A411540,SOL 200 Top10,일반,KOSPI 200 Top 10 지수(시장가격),100000.0,20211209,,26737.5,17825.0,-0.86,17660.73,0.93,1500000.0,15.0,1766073000.0
20260709,20260703,A412560,TIGER BBIG레버리지,레버리지,KRX BBIG 레버리지 지수,50000.0,20211215,,1171.3,1802.0,-1.85,1801.09,0.05,650000.0,13.0,90054500.0
20260709,20260706,A412560,TIGER BBIG레버리지,레버리지,KRX BBIG 레버리지 지수,50000.0,20211215,,1143.35,1759.0,-2.39,1743.7,0.88,650000.0,13.0,87185000.0
20260709,20260707,A412560,TIGER BBIG레버리지,레버리지,KRX BBIG 레버리지 지수,50000.0,20211215,,1129.7,1738.0,-1.19,1742.9,-0.28,650000.0,13.0,87145000.0
20260709,20260708,A412560,TIGER BBIG레버리지,레버리지,KRX BBIG 레버리지 지수,50000.0,20211215,,1071.85,1649.0,-5.12,1644.24,0.29,650000.0,13.0,82212000.0
20260709,20260709,A412560,TIGER BBIG레버리지,레버리지,KRX BBIG 레버리지 지수,50000.0,20211215,,1004.25,1545.0,-6.31,1558.72,-0.88,650000.0,13.0,77936000.0
20260709,20260703,A412570,TIGER 2차전지TOP10레버리지,레버리지,KRX 2차전지 TOP 10 레버리지 지수,50000.0,20211215,,158432.3,1222.0,1.83,1204.65,1.44,129650000.0,2593.0,60232500.00000001
20260709,20260706,A412570,TIGER 2차전지TOP10레버리지,레버리지,KRX 2차전지 TOP 10 레버리지 지수,50000.0,20211215,,152574.0,1180.0,-3.44,1156.78,2.01,129300000.0,2586.0,57839000.0
20260709,20260707,A412570,TIGER 2차전지TOP10레버리지,레버리지,KRX 2차전지 TOP 10 레버리지 지수,50000.0,20211215,,142939.1,1097.0,-7.03,1084.99,1.11,130300000.0,2606.0,54249500.0
20260709,20260708,A412570,TIGER 2차전지TOP10레버리지,레버리지,KRX 2차전지 TOP 10 레버리지 지수,50000.0,20211215,,127414.35,973.0,-11.3,959.99,1.36,130950000.0,2619.0,47999500.0
20260709,20260709,A412570,TIGER 2차전지TOP10레버리지,레버리지,KRX 2차전지 TOP 10 레버리지 지수,50000.0,20211215,,127540.85,971.0,-0.21,941.26,3.16,131350000.0,2627.0,47063000.0
20260709,20260703,A413930,WON AI ESG액티브,일반,MK-iSelect AI ESG 지수(시장가격지수),50000.0,20220105,,18447.0,33540.0,4.57,33742.11,-0.6,550000.0,11.0,1687105500.0
20260709,20260706,A413930,WON AI ESG액티브,일반,MK-iSelect AI ESG 지수(시장가격지수),50000.0,20220105,,18306.75,33285.0,-0.76,33375.31,-0.27,550000.0,11.0,1668765500.0
20260709,20260707,A413930,WON AI ESG액티브,일반,MK-iSelect AI ESG 지수(시장가격지수),50000.0,20220105,,17215.0,31300.0,-5.96,31487.74,-0.6,550000.0,11.0,1574387000.0
20260709,20260708,A413930,WON AI ESG액티브,일반,MK-iSelect AI ESG 지수(시장가격지수),50000.0,20220105,,16244.25,29535.0,-5.64,29603.22,-0.23,550000.0,11.0,1480161000.0
20260709,20260709,A413930,WON AI ESG액티브,일반,MK-iSelect AI ESG 지수(시장가격지수),50000.0,20220105,,16442.25,29895.0,1.22,29870.93,0.08,550000.0,11.0,1493546500.0
20260709,20260703,A417630,TIGER KEDI혁신기업ESG30,일반,KEDI 혁신기업ESG30 지수(시장가격 지수),50000.0,20220208,,22176.0,21120.0,0.57,21029.22,0.43,1050000.0,21.0,1051461000.0
20260709,20260706,A417630,TIGER KEDI혁신기업ESG30,일반,KEDI 혁신기업ESG30 지수(시장가격 지수),50000.0,20220208,,21588.0,20560.0,-2.65,20627.94,-0.33,1050000.0,21.0,1031396999.9999999
20260709,20260707,A417630,TIGER KEDI혁신기업ESG30,일반,KEDI 혁신기업ESG30 지수(시장가격 지수),50000.0,20220208,,20863.5,19870.0,-3.36,20025.03,-0.77,1050000.0,21.0,1001251500.0
20260709,20260708,A417630,TIGER KEDI혁신기업ESG30,일반,KEDI 혁신기업ESG30 지수(시장가격 지수),50000.0,20220208,,19918.5,18970.0,-4.53,18894.45,0.4,1050000.0,21.0,944722500.0
20260709,20260709,A417630,TIGER KEDI혁신기업ESG30,일반,KEDI 혁신기업ESG30 지수(시장가격 지수),50000.0,20220208,,19498.5,18570.0,-2.11,18636.18,-0.36,1050000.0,21.0,931809000.0
20260709,20260703,A421320,PLUS 우주항공,일반,iSelect 우주항공UAM지수,50000.0,20220329,,207157.5,30690.0,2.37,30760.6,-0.23,6750000.0,135.0,1538030000.0
20260709,20260706,A421320,PLUS 우주항공,일반,iSelect 우주항공UAM지수,50000.0,20220329,,209216.25,30995.0,0.99,30945.46,0.16,6750000.0,135.0,1547273000.0
20260709,20260707,A421320,PLUS 우주항공,일반,iSelect 우주항공UAM지수,50000.0,20220329,,191919.0,28860.0,-6.89,29029.64,-0.58,6650000.0,133.0,1451482000.0
20260709,20260708,A421320,PLUS 우주항공,일반,iSelect 우주항공UAM지수,50000.0,20220329,,176358.0,26520.0,-8.11,26578.55,-0.22,6650000.0,133.0,1328927500.0
20260709,20260709,A421320,PLUS 우주항공,일반,iSelect 우주항공UAM지수,50000.0,20220329,,177488.5,26690.0,0.64,26647.61,0.16,6650000.0,133.0,1332380500.0
20260709,20260703,A422420,RISE 2차전지액티브,일반,iSelect 2차전지 지수 (시장가격지수),20000.0,20220408,,212568.5,6835.0,-1.09,6804.09,0.45,31100000.0,1555.0,136081800.0
20260709,20260706,A422420,RISE 2차전지액티브,일반,iSelect 2차전지 지수 (시장가격지수),20000.0,20220408,,206458.2,6630.0,-3.0,6639.31,-0.14,31140000.0,1557.0,132786200.00000001
20260709,20260707,A422420,RISE 2차전지액티브,일반,iSelect 2차전지 지수 (시장가격지수),20000.0,20220408,,201111.0,6450.0,-2.71,6457.44,-0.12,31180000.0,1559.0,129148799.99999999
20260709,20260708,A422420,RISE 2차전지액티브,일반,iSelect 2차전지 지수 (시장가격지수),20000.0,20220408,,186934.8,5980.0,-7.29,6002.78,-0.38,31260000.0,1563.0,120055600.0
20260709,20260709,A422420,RISE 2차전지액티브,일반,iSelect 2차전지 지수 (시장가격지수),20000.0,20220408,,188160.0,6000.0,0.33,5996.25,0.06,31360000.0,1568.0,119925000.0
20260709,20260703,A427120,RISE AI플랫폼,일반,FnGuide AI 플랫폼 지수,20000.0,20220517,,3316.5,5025.0,0.6,5031.49,-0.13,660000.0,33.0,100629800.0
20260709,20260706,A427120,RISE AI플랫폼,일반,FnGuide AI 플랫폼 지수,20000.0,20220517,,3296.7,4995.0,-0.6,4997.5,-0.05,660000.0,33.0,99950000.0
20260709,20260707,A427120,RISE AI플랫폼,일반,FnGuide AI 플랫폼 지수,20000.0,20220517,,3190.4,4985.0,-0.2,4960.18,0.5,640000.0,32.0,99203600.0
20260709,20260708,A427120,RISE AI플랫폼,일반,FnGuide AI 플랫폼 지수,20000.0,20220517,,3078.4,4810.0,-3.51,4794.93,0.31,640000.0,32.0,95898600.0
20260709,20260709,A427120,RISE AI플랫폼,일반,FnGuide AI 플랫폼 지수,20000.0,20220517,,3004.8,4695.0,-2.39,4708.77,-0.29,640000.0,32.0,94175400.00000001
20260709,20260703,A433250,UNICORN R&D 액티브,일반,코스피 200,50000.0,20220706,,10932.0,27330.0,3.94,27370.4,-0.15,400000.0,8.0,1368520000.0
20260709,20260706,A433250,UNICORN R&D 액티브,일반,코스피 200,50000.0,20220706,,10790.0,26975.0,-1.3,27117.58,-0.53,400000.0,8.0,1355879000.0
20260709,20260707,A433250,UNICORN R&D 액티브,일반,코스피 200,50000.0,20220706,,10410.0,26025.0,-3.52,25928.87,0.37,400000.0,8.0,1296443500.0
20260709,20260708,A433250,UNICORN R&D 액티브,일반,코스피 200,50000.0,20220706,,9914.0,24785.0,-4.76,24686.23,0.4,400000.0,8.0,1234311500.0
20260709,20260709,A433250,UNICORN R&D 액티브,일반,코스피 200,50000.0,20220706,,10052.0,25130.0,1.39,24530.25,2.44,400000.0,8.0,1226512500.0
20260709,20260703,A433500,ACE 원자력TOP10,일반,DeepSearch 원자력 TOP 10 지수 (시장가격지수),100000.0,20220628,,244627.0,56890.0,-0.35,56985.29,-0.17,4300000.0,43.0,5698529000.0
20260709,20260706,A433500,ACE 원자력TOP10,일반,DeepSearch 원자력 TOP 10 지수 (시장가격지수),100000.0,20220628,,241853.5,56245.0,-1.13,56603.25,-0.63,4300000.0,43.0,5660325000.0
20260709,20260707,A433500,ACE 원자력TOP10,일반,DeepSearch 원자력 TOP 10 지수 (시장가격지수),100000.0,20220628,,225351.0,53655.0,-4.6,53801.66,-0.27,4200000.0,42.0,5380166000.0
20260709,20260708,A433500,ACE 원자력TOP10,일반,DeepSearch 원자력 TOP 10 지수 (시장가격지수),100000.0,20220628,,209580.0,49900.0,-7.0,49830.91,0.14,4200000.0,42.0,4983091000.0
20260709,20260709,A433500,ACE 원자력TOP10,일반,DeepSearch 원자력 TOP 10 지수 (시장가격지수),100000.0,20220628,,206115.0,49075.0,-1.65,49320.62,-0.5,4200000.0,42.0,4932062000.0
20260709,20260703,A434730,HANARO 원자력iSelect,일반,iSelect 원자력지수 (시장가격),50000.0,20220628,,783480.0,65290.0,-1.33,65023.26,0.41,12000000.0,240.0,3251163000.0
20260709,20260706,A434730,HANARO 원자력iSelect,일반,iSelect 원자력지수 (시장가격),50000.0,20220628,,765657.0,63540.0,-2.68,63633.16,-0.15,12050000.0,241.0,3181658000.0
20260709,20260707,A434730,HANARO 원자력iSelect,일반,iSelect 원자력지수 (시장가격),50000.0,20220628,,731929.0,60490.0,-4.8,60644.03,-0.25,12100000.0,242.0,3032201500.0
20260709,20260708,A434730,HANARO 원자력iSelect,일반,iSelect 원자력지수 (시장가격),50000.0,20220628,,669735.0,55350.0,-8.5,55591.18,-0.43,12100000.0,242.0,2779559000.0
20260709,20260709,A434730,HANARO 원자력iSelect,일반,iSelect 원자력지수 (시장가격),50000.0,20220628,,670763.5,55435.0,0.15,55656.89,-0.4,12100000.0,242.0,2782844500.0
20260709,20260703,A434960,DAISHIN343 K200,일반,코스피 200,50000.0,20220628,,92228.5,131755.0,5.75,131769.92,-0.01,700000.0,14.0,6588496000.000001
20260709,20260706,A434960,DAISHIN343 K200,일반,코스피 200,50000.0,20220628,,91770.0,131100.0,-0.5,131160.23,-0.05,700000.0,14.0,6558011500.000001
20260709,20260707,A434960,DAISHIN343 K200,일반,코스피 200,50000.0,20220628,,87419.5,124885.0,-4.74,124246.54,0.51,700000.0,14.0,6212327000.0
20260709,20260708,A434960,DAISHIN343 K200,일반,코스피 200,50000.0,20220628,,82460.0,117800.0,-5.67,117341.05,0.39,700000.0,14.0,5867052500.0
20260709,20260709,A434960,DAISHIN343 K200,일반,코스피 200,50000.0,20220628,,83086.5,118695.0,0.76,118571.57,0.1,700000.0,14.0,5928578500.0
20260709,20260703,A438740,MIDAS 중소형액티브,일반,코스피 중형주 지수,75000.0,20220817,,8448.75,37550.0,0.39,37663.33,-0.3,225000.0,3.0,2824749750.0
20260709,20260706,A438740,MIDAS 중소형액티브,일반,코스피 중형주 지수,75000.0,20220817,,8222.63,36545.0,-2.68,36736.87,-0.52,225000.0,3.0,2755265250.0
20260709,20260707,A438740,MIDAS 중소형액티브,일반,코스피 중형주 지수,75000.0,20220817,,8055.0,35800.0,-2.04,35988.91,-0.52,225000.0,3.0,2699168250.0000005
20260709,20260708,A438740,MIDAS 중소형액티브,일반,코스피 중형주 지수,75000.0,20220817,,7683.75,34150.0,-4.61,34116.58,0.1,225000.0,3.0,2558743500.0
20260709,20260709,A438740,MIDAS 중소형액티브,일반,코스피 중형주 지수,75000.0,20220817,,7561.57,33607.0,-1.59,33767.81,-0.48,225000.0,3.0,2532585750.0
20260709,20260703,A438900,HANARO Fn K-푸드,일반,FnGuide K-푸드 지수 (시장가격),50000.0,20220817,,13343.75,10675.0,-2.2,10705.95,-0.29,1250000.0,25.0,535297500.00000006
20260709,20260706,A438900,HANARO Fn K-푸드,일반,FnGuide K-푸드 지수 (시장가격),50000.0,20220817,,13343.75,10675.0,0.0,10732.11,-0.53,1250000.0,25.0,536605500.0
20260709,20260707,A438900,HANARO Fn K-푸드,일반,FnGuide K-푸드 지수 (시장가격),50000.0,20220817,,14397.5,11075.0,3.75,11086.38,-0.1,1300000.0,26.0,554319000.0
20260709,20260708,A438900,HANARO Fn K-푸드,일반,FnGuide K-푸드 지수 (시장가격),50000.0,20220817,,14072.5,10825.0,-2.26,10899.26,-0.68,1300000.0,26.0,544963000.0
20260709,20260709,A438900,HANARO Fn K-푸드,일반,FnGuide K-푸드 지수 (시장가격),50000.0,20220817,,13741.0,10570.0,-2.36,10634.51,-0.61,1300000.0,26.0,531725500.0
20260709,20260703,A441540,HANARO Fn조선해운,일반,FnGuide 조선해운지수,50000.0,20220915,,80458.0,28735.0,0.74,28736.42,0.0,2800000.0,56.0,1436821000.0
20260709,20260706,A441540,HANARO Fn조선해운,일반,FnGuide 조선해운지수,50000.0,20220915,,81928.0,29260.0,1.83,29214.9,0.15,2800000.0,56.0,1460745000.0
20260709,20260707,A441540,HANARO Fn조선해운,일반,FnGuide 조선해운지수,50000.0,20220915,,76594.0,27355.0,-6.51,27413.95,-0.22,2800000.0,56.0,1370697500.0
20260709,20260708,A441540,HANARO Fn조선해운,일반,FnGuide 조선해운지수,50000.0,20220915,,73514.0,26255.0,-4.02,26179.22,0.29,2800000.0,56.0,1308961000.0
20260709,20260709,A441540,HANARO Fn조선해운,일반,FnGuide 조선해운지수,50000.0,20220915,,71190.0,25425.0,-3.16,25390.9,0.13,2800000.0,56.0,1269545000.0
20260709,20260703,A441800,TIME Korea플러스배당액티브,일반,코스피 200,20000.0,20220927,,919208.6,34070.0,4.29,34093.92,-0.07,26980000.0,1349.0,681878400.0
20260709,20260706,A441800,TIME Korea플러스배당액티브,일반,코스피 200,20000.0,20220927,,917185.1,33995.0,-0.22,34024.4,-0.09,26980000.0,1349.0,680488000.0
20260709,20260707,A441800,TIME Korea플러스배당액티브,일반,코스피 200,20000.0,20220927,,880852.0,32600.0,-4.1,32780.63,-0.55,27020000.0,1351.0,655612600.0
20260709,20260708,A441800,TIME Korea플러스배당액티브,일반,코스피 200,20000.0,20220927,,842836.8,31170.0,-4.39,31203.16,-0.11,27040000.0,1352.0,624063200.0
20260709,20260709,A441800,TIME Korea플러스배당액티브,일반,코스피 200,20000.0,20220927,,842697.0,31050.0,-0.39,31051.16,0.0,27140000.0,1357.0,621023200.0
20260709,20260703,A442090,에셋플러스 코리아대장장이액티브,일반,FnGuide 대장장이 지수(Price Return),100000.0,20220920,,49320.0,32880.0,2.24,33081.89,-0.61,1500000.0,15.0,3308189000.0
20260709,20260706,A442090,에셋플러스 코리아대장장이액티브,일반,FnGuide 대장장이 지수(Price Return),100000.0,20220920,,48510.0,32340.0,-1.64,32515.3,-0.54,1500000.0,15.0,3251530000.0
20260709,20260707,A442090,에셋플러스 코리아대장장이액티브,일반,FnGuide 대장장이 지수(Price Return),100000.0,20220920,,46792.5,31195.0,-3.54,31170.23,0.08,1500000.0,15.0,3117023000.0
20260709,20260708,A442090,에셋플러스 코리아대장장이액티브,일반,FnGuide 대장장이 지수(Price Return),100000.0,20220920,,44535.0,29690.0,-4.82,29564.87,0.42,1500000.0,15.0,2956487000.0
20260709,20260709,A442090,에셋플러스 코리아대장장이액티브,일반,FnGuide 대장장이 지수(Price Return),100000.0,20220920,,45525.0,30350.0,2.22,30007.52,1.14,1500000.0,15.0,3000752000.0
20260709,20260703,A442260,마이티 다이나믹퀀트액티브,일반,코스피 200,40000.0,20221025,,58918.4,46030.0,6.22,45890.93,0.3,1280000.0,32.0,1835637200.0
20260709,20260706,A442260,마이티 다이나믹퀀트액티브,일반,코스피 200,40000.0,20221025,,58304.0,45550.0,-1.04,45611.68,-0.14,1280000.0,32.0,1824467200.0
20260709,20260707,A442260,마이티 다이나믹퀀트액티브,일반,코스피 200,40000.0,20221025,,54668.8,42710.0,-6.24,43152.75,-1.03,1280000.0,32.0,1726110000.0
20260709,20260708,A442260,마이티 다이나믹퀀트액티브,일반,코스피 200,40000.0,20221025,,52454.4,40980.0,-4.05,40846.99,0.33,1280000.0,32.0,1633879600.0
20260709,20260709,A442260,마이티 다이나믹퀀트액티브,일반,코스피 200,40000.0,20221025,,53088.0,41475.0,1.21,41419.26,0.13,1280000.0,32.0,1656770400.0
20260709,20260703,A444200,SOL 코리아메가테크액티브,일반,KEDI 메가테크지수(PR),50000.0,20221018,,630257.5,54805.0,4.37,54544.36,0.48,11500000.0,230.0,2727218000.0
20260709,20260706,A444200,SOL 코리아메가테크액티브,일반,KEDI 메가테크지수(PR),50000.0,20221018,,628608.75,54425.0,-0.69,54173.58,0.46,11550000.0,231.0,2708679000.0
20260709,20260707,A444200,SOL 코리아메가테크액티브,일반,KEDI 메가테크지수(PR),50000.0,20221018,,601188.75,51165.0,-5.99,51482.86,-0.62,11750000.0,235.0,2574143000.0
20260709,20260708,A444200,SOL 코리아메가테크액티브,일반,KEDI 메가테크지수(PR),50000.0,20221018,,567231.25,48275.0,-5.65,48357.45,-0.17,11750000.0,235.0,2417872500.0
20260709,20260709,A444200,SOL 코리아메가테크액티브,일반,KEDI 메가테크지수(PR),50000.0,20221018,,577566.5,48535.0,0.54,48292.22,0.5,11900000.0,238.0,2414611000.0
20260709,20260703,A445150,KODEX 친환경조선해운액티브,일반,FnGuide K-친환경선박 지수,50000.0,20221115,,57541.5,30285.0,0.65,30353.95,-0.23,1900000.0,38.0,1517697500.0
20260709,20260706,A445150,KODEX 친환경조선해운액티브,일반,FnGuide K-친환경선박 지수,50000.0,20221115,,57969.0,30510.0,0.74,30616.1,-0.35,1900000.0,38.0,1530805000.0
20260709,20260707,A445150,KODEX 친환경조선해운액티브,일반,FnGuide K-친환경선박 지수,50000.0,20221115,,55100.0,29000.0,-4.95,29031.48,-0.11,1900000.0,38.0,1451574000.0
20260709,20260708,A445150,KODEX 친환경조선해운액티브,일반,FnGuide K-친환경선박 지수,50000.0,20221115,,52212.0,27480.0,-5.24,27582.46,-0.37,1900000.0,38.0,1379123000.0
20260709,20260709,A445150,KODEX 친환경조선해운액티브,일반,FnGuide K-친환경선박 지수,50000.0,20221115,,50977.0,26830.0,-2.37,26886.56,-0.21,1900000.0,38.0,1344328000.0
20260709,20260703,A445290,KODEX 로봇액티브,일반,iSelect K-로봇테마 지수,50000.0,20221115,,1170924.25,32845.0,1.47,32807.36,0.11,35650000.0,713.0,1640368000.0
20260709,20260706,A445290,KODEX 로봇액티브,일반,iSelect K-로봇테마 지수,50000.0,20221115,,1161655.25,32585.0,-0.79,32688.6,-0.32,35650000.0,713.0,1634430000.0
20260709,20260707,A445290,KODEX 로봇액티브,일반,iSelect K-로봇테마 지수,50000.0,20221115,,1120479.5,31430.0,-3.54,31600.94,-0.54,35650000.0,713.0,1580047000.0
20260709,20260708,A445290,KODEX 로봇액티브,일반,iSelect K-로봇테마 지수,50000.0,20221115,,1062945.0,29900.0,-4.87,29989.94,-0.3,35550000.0,711.0,1499497000.0
20260709,20260709,A445290,KODEX 로봇액티브,일반,iSelect K-로봇테마 지수,50000.0,20221115,,1059390.0,29800.0,-0.33,29790.79,0.03,35550000.0,711.0,1489539500.0
20260709,20260703,A445690,BNK 주주가치액티브,일반,FnGuide 주주가치 지수,50000.0,20221027,,22256.0,34240.0,2.15,34056.06,0.54,650000.0,13.0,1702803000.0
20260709,20260706,A445690,BNK 주주가치액티브,일반,FnGuide 주주가치 지수,50000.0,20221027,,22252.75,34235.0,-0.01,34123.43,0.33,650000.0,13.0,1706171500.0
20260709,20260707,A445690,BNK 주주가치액티브,일반,FnGuide 주주가치 지수,50000.0,20221027,,21482.5,33050.0,-3.46,32899.77,0.46,650000.0,13.0,1644988499.9999998
20260709,20260708,A445690,BNK 주주가치액티브,일반,FnGuide 주주가치 지수,50000.0,20221027,,20614.75,31715.0,-4.04,31588.46,0.4,650000.0,13.0,1579423000.0
20260709,20260709,A445690,BNK 주주가치액티브,일반,FnGuide 주주가치 지수,50000.0,20221027,,20543.25,31605.0,-0.35,31535.67,0.22,650000.0,13.0,1576783500.0
20260709,20260703,A445910,TIGER MKF배당귀족,일반,MKF 배당귀족 지수(시장가격지수),50000.0,20221018,,20390.0,20390.0,0.1,20510.91,-0.59,1000000.0,20.0,1025545500.0
20260709,20260706,A445910,TIGER MKF배당귀족,일반,MKF 배당귀족 지수(시장가격지수),50000.0,20221018,,20510.0,20510.0,0.59,20660.22,-0.73,1000000.0,20.0,1033011000.0
20260709,20260707,A445910,TIGER MKF배당귀족,일반,MKF 배당귀족 지수(시장가격지수),50000.0,20221018,,20730.0,20730.0,1.07,20831.23,-0.49,1000000.0,20.0,1041561500.0
20260709,20260708,A445910,TIGER MKF배당귀족,일반,MKF 배당귀족 지수(시장가격지수),50000.0,20221018,,20195.0,20195.0,-2.58,20341.58,-0.72,1000000.0,20.0,1017079000.0000001
20260709,20260709,A445910,TIGER MKF배당귀족,일반,MKF 배당귀족 지수(시장가격지수),50000.0,20221018,,20325.0,20325.0,0.64,20121.71,1.01,1000000.0,20.0,1006085500.0
20260709,20260703,A446700,RISE 배터리 리사이클링,일반,iSelect 배터리 리사이클링 지수,20000.0,20221101,,11711.5,9925.0,1.12,9864.66,0.61,1180000.0,59.0,197293200.0
20260709,20260706,A446700,RISE 배터리 리사이클링,일반,iSelect 배터리 리사이클링 지수,20000.0,20221101,,11499.1,9745.0,-1.81,9803.64,-0.6,1180000.0,59.0,196072800.0
20260709,20260707,A446700,RISE 배터리 리사이클링,일반,iSelect 배터리 리사이클링 지수,20000.0,20221101,,11410.6,9670.0,-0.77,9619.51,0.52,1180000.0,59.0,192390200.0
20260709,20260708,A446700,RISE 배터리 리사이클링,일반,iSelect 배터리 리사이클링 지수,20000.0,20221101,,10785.2,9140.0,-5.48,9117.99,0.24,1180000.0,59.0,182359800.0
20260709,20260709,A446700,RISE 배터리 리사이클링,일반,iSelect 배터리 리사이클링 지수,20000.0,20221101,,10596.4,8980.0,-1.75,9011.9,-0.35,1180000.0,59.0,180238000.0
20260709,20260703,A447430,ACE 주주환원가치주액티브,일반,FnGuide 올라운드 가치주 시장가격지수,50000.0,20221115,,46545.0,16050.0,0.94,16084.39,-0.21,2900000.0,58.0,804219500.0
20260709,20260706,A447430,ACE 주주환원가치주액티브,일반,FnGuide 올라운드 가치주 시장가격지수,50000.0,20221115,,47804.75,16205.0,0.97,16186.08,0.12,2950000.0,59.0,809304000.0
20260709,20260707,A447430,ACE 주주환원가치주액티브,일반,FnGuide 올라운드 가치주 시장가격지수,50000.0,20221115,,47509.75,16105.0,-0.62,16195.02,-0.56,2950000.0,59.0,809751000.0
20260709,20260708,A447430,ACE 주주환원가치주액티브,일반,FnGuide 올라운드 가치주 시장가격지수,50000.0,20221115,,46801.75,15865.0,-1.49,15842.55,0.14,2950000.0,59.0,792127500.0
20260709,20260709,A447430,ACE 주주환원가치주액티브,일반,FnGuide 올라운드 가치주 시장가격지수,50000.0,20221115,,45474.25,15415.0,-2.84,15596.06,-1.16,2950000.0,59.0,779803000.0
20260709,20260703,A448100,WON 200,일반,코스피 200,25000.0,20221216,,138103.38,134735.0,5.96,134629.54,0.08,1025000.0,41.0,3365738500.0
20260709,20260706,A448100,WON 200,일반,코스피 200,25000.0,20221216,,137303.88,133955.0,-0.58,133994.32,-0.03,1025000.0,41.0,3349858000.0
20260709,20260707,A448100,WON 200,일반,코스피 200,25000.0,20221216,,140222.5,127475.0,-4.84,126938.82,0.42,1100000.0,44.0,3173470500.0
20260709,20260708,A448100,WON 200,일반,코스피 200,25000.0,20221216,,132308.0,120280.0,-5.64,119908.1,0.31,1100000.0,44.0,2997702500.0
20260709,20260709,A448100,WON 200,일반,코스피 200,25000.0,20221216,,133160.5,121055.0,0.64,121148.12,-0.08,1100000.0,44.0,3028703000.0
20260709,20260703,A448570,FOCUS AI코리아액티브,일반,코스피지수,50000.0,20221115,,46977.0,33555.0,4.27,33762.56,-0.61,1400000.0,28.0,1688128000.0
20260709,20260706,A448570,FOCUS AI코리아액티브,일반,코스피지수,50000.0,20221115,,47054.0,33610.0,0.16,33727.36,-0.35,1400000.0,28.0,1686368000.0
20260709,20260707,A448570,FOCUS AI코리아액티브,일반,코스피지수,50000.0,20221115,,43679.25,32355.0,-3.73,32755.57,-1.22,1350000.0,27.0,1637778500.0
20260709,20260708,A448570,FOCUS AI코리아액티브,일반,코스피지수,50000.0,20221115,,42113.25,31195.0,-3.59,31221.27,-0.08,1350000.0,27.0,1561063500.0
20260709,20260709,A448570,FOCUS AI코리아액티브,일반,코스피지수,50000.0,20221115,,41566.5,30790.0,-1.3,30907.14,-0.38,1350000.0,27.0,1545357000.0
20260709,20260703,A449450,PLUS K방산,일반,FnGuide K-방위산업 지수,50000.0,20230105,,1290903.6,63560.0,3.03,63439.17,0.19,20310000.0,406.2,3171958500.0
20260709,20260706,A449450,PLUS K방산,일반,FnGuide K-방위산업 지수,50000.0,20230105,,1307262.6,64620.0,1.67,64865.66,-0.38,20230000.0,404.6,3243283000.0
20260709,20260707,A449450,PLUS K방산,일반,FnGuide K-방위산업 지수,50000.0,20230105,,1207608.75,59635.0,-7.71,59855.98,-0.37,20250000.0,405.0,2992799000.0
20260709,20260708,A449450,PLUS K방산,일반,FnGuide K-방위산업 지수,50000.0,20230105,,1092855.75,54075.0,-9.32,54444.98,-0.68,20210000.0,404.2,2722249000.0
20260709,20260709,A449450,PLUS K방산,일반,FnGuide K-방위산업 지수,50000.0,20230105,,1054962.0,52200.0,-3.47,52705.93,-0.96,20210000.0,404.2,2635296500.0
20260709,20260703,A450910,SOL 코스닥150,일반,코스닥 150,20000.0,20230131,,35187.6,14910.0,-1.49,14951.5,-0.28,2360000.0,118.0,299030000.0
20260709,20260706,A450910,SOL 코스닥150,일반,코스닥 150,20000.0,20230131,,33200.5,14435.0,-3.19,14475.96,-0.28,2300000.0,115.0,289519200.0
20260709,20260707,A450910,SOL 코스닥150,일반,코스닥 150,20000.0,20230131,,32671.5,14205.0,-1.59,14244.41,-0.28,2300000.0,115.0,284888200.0
20260709,20260708,A450910,SOL 코스닥150,일반,코스닥 150,20000.0,20230131,,30567.0,13290.0,-6.44,13303.4,-0.1,2300000.0,115.0,266068000.0
20260709,20260709,A450910,SOL 코스닥150,일반,코스닥 150,20000.0,20230131,,31004.0,13480.0,1.43,13493.36,-0.1,2300000.0,115.0,269867200.0
20260709,20260703,A451060,1Q 200액티브,일반,코스피 200,150000.0,20230131,,485562.0,42040.0,6.36,41930.64,0.26,11550000.0,77.0,6289596000.0
20260709,20260706,A451060,1Q 200액티브,일반,코스피 200,150000.0,20230131,,481404.0,41680.0,-0.86,41738.06,-0.14,11550000.0,77.0,6260709000.0
20260709,20260707,A451060,1Q 200액티브,일반,코스피 200,150000.0,20230131,,463963.5,39655.0,-4.86,39554.49,0.25,11700000.0,78.0,5933173500.0
20260709,20260708,A451060,1Q 200액티브,일반,코스피 200,150000.0,20230131,,444078.75,37475.0,-5.5,37347.81,0.34,11850000.0,79.0,5602171500.0
20260709,20260709,A451060,1Q 200액티브,일반,코스피 200,150000.0,20230131,,457508.25,37655.0,0.48,37770.28,-0.31,12150000.0,81.0,5665542000.0
20260709,20260703,A454320,HANARO CAPEX설비투자iSelect,일반,iSelect CAPEX 설비투자 지수(시장가격),50000.0,20230418,,111475.0,44590.0,-1.51,44511.5,0.18,2500000.0,50.0,2225575000.0
20260709,20260706,A454320,HANARO CAPEX설비투자iSelect,일반,iSelect CAPEX 설비투자 지수(시장가격),50000.0,20230418,,108137.5,43255.0,-2.99,43428.02,-0.4,2500000.0,50.0,2171401000.0
20260709,20260707,A454320,HANARO CAPEX설비투자iSelect,일반,iSelect CAPEX 설비투자 지수(시장가격),50000.0,20230418,,104862.5,41945.0,-3.03,41960.89,-0.04,2500000.0,50.0,2098044500.0
20260709,20260708,A454320,HANARO CAPEX설비투자iSelect,일반,iSelect CAPEX 설비투자 지수(시장가격),50000.0,20230418,,97187.5,38875.0,-7.32,39020.31,-0.37,2500000.0,50.0,1951015500.0
20260709,20260709,A454320,HANARO CAPEX설비투자iSelect,일반,iSelect CAPEX 설비투자 지수(시장가격),50000.0,20230418,,99832.5,39150.0,0.71,39314.09,-0.42,2550000.0,51.0,1965704499.9999998
20260709,20260703,A455850,SOL AI반도체소부장,일반,FnGuide AI 반도체 소부장 지수,50000.0,20230425,,1137752.5,27025.0,-1.04,26911.97,0.42,42100000.0,842.0,1345598500.0
20260709,20260706,A455850,SOL AI반도체소부장,일반,FnGuide AI 반도체 소부장 지수,50000.0,20230425,,1079716.0,25465.0,-5.77,25414.27,0.2,42400000.0,848.0,1270713500.0
20260709,20260707,A455850,SOL AI반도체소부장,일반,FnGuide AI 반도체 소부장 지수,50000.0,20230425,,1024632.0,23940.0,-5.99,24041.38,-0.42,42800000.0,856.0,1202069000.0
20260709,20260708,A455850,SOL AI반도체소부장,일반,FnGuide AI 반도체 소부장 지수,50000.0,20230425,,981245.0,22150.0,-7.48,22309.01,-0.71,44300000.0,886.0,1115450500.0
20260709,20260709,A455850,SOL AI반도체소부장,일반,FnGuide AI 반도체 소부장 지수,50000.0,20230425,,1020025.5,23530.0,6.23,23537.33,-0.03,43350000.0,867.0,1176866500.0
20260709,20260703,A455860,SOL 2차전지소부장Fn,일반,FnGuide 2차전지 소부장 지수(PR),50000.0,20230425,,107406.0,4590.0,0.44,4580.07,0.22,23400000.0,468.0,229003500.0
20260709,20260706,A455860,SOL 2차전지소부장Fn,일반,FnGuide 2차전지 소부장 지수(PR),50000.0,20230425,,106875.0,4500.0,-1.96,4512.63,-0.28,23750000.0,475.0,225631500.0
20260709,20260707,A455860,SOL 2차전지소부장Fn,일반,FnGuide 2차전지 소부장 지수(PR),50000.0,20230425,,104043.0,4390.0,-2.44,4406.45,-0.37,23700000.0,474.0,220322500.0
20260709,20260708,A455860,SOL 2차전지소부장Fn,일반,FnGuide 2차전지 소부장 지수(PR),50000.0,20230425,,96552.25,4135.0,-5.81,4140.65,-0.14,23350000.0,467.0,207032499.99999997
20260709,20260709,A455860,SOL 2차전지소부장Fn,일반,FnGuide 2차전지 소부장 지수(PR),50000.0,20230425,,97290.0,4140.0,0.12,4132.77,0.17,23500000.0,470.0,206638500.00000003
20260709,20260703,A457930,BNK 미래전략기술액티브,일반,iSelect 미래전략기술 지수 (PR),50000.0,20230620,,9054.0,30180.0,3.18,30372.84,-0.63,300000.0,6.0,1518642000.0
20260709,20260706,A457930,BNK 미래전략기술액티브,일반,iSelect 미래전략기술 지수 (PR),50000.0,20230620,,9042.0,30140.0,-0.13,30313.93,-0.57,300000.0,6.0,1515696500.0
20260709,20260707,A457930,BNK 미래전략기술액티브,일반,iSelect 미래전략기술 지수 (PR),50000.0,20230620,,8776.5,29255.0,-2.94,29140.15,0.39,300000.0,6.0,1457007500.0
20260709,20260708,A457930,BNK 미래전략기술액티브,일반,iSelect 미래전략기술 지수 (PR),50000.0,20230620,,8308.5,27695.0,-5.33,27601.79,0.34,300000.0,6.0,1380089500.0
20260709,20260709,A457930,BNK 미래전략기술액티브,일반,iSelect 미래전략기술 지수 (PR),50000.0,20230620,,8413.5,28045.0,1.26,27605.64,1.59,300000.0,6.0,1380282000.0
20260709,20260703,A457990,PLUS 태양광&ESS,일반,FnGuide 태양광&ESS 지수,50000.0,20230620,,113744.0,35545.0,-4.11,35623.47,-0.22,3200000.0,64.0,1781173500.0
20260709,20260706,A457990,PLUS 태양광&ESS,일반,FnGuide 태양광&ESS 지수,50000.0,20230620,,109931.25,33825.0,-4.84,33958.21,-0.39,3250000.0,65.0,1697910500.0
20260709,20260707,A457990,PLUS 태양광&ESS,일반,FnGuide 태양광&ESS 지수,50000.0,20230620,,107786.25,33165.0,-1.95,33335.0,-0.51,3250000.0,65.0,1666750000.0
20260709,20260708,A457990,PLUS 태양광&ESS,일반,FnGuide 태양광&ESS 지수,50000.0,20230620,,101788.5,30845.0,-7.0,31073.77,-0.74,3300000.0,66.0,1553688500.0
20260709,20260709,A457990,PLUS 태양광&ESS,일반,FnGuide 태양광&ESS 지수,50000.0,20230620,,103950.0,31500.0,2.12,31485.51,0.05,3300000.0,66.0,1574275500.0
20260709,20260703,A461450,KODEX 코스닥글로벌,일반,코스닥 글로벌 지수,100000.0,20230629,,24780.0,16520.0,-1.87,16491.76,0.17,1500000.0,15.0,1649175999.9999998
20260709,20260706,A461450,KODEX 코스닥글로벌,일반,코스닥 글로벌 지수,100000.0,20230629,,23857.5,15905.0,-3.72,15855.17,0.31,1500000.0,15.0,1585517000.0
20260709,20260707,A461450,KODEX 코스닥글로벌,일반,코스닥 글로벌 지수,100000.0,20230629,,23505.0,15670.0,-1.48,15714.92,-0.29,1500000.0,15.0,1571492000.0
20260709,20260708,A461450,KODEX 코스닥글로벌,일반,코스닥 글로벌 지수,100000.0,20230629,,21907.5,14605.0,-6.8,14642.91,-0.26,1500000.0,15.0,1464291000.0
20260709,20260709,A461450,KODEX 코스닥글로벌,일반,코스닥 글로벌 지수,100000.0,20230629,,21960.0,14640.0,0.24,14750.87,-0.75,1500000.0,15.0,1475087000.0
20260709,20260703,A461580,TIGER 코스닥글로벌,일반,코스닥 글로벌 지수,50000.0,20230629,,11833.5,16905.0,-1.6,16832.13,0.43,700000.0,14.0,841606500.0
20260709,20260706,A461580,TIGER 코스닥글로벌,일반,코스닥 글로벌 지수,50000.0,20230629,,11329.5,16185.0,-4.26,16185.72,0.0,700000.0,14.0,809286000.0
20260709,20260707,A461580,TIGER 코스닥글로벌,일반,코스닥 글로벌 지수,50000.0,20230629,,11263.0,16090.0,-0.59,16043.02,0.29,700000.0,14.0,802151000.0
20260709,20260708,A461580,TIGER 코스닥글로벌,일반,코스닥 글로벌 지수,50000.0,20230629,,9685.0,14900.0,-7.4,14953.74,-0.36,650000.0,13.0,747687000.0
20260709,20260709,A461580,TIGER 코스닥글로벌,일반,코스닥 글로벌 지수,50000.0,20230629,,11265.0,15020.0,0.81,15063.29,-0.29,750000.0,15.0,753164500.0
20260709,20260703,A461950,KODEX 2차전지핵심소재10,일반,FnGuide 2차전지핵심소재10 지수,50000.0,20230704,,164668.5,4945.0,0.41,4919.9,0.51,33300000.0,666.0,245994999.99999997
20260709,20260706,A461950,KODEX 2차전지핵심소재10,일반,FnGuide 2차전지핵심소재10 지수,50000.0,20230704,,162361.25,4825.0,-2.43,4847.16,-0.46,33650000.0,673.0,242358000.0
20260709,20260707,A461950,KODEX 2차전지핵심소재10,일반,FnGuide 2차전지핵심소재10 지수,50000.0,20230704,,158957.5,4745.0,-1.66,4739.25,0.12,33500000.0,670.0,236962500.0
20260709,20260708,A461950,KODEX 2차전지핵심소재10,일반,FnGuide 2차전지핵심소재10 지수,50000.0,20230704,,149187.0,4460.0,-6.01,4440.82,0.43,33450000.0,669.0,222041000.0
20260709,20260709,A461950,KODEX 2차전지핵심소재10,일반,FnGuide 2차전지핵심소재10 지수,50000.0,20230704,,146686.5,4405.0,-1.23,4426.65,-0.49,33300000.0,666.0,221332499.99999997
20260709,20260703,A462010,TIGER 2차전지소재Fn,일반,FnGuide 2차전지소재 (Price Return) 지수,50000.0,20230713,,520326.25,4925.0,0.1,4903.34,0.44,105650000.0,2113.0,245167000.0
20260709,20260706,A462010,TIGER 2차전지소재Fn,일반,FnGuide 2차전지소재 (Price Return) 지수,50000.0,20230713,,509667.75,4815.0,-2.23,4834.85,-0.41,105850000.0,2117.0,241742500.00000003
20260709,20260707,A462010,TIGER 2차전지소재Fn,일반,FnGuide 2차전지소재 (Price Return) 지수,50000.0,20230713,,500781.0,4740.0,-1.56,4742.88,-0.06,105650000.0,2113.0,237144000.0
20260709,20260708,A462010,TIGER 2차전지소재Fn,일반,FnGuide 2차전지소재 (Price Return) 지수,50000.0,20230713,,470418.0,4440.0,-6.33,4442.27,-0.05,105950000.0,2119.0,222113500.00000003
20260709,20260709,A462010,TIGER 2차전지소재Fn,일반,FnGuide 2차전지소재 (Price Return) 지수,50000.0,20230713,,472281.25,4445.0,0.11,4436.45,0.19,106250000.0,2125.0,221822500.0
20260709,20260703,A462330,KODEX 2차전지산업레버리지,레버리지,FnGuide 2차전지 산업 레버리지(2x) 지수,100000.0,20230704,,615846.0,1085.0,0.65,1077.59,0.69,567600000.0,5676.0,107758999.99999999
20260709,20260706,A462330,KODEX 2차전지산업레버리지,레버리지,FnGuide 2차전지 산업 레버리지(2x) 지수,100000.0,20230704,,594297.0,1035.0,-4.61,1034.97,0.0,574200000.0,5742.0,103497000.0
20260709,20260707,A462330,KODEX 2차전지산업레버리지,레버리지,FnGuide 2차전지 산업 레버리지(2x) 지수,100000.0,20230704,,567399.6,982.0,-5.12,978.26,0.38,577800000.0,5778.0,97826000.0
20260709,20260708,A462330,KODEX 2차전지산업레버리지,레버리지,FnGuide 2차전지 산업 레버리지(2x) 지수,100000.0,20230704,,504718.2,861.0,-12.32,863.67,-0.31,586200000.0,5862.0,86367000.0
20260709,20260709,A462330,KODEX 2차전지산업레버리지,레버리지,FnGuide 2차전지 산업 레버리지(2x) 지수,100000.0,20230704,,505938.0,860.0,-0.12,854.6,0.63,588300000.0,5883.0,85460000.0
20260709,20260703,A462900,KoAct 바이오헬스케어액티브,일반,iSelect 바이오헬스케어 PR 지수,50000.0,20230803,,476836.0,16330.0,-2.3,16275.56,0.33,29200000.0,584.0,813778000.0
20260709,20260706,A462900,KoAct 바이오헬스케어액티브,일반,iSelect 바이오헬스케어 PR 지수,50000.0,20230803,,449901.5,15355.0,-5.97,15391.0,-0.23,29300000.0,586.0,769550000.0
20260709,20260707,A462900,KoAct 바이오헬스케어액티브,일반,iSelect 바이오헬스케어 PR 지수,50000.0,20230803,,464610.5,15830.0,3.09,15786.81,0.27,29350000.0,587.0,789340500.0
20260709,20260708,A462900,KoAct 바이오헬스케어액티브,일반,iSelect 바이오헬스케어 PR 지수,50000.0,20230803,,433650.0,14700.0,-7.14,14710.73,-0.07,29500000.0,590.0,735536500.0
20260709,20260709,A462900,KoAct 바이오헬스케어액티브,일반,iSelect 바이오헬스케어 PR 지수,50000.0,20230803,,429792.0,14520.0,-1.22,14511.54,0.06,29600000.0,592.0,725577000.0
20260709,20260703,A463050,TIME K바이오액티브,일반,KRX 헬스케어,50000.0,20230817,,282292.5,14150.0,-0.81,14071.59,0.56,19950000.0,399.0,703579500.0
20260709,20260706,A463050,TIME K바이오액티브,일반,KRX 헬스케어,50000.0,20230817,,268300.0,13415.0,-5.19,13436.79,-0.16,20000000.0,400.0,671839500.0
20260709,20260707,A463050,TIME K바이오액티브,일반,KRX 헬스케어,50000.0,20230817,,273181.25,13625.0,1.57,13731.19,-0.77,20050000.0,401.0,686559500.0
20260709,20260708,A463050,TIME K바이오액티브,일반,KRX 헬스케어,50000.0,20230817,,257883.0,12830.0,-5.83,12936.53,-0.82,20100000.0,402.0,646826500.0
20260709,20260709,A463050,TIME K바이오액티브,일반,KRX 헬스케어,50000.0,20230817,,252567.0,12660.0,-1.33,12739.64,-0.63,19950000.0,399.0,636982000.0
20260709,20260703,A463250,TIGER K방산&우주,일반,iSelect K방산&우주,50000.0,20230725,,673465.0,39850.0,3.24,40013.5,-0.41,16900000.0,338.0,2000675000.0
20260709,20260706,A463250,TIGER K방산&우주,일반,iSelect K방산&우주,50000.0,20230725,,677621.25,40455.0,1.52,40394.44,0.15,16750000.0,335.0,2019722000.0
20260709,20260707,A463250,TIGER K방산&우주,일반,iSelect K방산&우주,50000.0,20230725,,645628.75,38545.0,-4.72,38782.12,-0.61,16750000.0,335.0,1939106000.0000002
20260709,20260708,A463250,TIGER K방산&우주,일반,iSelect K방산&우주,50000.0,20230725,,587422.5,35070.0,-9.02,35211.91,-0.4,16750000.0,335.0,1760595500.0000002
20260709,20260709,A463250,TIGER K방산&우주,일반,iSelect K방산&우주,50000.0,20230725,,571007.5,34090.0,-2.79,34380.8,-0.85,16750000.0,335.0,1719040000.0000002
20260709,20260703,A464600,SOL 자동차소부장Fn,일반,FnGuide 자동차소부장지수(PR),50000.0,20230822,,27594.0,26280.0,1.37,26268.43,0.04,1050000.0,21.0,1313421500.0
20260709,20260706,A464600,SOL 자동차소부장Fn,일반,FnGuide 자동차소부장지수(PR),50000.0,20230822,,25660.0,25660.0,-2.36,25770.71,-0.43,1000000.0,20.0,1288535500.0
20260709,20260707,A464600,SOL 자동차소부장Fn,일반,FnGuide 자동차소부장지수(PR),50000.0,20230822,,24675.0,24675.0,-3.84,24775.21,-0.4,1000000.0,20.0,1238760500.0
20260709,20260708,A464600,SOL 자동차소부장Fn,일반,FnGuide 자동차소부장지수(PR),50000.0,20230822,,24690.75,23515.0,-4.7,23600.99,-0.36,1050000.0,21.0,1180049500.0
20260709,20260709,A464600,SOL 자동차소부장Fn,일반,FnGuide 자동차소부장지수(PR),50000.0,20230822,,23060.0,23060.0,-1.93,23197.43,-0.59,1000000.0,20.0,1159871500.0
20260709,20260703,A464610,SOL 의료기기소부장Fn,일반,FnGuide 의료기기소부장지수(PR),50000.0,20230822,,15318.0,8280.0,-1.31,8282.87,-0.03,1850000.0,37.0,414143500.00000006
20260709,20260706,A464610,SOL 의료기기소부장Fn,일반,FnGuide 의료기기소부장지수(PR),50000.0,20230822,,14874.0,8040.0,-2.9,8035.66,0.05,1850000.0,37.0,401783000.0
20260709,20260707,A464610,SOL 의료기기소부장Fn,일반,FnGuide 의료기기소부장지수(PR),50000.0,20230822,,16038.75,8225.0,2.3,8217.31,0.09,1950000.0,39.0,410865500.0
20260709,20260708,A464610,SOL 의료기기소부장Fn,일반,FnGuide 의료기기소부장지수(PR),50000.0,20230822,,15570.75,7985.0,-2.92,8005.67,-0.26,1950000.0,39.0,400283500.0
20260709,20260709,A464610,SOL 의료기기소부장Fn,일반,FnGuide 의료기기소부장지수(PR),50000.0,20230822,,15249.0,7820.0,-2.07,7838.85,-0.24,1950000.0,39.0,391942500.0
20260709,20260703,A465330,RISE 2차전지TOP10,일반,iSelect 2차전지 TOP10 지수(PR),25000.0,20230912,,62211.0,10680.0,0.8,10685.88,-0.06,5825000.0,233.0,267146999.99999997
20260709,20260706,A465330,RISE 2차전지TOP10,일반,iSelect 2차전지 TOP10 지수(PR),25000.0,20230912,,62627.25,10570.0,-1.03,10532.77,0.35,5925000.0,237.0,263319250.0
20260709,20260707,A465330,RISE 2차전지TOP10,일반,iSelect 2차전지 TOP10 지수(PR),25000.0,20230912,,61129.38,10405.0,-1.56,10365.99,0.38,5875000.0,235.0,259149750.0
20260709,20260708,A465330,RISE 2차전지TOP10,일반,iSelect 2차전지 TOP10 지수(PR),25000.0,20230912,,56047.75,9790.0,-5.91,9748.35,0.43,5725000.0,229.0,243708750.0
20260709,20260709,A465330,RISE 2차전지TOP10,일반,iSelect 2차전지 TOP10 지수(PR),25000.0,20230912,,55389.38,9675.0,-1.17,9683.67,-0.09,5725000.0,229.0,242091750.0
20260709,20260703,A465350,RISE 2차전지TOP10인버스(합성),인버스 1X,iSelect 2차전지 TOP10 인버스 지수(PR),25000.0,20230912,,41830.0,18800.0,0.19,18761.33,0.21,2225000.0,89.0,469033250.00000006
20260709,20260706,A465350,RISE 2차전지TOP10인버스(합성),인버스 1X,iSelect 2차전지 TOP10 인버스 지수(PR),25000.0,20230912,,42297.25,19010.0,1.12,19036.33,-0.14,2225000.0,89.0,475908250.00000006
20260709,20260707,A465350,RISE 2차전지TOP10인버스(합성),인버스 1X,iSelect 2차전지 TOP10 인버스 지수(PR),25000.0,20230912,,43276.25,19450.0,2.31,19343.56,0.55,2225000.0,89.0,483589000.00000006
20260709,20260708,A465350,RISE 2차전지TOP10인버스(합성),인버스 1X,iSelect 2차전지 TOP10 인버스 지수(PR),25000.0,20230912,,40500.0,20250.0,4.11,20524.46,-1.34,2000000.0,80.0,513111500.0
20260709,20260709,A465350,RISE 2차전지TOP10인버스(합성),인버스 1X,iSelect 2차전지 TOP10 인버스 지수(PR),25000.0,20230912,,40660.0,20330.0,0.4,20665.14,-1.62,2000000.0,80.0,516628500.0
20260709,20260703,A466810,BNK 2차전지양극재,일반,iSelect 2차전지양극재 지수,50000.0,20231019,,7854.0,5610.0,0.81,5586.13,0.43,1400000.0,28.0,279306500.0
20260709,20260706,A466810,BNK 2차전지양극재,일반,iSelect 2차전지양극재 지수,50000.0,20231019,,7770.0,5550.0,-1.07,5529.97,0.36,1400000.0,28.0,276498500.0
20260709,20260707,A466810,BNK 2차전지양극재,일반,iSelect 2차전지양극재 지수,50000.0,20231019,,7644.0,5460.0,-1.62,5438.79,0.39,1400000.0,28.0,271939500.0
20260709,20260708,A466810,BNK 2차전지양극재,일반,iSelect 2차전지양극재 지수,50000.0,20231019,,7161.0,5115.0,-6.32,5092.49,0.44,1400000.0,28.0,254624500.0
20260709,20260709,A466810,BNK 2차전지양극재,일반,iSelect 2차전지양극재 지수,50000.0,20231019,,7344.25,5065.0,-0.98,5093.96,-0.57,1450000.0,29.0,254698000.0
20260709,20260703,A466920,SOL 조선TOP3플러스,일반,FnGuide 조선TOP3플러스지수(PR),50000.0,20231005,,1669910.0,32300.0,0.59,32269.36,0.09,51700000.0,1034.0,1613468000.0
20260709,20260706,A466920,SOL 조선TOP3플러스,일반,FnGuide 조선TOP3플러스지수(PR),50000.0,20231005,,1713901.75,33055.0,2.34,33205.96,-0.45,51850000.0,1037.0,1660298000.0
20260709,20260707,A466920,SOL 조선TOP3플러스,일반,FnGuide 조선TOP3플러스지수(PR),50000.0,20231005,,1558500.0,30000.0,-9.24,29990.63,0.03,51950000.0,1039.0,1499531500.0
20260709,20260708,A466920,SOL 조선TOP3플러스,일반,FnGuide 조선TOP3플러스지수(PR),50000.0,20231005,,1452002.5,27950.0,-6.83,28032.79,-0.3,51950000.0,1039.0,1401639500.0
20260709,20260709,A466920,SOL 조선TOP3플러스,일반,FnGuide 조선TOP3플러스지수(PR),50000.0,20231005,,1422060.0,27400.0,-1.97,27299.89,0.37,51900000.0,1038.0,1364994500.0
20260709,20260703,A466930,SOL 자동차TOP3플러스,일반,FnGuide 자동차TOP3플러스지수(PR),50000.0,20231005,,342898.5,30345.0,2.76,30301.19,0.14,11300000.0,226.0,1515059500.0
20260709,20260706,A466930,SOL 자동차TOP3플러스,일반,FnGuide 자동차TOP3플러스지수(PR),50000.0,20231005,,344925.25,30935.0,1.94,30889.16,0.15,11150000.0,223.0,1544458000.0
20260709,20260707,A466930,SOL 자동차TOP3플러스,일반,FnGuide 자동차TOP3플러스지수(PR),50000.0,20231005,,324952.5,29275.0,-5.37,29429.38,-0.52,11100000.0,222.0,1471469000.0
20260709,20260708,A466930,SOL 자동차TOP3플러스,일반,FnGuide 자동차TOP3플러스지수(PR),50000.0,20231005,,320346.0,28860.0,-1.42,28816.95,0.15,11100000.0,222.0,1440847500.0
20260709,20260709,A466930,SOL 자동차TOP3플러스,일반,FnGuide 자동차TOP3플러스지수(PR),50000.0,20231005,,302714.75,27395.0,-5.08,27481.57,-0.32,11050000.0,221.0,1374078500.0
20260709,20260703,A466940,TIGER 은행고배당플러스TOP10,일반,FnGuide 은행고배당플러스TOP10 지수(시장가격 지수),50000.0,20231017,,821117.25,26445.0,4.34,26406.3,0.15,31050000.0,621.0,1320315000.0
20260709,20260706,A466940,TIGER 은행고배당플러스TOP10,일반,FnGuide 은행고배당플러스TOP10 지수(시장가격 지수),50000.0,20231017,,823683.5,26485.0,0.15,26577.47,-0.35,31100000.0,622.0,1328873500.0
20260709,20260707,A466940,TIGER 은행고배당플러스TOP10,일반,FnGuide 은행고배당플러스TOP10 지수(시장가격 지수),50000.0,20231017,,830432.25,26745.0,0.98,26884.33,-0.52,31050000.0,621.0,1344216500.0
20260709,20260708,A466940,TIGER 은행고배당플러스TOP10,일반,FnGuide 은행고배당플러스TOP10 지수(시장가격 지수),50000.0,20231017,,819802.5,26150.0,-2.22,26199.01,-0.19,31350000.0,627.0,1309950500.0
20260709,20260709,A466940,TIGER 은행고배당플러스TOP10,일반,FnGuide 은행고배당플러스TOP10 지수(시장가격 지수),50000.0,20231017,,798761.25,25725.0,-1.63,25663.97,0.24,31050000.0,621.0,1283198500.0
20260709,20260703,A469070,RISE AI&로봇,일반,iSelect AI&로봇 지수(시장가격),50000.0,20231024,,358475.0,11030.0,0.0,11039.39,-0.09,32500000.0,650.0,551969500.0
20260709,20260706,A469070,RISE AI&로봇,일반,iSelect AI&로봇 지수(시장가격),50000.0,20231024,,354306.75,10885.0,-1.31,10935.03,-0.46,32550000.0,651.0,546751500.0
20260709,20260707,A469070,RISE AI&로봇,일반,iSelect AI&로봇 지수(시장가격),50000.0,20231024,,343728.0,10560.0,-2.99,10617.72,-0.54,32550000.0,651.0,530885999.99999994
20260709,20260708,A469070,RISE AI&로봇,일반,iSelect AI&로봇 지수(시장가격),50000.0,20231024,,326639.25,10035.0,-4.97,10083.81,-0.48,32550000.0,651.0,504190500.0
20260709,20260709,A469070,RISE AI&로봇,일반,iSelect AI&로봇 지수(시장가격),50000.0,20231024,,326978.0,10030.0,-0.05,10047.72,-0.18,32600000.0,652.0,502385999.99999994
20260709,20260703,A469150,ACE AI반도체TOP3+,일반,FnGuide AI 반도체 TOP3+ 지수,50000.0,20231017,,1347233.0,69445.0,5.95,69474.88,-0.04,19400000.0,388.0,3473744000.0
20260709,20260706,A469150,ACE AI반도체TOP3+,일반,FnGuide AI 반도체 TOP3+ 지수,50000.0,20231017,,1323177.0,68205.0,-1.79,68187.38,0.03,19400000.0,388.0,3409369000.0
20260709,20260707,A469150,ACE AI반도체TOP3+,일반,FnGuide AI 반도체 TOP3+ 지수,50000.0,20231017,,1248881.5,63395.0,-7.05,63836.8,-0.69,19700000.0,394.0,3191840000.0
20260709,20260708,A469150,ACE AI반도체TOP3+,일반,FnGuide AI 반도체 TOP3+ 지수,50000.0,20231017,,1103217.75,59795.0,-5.68,59773.14,0.04,18450000.0,369.0,2988657000.0
20260709,20260709,A469150,ACE AI반도체TOP3+,일반,FnGuide AI 반도체 TOP3+ 지수,50000.0,20231017,,1150885.0,62210.0,4.04,62367.31,-0.25,18500000.0,370.0,3118365500.0
20260709,20260703,A469170,ACE 포스코그룹포커스,일반,FnGuide 포스코그룹포커스 지수(시장가격),50000.0,20231017,,103037.0,5510.0,-1.43,5509.73,0.0,18700000.0,374.0,275486500.0
20260709,20260706,A469170,ACE 포스코그룹포커스,일반,FnGuide 포스코그룹포커스 지수(시장가격),50000.0,20231017,,103957.75,5515.0,0.09,5494.56,0.37,18850000.0,377.0,274728000.0
20260709,20260707,A469170,ACE 포스코그룹포커스,일반,FnGuide 포스코그룹포커스 지수(시장가격),50000.0,20231017,,102249.0,5410.0,-1.9,5406.1,0.07,18900000.0,378.0,270305000.0
20260709,20260708,A469170,ACE 포스코그룹포커스,일반,FnGuide 포스코그룹포커스 지수(시장가격),50000.0,20231017,,97403.0,5140.0,-4.99,5148.34,-0.16,18950000.0,379.0,257417000.0
20260709,20260709,A469170,ACE 포스코그룹포커스,일반,FnGuide 포스코그룹포커스 지수(시장가격),50000.0,20231017,,97410.0,5100.0,-0.78,5123.15,-0.45,19100000.0,382.0,256157499.99999997
20260709,20260703,A469790,KIWOOM 코리아테크TOP10,일반,Solactive K-TechTOP10 Index(PR),100000.0,20231031,,52070.0,52070.0,5.27,51962.77,0.21,1000000.0,10.0,5196277000.0
20260709,20260706,A469790,KIWOOM 코리아테크TOP10,일반,Solactive K-TechTOP10 Index(PR),100000.0,20231031,,51140.0,51140.0,-1.79,51036.82,0.2,1000000.0,10.0,5103682000.0
20260709,20260707,A469790,KIWOOM 코리아테크TOP10,일반,Solactive K-TechTOP10 Index(PR),100000.0,20231031,,48210.0,48210.0,-5.73,48478.7,-0.55,1000000.0,10.0,4847870000.0
20260709,20260708,A469790,KIWOOM 코리아테크TOP10,일반,Solactive K-TechTOP10 Index(PR),100000.0,20231031,,36752.0,45940.0,-4.71,45831.79,0.24,800000.0,8.0,4583179000.0
20260709,20260709,A469790,KIWOOM 코리아테크TOP10,일반,Solactive K-TechTOP10 Index(PR),100000.0,20231031,,36944.0,46180.0,0.52,46249.77,-0.15,800000.0,8.0,4624977000.0
20260709,20260703,A470310,UNICORN 생성형AI강소기업액티브,일반,iSelect AI 지수,50000.0,20231121,,5128.5,17095.0,1.7,17167.96,-0.42,300000.0,6.0,858398000.0
20260709,20260706,A470310,UNICORN 생성형AI강소기업액티브,일반,iSelect AI 지수,50000.0,20231121,,5062.5,16875.0,-1.29,16851.85,0.14,300000.0,6.0,842592499.9999999
20260709,20260707,A470310,UNICORN 생성형AI강소기업액티브,일반,iSelect AI 지수,50000.0,20231121,,5053.5,16845.0,-0.18,16722.74,0.73,300000.0,6.0,836137000.0000001
20260709,20260708,A470310,UNICORN 생성형AI강소기업액티브,일반,iSelect AI 지수,50000.0,20231121,,4837.5,16125.0,-4.27,16181.32,-0.35,300000.0,6.0,809066000.0
20260709,20260709,A470310,UNICORN 생성형AI강소기업액티브,일반,iSelect AI 지수,50000.0,20231121,,4770.0,15900.0,-1.4,15844.49,0.35,300000.0,6.0,792224500.0
20260709,20260703,A471760,TIGER AI반도체핵심공정,일반,iSelect AI반도체핵심공정지수,50000.0,20231121,,146850.0,16500.0,2.61,16498.56,0.01,8900000.0,178.0,824928000.0000001
20260709,20260706,A471760,TIGER AI반도체핵심공정,일반,iSelect AI반도체핵심공정지수,50000.0,20231121,,140175.0,15750.0,-4.55,15754.72,-0.03,8900000.0,178.0,787736000.0
20260709,20260707,A471760,TIGER AI반도체핵심공정,일반,iSelect AI반도체핵심공정지수,50000.0,20231121,,134799.75,14895.0,-5.43,14940.25,-0.3,9050000.0,181.0,747012500.0
20260709,20260708,A471760,TIGER AI반도체핵심공정,일반,iSelect AI반도체핵심공정지수,50000.0,20231121,,125749.75,13895.0,-6.71,13947.89,-0.38,9050000.0,181.0,697394500.0
20260709,20260709,A471760,TIGER AI반도체핵심공정,일반,iSelect AI반도체핵심공정지수,50000.0,20231121,,131541.75,14535.0,4.61,14523.02,0.08,9050000.0,181.0,726151000.0
20260709,20260703,A471780,TIGER 코리아테크액티브,일반,KRX 정보기술,10000.0,20231128,,319680.0,44400.0,4.52,44292.72,0.24,7200000.0,720.0,442927200.0
20260709,20260706,A471780,TIGER 코리아테크액티브,일반,KRX 정보기술,10000.0,20231128,,311315.0,42940.0,-3.29,42724.96,0.5,7250000.0,725.0,427249600.0
20260709,20260707,A471780,TIGER 코리아테크액티브,일반,KRX 정보기술,10000.0,20231128,,287716.25,39685.0,-7.58,39908.08,-0.56,7250000.0,725.0,399080800.0
20260709,20260708,A471780,TIGER 코리아테크액티브,일반,KRX 정보기술,10000.0,20231128,,269736.25,37205.0,-6.25,37367.78,-0.44,7250000.0,725.0,373677800.0
20260709,20260709,A471780,TIGER 코리아테크액티브,일반,KRX 정보기술,10000.0,20231128,,278824.0,38300.0,2.94,38305.73,-0.01,7280000.0,728.0,383057300.00000006
20260709,20260703,A471990,KODEX AI반도체핵심장비,일반,iSelect AI 반도체핵심장비 지수,50000.0,20231121,,416670.0,25800.0,-2.48,25693.35,0.42,16150000.0,323.0,1284667500.0
20260709,20260706,A471990,KODEX AI반도체핵심장비,일반,iSelect AI 반도체핵심장비 지수,50000.0,20231121,,402882.0,24270.0,-5.93,24366.6,-0.4,16600000.0,332.0,1218330000.0
20260709,20260707,A471990,KODEX AI반도체핵심장비,일반,iSelect AI 반도체핵심장비 지수,50000.0,20231121,,382049.0,23015.0,-5.17,23118.91,-0.45,16600000.0,332.0,1155945500.0
20260709,20260708,A471990,KODEX AI반도체핵심장비,일반,iSelect AI 반도체핵심장비 지수,50000.0,20231121,,349320.0,21300.0,-7.45,21376.74,-0.36,16400000.0,328.0,1068837000.0000001
20260709,20260709,A471990,KODEX AI반도체핵심장비,일반,iSelect AI 반도체핵심장비 지수,50000.0,20231121,,372921.5,22670.0,6.43,22709.38,-0.17,16450000.0,329.0,1135469000.0
20260709,20260703,A472150,TIGER 배당커버드콜액티브,일반,코스피 200 커버드콜 5% OTM 지수(PR 지수),10000.0,20231212,,2409422.4,25440.0,5.85,25415.42,0.1,94710000.0,9471.0,254154199.99999997
20260709,20260706,A472150,TIGER 배당커버드콜액티브,일반,코스피 200 커버드콜 5% OTM 지수(PR 지수),10000.0,20231212,,2392374.6,25260.0,-0.71,25284.82,-0.1,94710000.0,9471.0,252848200.0
20260709,20260707,A472150,TIGER 배당커버드콜액티브,일반,코스피 200 커버드콜 5% OTM 지수(PR 지수),10000.0,20231212,,2297244.9,23865.0,-5.52,23938.76,-0.31,96260000.0,9626.0,239387599.99999997
20260709,20260708,A472150,TIGER 배당커버드콜액티브,일반,코스피 200 커버드콜 5% OTM 지수(PR 지수),10000.0,20231212,,2177265.6,22560.0,-5.47,22541.48,0.08,96510000.0,9651.0,225414800.0
20260709,20260709,A472150,TIGER 배당커버드콜액티브,일반,코스피 200 커버드콜 5% OTM 지수(PR 지수),10000.0,20231212,,2205815.85,22785.0,1.0,22782.68,0.01,96810000.0,9681.0,227826800.0
20260709,20260703,A472720,TRUSTON 주주가치액티브,일반,코스피 200,20000.0,20231214,,15220.4,29270.0,4.55,29101.63,0.58,520000.0,26.0,582032600.0
20260709,20260706,A472720,TRUSTON 주주가치액티브,일반,코스피 200,20000.0,20231214,,15111.2,29060.0,-0.72,28948.28,0.39,520000.0,26.0,578965600.0
20260709,20260707,A472720,TRUSTON 주주가치액티브,일반,코스피 200,20000.0,20231214,,14487.2,27860.0,-4.13,27983.32,-0.44,520000.0,26.0,559666400.0
20260709,20260708,A472720,TRUSTON 주주가치액티브,일반,코스피 200,20000.0,20231214,,13868.4,26670.0,-4.27,26794.27,-0.46,520000.0,26.0,535885400.0
20260709,20260709,A472720,TRUSTON 주주가치액티브,일반,코스피 200,20000.0,20231214,,13954.2,26835.0,0.62,26699.12,0.51,520000.0,26.0,533982400.0
20260709,20260703,A472840,IBK 200,일반,코스피 200,25000.0,20231221,,48931.88,130485.0,6.6,130025.35,0.35,375000.0,15.0,3250633750.0
20260709,20260706,A472840,IBK 200,일반,코스피 200,25000.0,20231221,,48545.63,129455.0,-0.79,129409.76,0.03,375000.0,15.0,3235244000.0
20260709,20260707,A472840,IBK 200,일반,코스피 200,25000.0,20231221,,45590.63,121575.0,-6.09,122671.63,-0.89,375000.0,15.0,3066790750.0
20260709,20260708,A472840,IBK 200,일반,코스피 200,25000.0,20231221,,43492.5,115980.0,-4.6,115927.83,0.05,375000.0,15.0,2898195750.0
20260709,20260709,A472840,IBK 200,일반,코스피 200,25000.0,20231221,,43794.38,116785.0,0.69,117075.6,-0.25,375000.0,15.0,2926890000.0
20260709,20260703,A474590,WON 반도체밸류체인액티브,일반,FnGuide 반도체 밸류체인 (Price Return) 지수,50000.0,20240116,,429826.75,54755.0,3.95,54646.83,0.2,7850000.0,157.0,2732341500.0
20260709,20260706,A474590,WON 반도체밸류체인액티브,일반,FnGuide 반도체 밸류체인 (Price Return) 지수,50000.0,20240116,,418209.75,52605.0,-3.93,52847.89,-0.46,7950000.0,159.0,2642394500.0
20260709,20260707,A474590,WON 반도체밸류체인액티브,일반,FnGuide 반도체 밸류체인 (Price Return) 지수,50000.0,20240116,,412136.5,49655.0,-5.61,49554.79,0.2,8300000.0,166.0,2477739500.0
20260709,20260708,A474590,WON 반도체밸류체인액티브,일반,FnGuide 반도체 밸류체인 (Price Return) 지수,50000.0,20240116,,392713.75,46475.0,-6.4,46667.63,-0.41,8450000.0,169.0,2333381500.0
20260709,20260709,A474590,WON 반도체밸류체인액티브,일반,FnGuide 반도체 밸류체인 (Price Return) 지수,50000.0,20240116,,409587.75,47905.0,3.08,48203.93,-0.62,8550000.0,171.0,2410196500.0
20260709,20260703,A475050,ACE KPOP포커스,일반,iSelect K-POP 포커스지수(시장가격),50000.0,20240130,,106506.5,7690.0,-3.75,7683.8,0.08,13850000.0,277.0,384190000.0
20260709,20260706,A475050,ACE KPOP포커스,일반,iSelect K-POP 포커스지수(시장가격),50000.0,20240130,,108999.5,7870.0,2.34,7889.37,-0.25,13850000.0,277.0,394468500.0
20260709,20260707,A475050,ACE KPOP포커스,일반,iSelect K-POP 포커스지수(시장가격),50000.0,20240130,,114738.75,8225.0,4.51,8207.02,0.22,13950000.0,279.0,410351000.0
20260709,20260708,A475050,ACE KPOP포커스,일반,iSelect K-POP 포커스지수(시장가격),50000.0,20240130,,112189.25,7985.0,-2.92,7954.38,0.38,14050000.0,281.0,397719000.0
20260709,20260709,A475050,ACE KPOP포커스,일반,iSelect K-POP 포커스지수(시장가격),50000.0,20240130,,106807.5,7575.0,-5.13,7571.71,0.04,14100000.0,282.0,378585500.0
20260709,20260703,A475300,SOL 반도체전공정,일반,FnGuide 반도체 전공정 지수(PR),50000.0,20240214,,304725.0,25500.0,-2.04,25412.96,0.34,11950000.0,239.0,1270648000.0
20260709,20260706,A475300,SOL 반도체전공정,일반,FnGuide 반도체 전공정 지수(PR),50000.0,20240214,,328522.0,23720.0,-6.98,23833.6,-0.48,13850000.0,277.0,1191680000.0
20260709,20260707,A475300,SOL 반도체전공정,일반,FnGuide 반도체 전공정 지수(PR),50000.0,20240214,,319962.5,22375.0,-5.67,22439.21,-0.29,14300000.0,286.0,1121960500.0
20260709,20260708,A475300,SOL 반도체전공정,일반,FnGuide 반도체 전공정 지수(PR),50000.0,20240214,,296725.0,20750.0,-7.26,20870.17,-0.58,14300000.0,286.0,1043508499.9999999
20260709,20260709,A475300,SOL 반도체전공정,일반,FnGuide 반도체 전공정 지수(PR),50000.0,20240214,,300268.0,21680.0,4.48,21838.37,-0.73,13850000.0,277.0,1091918500.0
20260709,20260703,A475310,SOL 반도체후공정,일반,FnGuide 반도체 후공정 지수(PR),50000.0,20240214,,79156.0,28270.0,-0.34,28181.03,0.32,2800000.0,56.0,1409051500.0
20260709,20260706,A475310,SOL 반도체후공정,일반,FnGuide 반도체 후공정 지수(PR),50000.0,20240214,,78474.0,27060.0,-4.28,26986.2,0.27,2900000.0,58.0,1349310000.0
20260709,20260707,A475310,SOL 반도체후공정,일반,FnGuide 반도체 후공정 지수(PR),50000.0,20240214,,72632.25,25485.0,-5.82,25551.06,-0.26,2850000.0,57.0,1277553000.0
20260709,20260708,A475310,SOL 반도체후공정,일반,FnGuide 반도체 후공정 지수(PR),50000.0,20240214,,67245.75,23595.0,-7.42,23693.15,-0.41,2850000.0,57.0,1184657500.0
20260709,20260709,A475310,SOL 반도체후공정,일반,FnGuide 반도체 후공정 지수(PR),50000.0,20240214,,67265.0,24460.0,3.67,24591.4,-0.53,2750000.0,55.0,1229570000.0
20260709,20260703,A475720,RISE 200위클리커버드콜,일반,코스피 200 위클리 커버드콜 ATM 지수,50000.0,20240305,,926445.75,14835.0,4.11,14779.02,0.38,62450000.0,1249.0,738951000.0
20260709,20260706,A475720,RISE 200위클리커버드콜,일반,코스피 200 위클리 커버드콜 ATM 지수,50000.0,20240305,,916285.5,14755.0,-0.54,14836.23,-0.55,62100000.0,1242.0,741811500.0
20260709,20260707,A475720,RISE 200위클리커버드콜,일반,코스피 200 위클리 커버드콜 ATM 지수,50000.0,20240305,,895442.5,14270.0,-3.29,14289.48,-0.14,62750000.0,1255.0,714474000.0
20260709,20260708,A475720,RISE 200위클리커버드콜,일반,코스피 200 위클리 커버드콜 ATM 지수,50000.0,20240305,,853008.0,13670.0,-4.2,13616.36,0.39,62400000.0,1248.0,680818000.0
20260709,20260709,A475720,RISE 200위클리커버드콜,일반,코스피 200 위클리 커버드콜 ATM 지수,50000.0,20240305,,858312.0,13755.0,0.62,13758.43,-0.02,62400000.0,1248.0,687921500.0
20260709,20260703,A476000,UNICORN 포스트IPO액티브,일반,iSelect 포스트 IPO 지수,50000.0,20240227,,3553.0,6460.0,-2.05,6526.97,-1.03,550000.0,11.0,326348500.0
20260709,20260706,A476000,UNICORN 포스트IPO액티브,일반,iSelect 포스트 IPO 지수,50000.0,20240227,,3520.0,6400.0,-0.93,6356.85,0.68,550000.0,11.0,317842500.0
20260709,20260707,A476000,UNICORN 포스트IPO액티브,일반,iSelect 포스트 IPO 지수,50000.0,20240227,,3478.75,6325.0,-1.17,6288.04,0.59,550000.0,11.0,314402000.0
20260709,20260708,A476000,UNICORN 포스트IPO액티브,일반,iSelect 포스트 IPO 지수,50000.0,20240227,,3212.0,5840.0,-7.67,5825.98,0.24,550000.0,11.0,291299000.0
20260709,20260709,A476000,UNICORN 포스트IPO액티브,일반,iSelect 포스트 IPO 지수,50000.0,20240227,,3124.0,5680.0,-2.74,5750.54,-1.23,550000.0,11.0,287527000.0
20260709,20260703,A476260,HANARO 반도체핵심공정주도주,일반,FnGuide 반도체 핵심공정 주도주 지수,50000.0,20240227,,53733.75,15575.0,0.97,15550.6,0.16,3450000.0,69.0,777530000.0
20260709,20260706,A476260,HANARO 반도체핵심공정주도주,일반,FnGuide 반도체 핵심공정 주도주 지수,50000.0,20240227,,61740.0,14700.0,-5.62,14685.43,0.1,4200000.0,84.0,734271500.0
20260709,20260707,A476260,HANARO 반도체핵심공정주도주,일반,FnGuide 반도체 핵심공정 주도주 지수,50000.0,20240227,,58522.5,13770.0,-6.33,13763.07,0.05,4250000.0,85.0,688153500.0
20260709,20260708,A476260,HANARO 반도체핵심공정주도주,일반,FnGuide 반도체 핵심공정 주도주 지수,50000.0,20240227,,53078.5,12790.0,-7.12,12840.05,-0.39,4150000.0,83.0,642002500.0
20260709,20260709,A476260,HANARO 반도체핵심공정주도주,일반,FnGuide 반도체 핵심공정 주도주 지수,50000.0,20240227,,53300.0,13325.0,4.18,13232.8,0.7,4000000.0,80.0,661640000.0
20260709,20260703,A476850,KoAct 배당성장액티브,일반,코스피지수,50000.0,20240227,,113590.75,24965.0,4.41,25024.76,-0.24,4550000.0,91.0,1251238000.0
20260709,20260706,A476850,KoAct 배당성장액티브,일반,코스피지수,50000.0,20240227,,113499.75,24945.0,-0.08,24865.05,0.32,4550000.0,91.0,1243252500.0
20260709,20260707,A476850,KoAct 배당성장액티브,일반,코스피지수,50000.0,20240227,,108472.0,23840.0,-4.43,23937.75,-0.41,4550000.0,91.0,1196887500.0
20260709,20260708,A476850,KoAct 배당성장액티브,일반,코스피지수,50000.0,20240227,,103330.5,22710.0,-4.74,22718.36,-0.04,4550000.0,91.0,1135918000.0
20260709,20260709,A476850,KoAct 배당성장액티브,일반,코스피지수,50000.0,20240227,,103376.0,22720.0,0.04,22700.78,0.08,4550000.0,91.0,1135039000.0
20260709,20260703,A479850,HANARO K-뷰티,일반,FnGuide K-뷰티 지수,50000.0,20240416,,26240.0,16400.0,-1.32,16376.04,0.15,1600000.0,32.0,818802000.0
20260709,20260706,A479850,HANARO K-뷰티,일반,FnGuide K-뷰티 지수,50000.0,20240416,,25148.75,16225.0,-1.07,16296.22,-0.44,1550000.0,31.0,814811000.0
20260709,20260707,A479850,HANARO K-뷰티,일반,FnGuide K-뷰티 지수,50000.0,20240416,,25365.0,16910.0,4.22,17012.3,-0.6,1500000.0,30.0,850615000.0
20260709,20260708,A479850,HANARO K-뷰티,일반,FnGuide K-뷰티 지수,50000.0,20240416,,24517.5,16345.0,-3.34,16452.13,-0.65,1500000.0,30.0,822606500.0
20260709,20260709,A479850,HANARO K-뷰티,일반,FnGuide K-뷰티 지수,50000.0,20240416,,23400.0,15600.0,-4.56,15656.77,-0.36,1500000.0,30.0,782838500.0
20260709,20260703,A482030,KoAct 반도체&2차전지핵심소재액티브,일반,iSelect 반도체&2차전지핵심소재 지수,50000.0,20240514,,10069.5,9590.0,1.16,9567.74,0.23,1050000.0,21.0,478387000.0
20260709,20260706,A482030,KoAct 반도체&2차전지핵심소재액티브,일반,iSelect 반도체&2차전지핵심소재 지수,50000.0,20240514,,9780.75,9315.0,-2.87,9258.45,0.61,1050000.0,21.0,462922500.00000006
20260709,20260707,A482030,KoAct 반도체&2차전지핵심소재액티브,일반,iSelect 반도체&2차전지핵심소재 지수,50000.0,20240514,,9350.25,8905.0,-4.4,8939.53,-0.39,1050000.0,21.0,446976500.00000006
20260709,20260708,A482030,KoAct 반도체&2차전지핵심소재액티브,일반,iSelect 반도체&2차전지핵심소재 지수,50000.0,20240514,,8688.75,8275.0,-7.07,8328.92,-0.65,1050000.0,21.0,416446000.0
20260709,20260709,A482030,KoAct 반도체&2차전지핵심소재액티브,일반,iSelect 반도체&2차전지핵심소재 지수,50000.0,20240514,,8804.25,8385.0,1.33,8459.98,-0.89,1050000.0,21.0,422999000.0
20260709,20260703,A483020,KIWOOM 의료AI,일반,FnGuide 의료AI 지수,50000.0,20240528,,5880.0,9800.0,1.24,9776.01,0.25,600000.0,12.0,488800500.0
20260709,20260706,A483020,KIWOOM 의료AI,일반,FnGuide 의료AI 지수,50000.0,20240528,,5721.0,9535.0,-2.7,9557.18,-0.23,600000.0,12.0,477859000.0
20260709,20260707,A483020,KIWOOM 의료AI,일반,FnGuide 의료AI 지수,50000.0,20240528,,5802.0,9670.0,1.42,9640.98,0.3,600000.0,12.0,482049000.0
20260709,20260708,A483020,KIWOOM 의료AI,일반,FnGuide 의료AI 지수,50000.0,20240528,,5583.0,9305.0,-3.77,9328.01,-0.25,600000.0,12.0,466400500.0
20260709,20260709,A483020,KIWOOM 의료AI,일반,FnGuide 의료AI 지수,50000.0,20240528,,5493.0,9155.0,-1.61,9122.86,0.35,600000.0,12.0,456143000.0
20260709,20260703,A484880,SOL 금융지주플러스고배당,일반,FnGuide 금융지주플러스고배당 지수(PR),50000.0,20240625,,348864.25,22435.0,4.52,22477.22,-0.19,15550000.0,311.0,1123861000.0
20260709,20260706,A484880,SOL 금융지주플러스고배당,일반,FnGuide 금융지주플러스고배당 지수(PR),50000.0,20240625,,351075.0,22650.0,0.96,22640.67,0.04,15500000.0,310.0,1132033500.0
20260709,20260707,A484880,SOL 금융지주플러스고배당,일반,FnGuide 금융지주플러스고배당 지수(PR),50000.0,20240625,,353032.5,22850.0,0.88,22843.69,0.03,15450000.0,309.0,1142184500.0
20260709,20260708,A484880,SOL 금융지주플러스고배당,일반,FnGuide 금융지주플러스고배당 지수(PR),50000.0,20240625,,341998.0,22280.0,-2.49,22267.45,0.06,15350000.0,307.0,1113372500.0
20260709,20260709,A484880,SOL 금융지주플러스고배당,일반,FnGuide 금융지주플러스고배당 지수(PR),50000.0,20240625,,335704.5,21870.0,-1.84,21905.94,-0.16,15350000.0,307.0,1095297000.0
20260709,20260703,A486240,DAISHIN343 AI반도체&인프라액티브,일반,FnGuide AI반도체&인프라 지수,100000.0,20240618,,110416.0,34505.0,4.4,34358.04,0.43,3200000.0,32.0,3435804000.0
20260709,20260706,A486240,DAISHIN343 AI반도체&인프라액티브,일반,FnGuide AI반도체&인프라 지수,100000.0,20240618,,108960.0,34050.0,-1.32,33514.39,1.6,3200000.0,32.0,3351439000.0
20260709,20260707,A486240,DAISHIN343 AI반도체&인프라액티브,일반,FnGuide AI반도체&인프라 지수,100000.0,20240618,,101344.0,31670.0,-6.99,31529.57,0.45,3200000.0,32.0,3152957000.0
20260709,20260708,A486240,DAISHIN343 AI반도체&인프라액티브,일반,FnGuide AI반도체&인프라 지수,100000.0,20240618,,94800.0,29625.0,-6.46,29514.91,0.37,3200000.0,32.0,2951491000.0
20260709,20260709,A486240,DAISHIN343 AI반도체&인프라액티브,일반,FnGuide AI반도체&인프라 지수,100000.0,20240618,,102986.0,30290.0,2.24,30160.58,0.43,3400000.0,34.0,3016058000.0
20260709,20260703,A487130,KoAct AI인프라액티브,일반,Solactive AI인프라 지수,50000.0,20240709,,76762.5,33375.0,-0.73,33223.12,0.46,2300000.0,46.0,1661156000.0000002
20260709,20260706,A487130,KoAct AI인프라액티브,일반,Solactive AI인프라 지수,50000.0,20240709,,73370.0,31900.0,-4.42,31974.31,-0.23,2300000.0,46.0,1598715500.0
20260709,20260707,A487130,KoAct AI인프라액티브,일반,Solactive AI인프라 지수,50000.0,20240709,,68781.5,29905.0,-6.25,30002.83,-0.33,2300000.0,46.0,1500141500.0
20260709,20260708,A487130,KoAct AI인프라액티브,일반,Solactive AI인프라 지수,50000.0,20240709,,64469.0,28030.0,-6.27,28035.49,-0.02,2300000.0,46.0,1401774500.0
20260709,20260709,A487130,KoAct AI인프라액티브,일반,Solactive AI인프라 지수,50000.0,20240709,,65619.0,28530.0,1.78,28744.39,-0.75,2300000.0,46.0,1437219500.0
20260709,20260703,A487240,KODEX AI전력핵심설비,일반,iSelect AI 전력핵심설비 지수(Price Return),100000.0,20240709,,3504847.5,42075.0,-2.84,41878.08,0.47,83300000.0,833.0,4187808000.0
20260709,20260706,A487240,KODEX AI전력핵심설비,일반,iSelect AI 전력핵심설비 지수(Price Return),100000.0,20240709,,3394365.0,40170.0,-4.53,40134.75,0.09,84500000.0,845.0,4013475000.0
20260709,20260707,A487240,KODEX AI전력핵심설비,일반,iSelect AI 전력핵심설비 지수(Price Return),100000.0,20240709,,3239595.0,37890.0,-5.68,37998.49,-0.29,85500000.0,855.0,3799849000.0
20260709,20260708,A487240,KODEX AI전력핵심설비,일반,iSelect AI 전력핵심설비 지수(Price Return),100000.0,20240709,,2961840.0,34400.0,-9.21,34565.29,-0.48,86100000.0,861.0,3456529000.0
20260709,20260709,A487240,KODEX AI전력핵심설비,일반,iSelect AI 전력핵심설비 지수(Price Return),100000.0,20240709,,3018724.0,35020.0,1.8,35066.95,-0.13,86200000.0,862.0,3506694999.9999995
20260709,20260703,A487750,BNK 온디바이스AI,일반,FnGuide 온디바이스AI 지수,50000.0,20240723,,14800.0,37000.0,4.28,37234.0,-0.63,400000.0,8.0,1861700000.0
20260709,20260706,A487750,BNK 온디바이스AI,일반,FnGuide 온디바이스AI 지수,50000.0,20240723,,14416.0,36040.0,-2.59,36124.83,-0.23,400000.0,8.0,1806241500.0
20260709,20260707,A487750,BNK 온디바이스AI,일반,FnGuide 온디바이스AI 지수,50000.0,20240723,,13484.0,33710.0,-6.47,33906.63,-0.58,400000.0,8.0,1695331499.9999998
20260709,20260708,A487750,BNK 온디바이스AI,일반,FnGuide 온디바이스AI 지수,50000.0,20240723,,12694.0,31735.0,-5.86,31791.57,-0.18,400000.0,8.0,1589578500.0
20260709,20260709,A487750,BNK 온디바이스AI,일반,FnGuide 온디바이스AI 지수,50000.0,20240723,,13090.0,32725.0,3.12,32881.51,-0.48,400000.0,8.0,1644075500.0
20260709,20260703,A488080,TIGER 반도체TOP10레버리지,레버리지,FnGuide 반도체TOP10레버리지(2x) 지수(PR),50000.0,20240723,,730240.0,65200.0,8.41,64675.49,0.81,11200000.0,224.0,3233774500.0
20260709,20260706,A488080,TIGER 반도체TOP10레버리지,레버리지,FnGuide 반도체TOP10레버리지(2x) 지수(PR),50000.0,20240723,,688856.0,61505.0,-5.67,61748.39,-0.39,11200000.0,224.0,3087419500.0
20260709,20260707,A488080,TIGER 반도체TOP10레버리지,레버리지,FnGuide 반도체TOP10레버리지(2x) 지수(PR),50000.0,20240723,,606850.0,53000.0,-13.83,53565.25,-1.06,11450000.0,229.0,2678262500.0
20260709,20260708,A488080,TIGER 반도체TOP10레버리지,레버리지,FnGuide 반도체TOP10레버리지(2x) 지수(PR),50000.0,20240723,,532380.0,46700.0,-11.89,47130.09,-0.91,11400000.0,228.0,2356504500.0
20260709,20260709,A488080,TIGER 반도체TOP10레버리지,레버리지,FnGuide 반도체TOP10레버리지(2x) 지수(PR),50000.0,20240723,,573004.75,50485.0,8.1,50366.44,0.24,11350000.0,227.0,2518322000.0
20260709,20260703,A488200,KIWOOM K-2차전지북미공급망,일반,Solactive K-Battery North America Supply Chain 지수,50000.0,20240723,,10184.0,12730.0,-0.47,12818.27,-0.69,800000.0,16.0,640913500.0
20260709,20260706,A488200,KIWOOM K-2차전지북미공급망,일반,Solactive K-Battery North America Supply Chain 지수,50000.0,20240723,,10040.0,12550.0,-1.41,12556.44,-0.05,800000.0,16.0,627822000.0
20260709,20260707,A488200,KIWOOM K-2차전지북미공급망,일반,Solactive K-Battery North America Supply Chain 지수,50000.0,20240723,,9176.25,12235.0,-2.51,12287.89,-0.43,750000.0,15.0,614394500.0
20260709,20260708,A488200,KIWOOM K-2차전지북미공급망,일반,Solactive K-Battery North America Supply Chain 지수,50000.0,20240723,,8655.0,11540.0,-5.68,11551.33,-0.1,750000.0,15.0,577566500.0
20260709,20260709,A488200,KIWOOM K-2차전지북미공급망,일반,Solactive K-Battery North America Supply Chain 지수,50000.0,20240723,,8343.75,11125.0,-3.6,11284.66,-1.41,750000.0,15.0,564233000.0
20260709,20260703,A488210,KIWOOM K-반도체북미공급망,일반,Solactive K-Semiconductor North America Supply Chain 지수,50000.0,20240723,,5328.0,26640.0,3.9,26639.56,0.0,200000.0,4.0,1331978000.0
20260709,20260706,A488210,KIWOOM K-반도체북미공급망,일반,Solactive K-Semiconductor North America Supply Chain 지수,50000.0,20240723,,5043.0,25215.0,-5.35,25231.41,-0.07,200000.0,4.0,1261570500.0
20260709,20260707,A488210,KIWOOM K-반도체북미공급망,일반,Solactive K-Semiconductor North America Supply Chain 지수,50000.0,20240723,,4817.0,24085.0,-4.48,24115.42,-0.13,200000.0,4.0,1205771000.0
20260709,20260708,A488210,KIWOOM K-반도체북미공급망,일반,Solactive K-Semiconductor North America Supply Chain 지수,50000.0,20240723,,4508.0,22540.0,-6.41,22446.35,0.42,200000.0,4.0,1122317500.0
20260709,20260709,A488210,KIWOOM K-반도체북미공급망,일반,Solactive K-Semiconductor North America Supply Chain 지수,50000.0,20240723,,4638.0,23190.0,2.88,23335.49,-0.62,200000.0,4.0,1166774500.0
20260709,20260703,A489030,PLUS 고배당주위클리커버드콜,일반,코스피 고배당 위클리 콜매도 ATM 지수,50000.0,20240813,,283768.0,6320.0,0.32,6326.86,-0.11,44900000.0,898.0,316343000.0
20260709,20260706,A489030,PLUS 고배당주위클리커버드콜,일반,코스피 고배당 위클리 콜매도 ATM 지수,50000.0,20240813,,290054.0,6460.0,2.22,6456.11,0.06,44900000.0,898.0,322805500.0
20260709,20260707,A489030,PLUS 고배당주위클리커버드콜,일반,코스피 고배당 위클리 콜매도 ATM 지수,50000.0,20240813,,293783.75,6565.0,1.63,6588.42,-0.36,44750000.0,895.0,329421000.0
20260709,20260708,A489030,PLUS 고배당주위클리커버드콜,일반,코스피 고배당 위클리 콜매도 ATM 지수,50000.0,20240813,,292422.0,6520.0,-0.69,6517.73,0.03,44850000.0,897.0,325886500.0
20260709,20260709,A489030,PLUS 고배당주위클리커버드콜,일반,코스피 고배당 위클리 콜매도 ATM 지수,50000.0,20240813,,284797.5,6350.0,-2.61,6396.86,-0.73,44850000.0,897.0,319843000.0
20260709,20260703,A490480,SOL K방산,일반,KEDI K방산 지수(PR),50000.0,20241002,,96512.0,33280.0,2.46,33305.62,-0.08,2900000.0,58.0,1665281000.0000002
20260709,20260706,A490480,SOL K방산,일반,KEDI K방산 지수(PR),50000.0,20241002,,96700.5,33930.0,1.95,34003.9,-0.22,2850000.0,57.0,1700195000.0
20260709,20260707,A490480,SOL K방산,일반,KEDI K방산 지수(PR),50000.0,20241002,,91872.0,31680.0,-6.63,31720.49,-0.13,2900000.0,58.0,1586024500.0
20260709,20260708,A490480,SOL K방산,일반,KEDI K방산 지수(PR),50000.0,20241002,,83911.5,28935.0,-8.66,29055.52,-0.41,2900000.0,58.0,1452776000.0
20260709,20260709,A490480,SOL K방산,일반,KEDI K방산 지수(PR),50000.0,20241002,,82836.0,28080.0,-2.95,28246.49,-0.59,2950000.0,59.0,1412324500.0
20260709,20260703,A491220,PLUS 200TR,일반,코스피 200 TR지수,50000.0,20240910,,61936.0,154840.0,6.61,154992.71,-0.1,400000.0,8.0,7749635500.0
20260709,20260706,A491220,PLUS 200TR,일반,코스피 200 TR지수,50000.0,20240910,,61684.0,154210.0,-0.41,154297.44,-0.06,400000.0,8.0,7714872000.0
20260709,20260707,A491220,PLUS 200TR,일반,코스피 200 TR지수,50000.0,20240910,,65097.0,144660.0,-6.19,146231.35,-1.07,450000.0,9.0,7311567500.0
20260709,20260708,A491220,PLUS 200TR,일반,코스피 200 TR지수,50000.0,20240910,,62259.75,138355.0,-4.36,138079.91,0.2,450000.0,9.0,6903995500.0
20260709,20260709,A491220,PLUS 200TR,일반,코스피 200 TR지수,50000.0,20240910,,62653.5,139230.0,0.63,139609.72,-0.27,450000.0,9.0,6980486000.0
20260709,20260703,A491510,파워 K-주주가치액티브,일반,FnGuide K-주주가치 지수,50000.0,20240924,,16290.0,18100.0,2.58,18217.75,-0.65,900000.0,18.0,910887500.0
20260709,20260706,A491510,파워 K-주주가치액티브,일반,FnGuide K-주주가치 지수,50000.0,20240924,,16465.5,18295.0,1.08,18380.92,-0.47,900000.0,18.0,919045999.9999999
20260709,20260707,A491510,파워 K-주주가치액티브,일반,FnGuide K-주주가치 지수,50000.0,20240924,,16443.0,18270.0,-0.14,18406.96,-0.74,900000.0,18.0,920348000.0
20260709,20260708,A491510,파워 K-주주가치액티브,일반,FnGuide K-주주가치 지수,50000.0,20240924,,16096.5,17885.0,-2.11,18013.0,-0.71,900000.0,18.0,900650000.0
20260709,20260709,A491510,파워 K-주주가치액티브,일반,FnGuide K-주주가치 지수,50000.0,20240924,,15732.0,17480.0,-2.26,17605.46,-0.71,900000.0,18.0,880273000.0
20260709,20260703,A491700,HK 200,일반,코스피 200,50000.0,20240910,,78297.0,130495.0,4.46,131625.58,-0.86,600000.0,12.0,6581278999.999999
20260709,20260706,A491700,HK 200,일반,코스피 200,50000.0,20240910,,78288.0,130480.0,-0.01,130999.34,-0.4,600000.0,12.0,6549967000.0
20260709,20260707,A491700,HK 200,일반,코스피 200,50000.0,20240910,,74049.0,123415.0,-5.41,124171.37,-0.61,600000.0,12.0,6208568500.0
20260709,20260708,A491700,HK 200,일반,코스피 200,50000.0,20240910,,71121.0,118535.0,-3.95,117351.65,1.01,600000.0,12.0,5867582500.0
20260709,20260709,A491700,HK 200,일반,코스피 200,50000.0,20240910,,70599.0,117665.0,-0.73,118503.68,-0.71,600000.0,12.0,5925184000.0
20260709,20260703,A491820,HANARO 전력설비투자,일반,iSelect 전력설비투자 지수,50000.0,20240924,,180936.0,50260.0,-2.91,50088.89,0.34,3600000.0,72.0,2504444500.0
20260709,20260706,A491820,HANARO 전력설비투자,일반,iSelect 전력설비투자 지수,50000.0,20240924,,172116.0,47810.0,-4.87,48000.12,-0.4,3600000.0,72.0,2400006000.0
20260709,20260707,A491820,HANARO 전력설비투자,일반,iSelect 전력설비투자 지수,50000.0,20240924,,166184.5,45530.0,-4.77,45466.29,0.14,3650000.0,73.0,2273314500.0
20260709,20260708,A491820,HANARO 전력설비투자,일반,iSelect 전력설비투자 지수,50000.0,20240924,,150453.0,41220.0,-9.47,41379.7,-0.39,3650000.0,73.0,2068984999.9999998
20260709,20260709,A491820,HANARO 전력설비투자,일반,iSelect 전력설비투자 지수,50000.0,20240924,,157275.0,41940.0,1.75,41971.12,-0.07,3750000.0,75.0,2098556000.0000002
20260709,20260703,A494220,UNICORN SK하이닉스밸류체인액티브,일반,FnGuide SK하이닉스밸류체인 지수,50000.0,20241107,,219687.5,59375.0,3.49,59355.25,0.03,3700000.0,74.0,2967762500.0
20260709,20260706,A494220,UNICORN SK하이닉스밸류체인액티브,일반,FnGuide SK하이닉스밸류체인 지수,50000.0,20241107,,209050.0,56500.0,-4.84,56466.21,0.06,3700000.0,74.0,2823310500.0
20260709,20260707,A494220,UNICORN SK하이닉스밸류체인액티브,일반,FnGuide SK하이닉스밸류체인 지수,50000.0,20241107,,193547.0,52310.0,-7.42,52599.51,-0.55,3700000.0,74.0,2629975500.0
20260709,20260708,A494220,UNICORN SK하이닉스밸류체인액티브,일반,FnGuide SK하이닉스밸류체인 지수,50000.0,20241107,,181910.5,49165.0,-6.01,49292.65,-0.26,3700000.0,74.0,2464632500.0
20260709,20260709,A494220,UNICORN SK하이닉스밸류체인액티브,일반,FnGuide SK하이닉스밸류체인 지수,50000.0,20241107,,187978.5,50805.0,3.34,50879.89,-0.15,3700000.0,74.0,2543994500.0
20260709,20260703,A494310,KODEX 반도체레버리지,레버리지,KRX 반도체 레버리지 지수,50000.0,20241022,,1582840.0,141325.0,11.73,141758.4,-0.31,11200000.0,224.0,7087920000.0
20260709,20260706,A494310,KODEX 반도체레버리지,레버리지,KRX 반도체 레버리지 지수,50000.0,20241022,,1503824.0,134270.0,-4.99,134272.52,0.0,11200000.0,224.0,6713625999.999999
20260709,20260707,A494310,KODEX 반도체레버리지,레버리지,KRX 반도체 레버리지 지수,50000.0,20241022,,1341482.0,117160.0,-12.74,118092.6,-0.79,11450000.0,229.0,5904630000.0
20260709,20260708,A494310,KODEX 반도체레버리지,레버리지,KRX 반도체 레버리지 지수,50000.0,20241022,,1191382.5,103150.0,-11.96,103898.57,-0.72,11550000.0,231.0,5194928500.0
20260709,20260709,A494310,KODEX 반도체레버리지,레버리지,KRX 반도체 레버리지 지수,50000.0,20241022,,1291617.25,112805.0,9.36,111955.68,0.76,11450000.0,229.0,5597784000.0
20260709,20260703,A494330,ACE 라이프자산주주가치액티브,일반,FnGuide 기업가치 지수(시장가격),50000.0,20241015,,145266.0,33015.0,1.8,32975.49,0.12,4400000.0,88.0,1648774500.0
20260709,20260706,A494330,ACE 라이프자산주주가치액티브,일반,FnGuide 기업가치 지수(시장가격),50000.0,20241015,,145288.0,33020.0,0.02,33063.29,-0.13,4400000.0,88.0,1653164500.0
20260709,20260707,A494330,ACE 라이프자산주주가치액티브,일반,FnGuide 기업가치 지수(시장가격),50000.0,20241015,,145136.75,32615.0,-1.23,32547.43,0.21,4450000.0,89.0,1627371500.0
20260709,20260708,A494330,ACE 라이프자산주주가치액티브,일반,FnGuide 기업가치 지수(시장가격),50000.0,20241015,,140709.0,31620.0,-3.05,31566.72,0.17,4450000.0,89.0,1578336000.0
20260709,20260709,A494330,ACE 라이프자산주주가치액티브,일반,FnGuide 기업가치 지수(시장가격),50000.0,20241015,,138395.0,31100.0,-1.64,31253.43,-0.49,4450000.0,89.0,1562671500.0
20260709,20260703,A494670,TIGER 조선TOP10,일반,iSelect 조선TOP10 Index(PR),50000.0,20241022,,637045.5,25130.0,0.14,25122.63,0.03,25350000.0,507.0,1256131500.0
20260709,20260706,A494670,TIGER 조선TOP10,일반,iSelect 조선TOP10 Index(PR),50000.0,20241022,,650481.0,25660.0,2.11,25752.58,-0.36,25350000.0,507.0,1287629000.0
20260709,20260707,A494670,TIGER 조선TOP10,일반,iSelect 조선TOP10 Index(PR),50000.0,20241022,,598995.0,23490.0,-8.46,23443.83,0.2,25500000.0,510.0,1172191500.0
20260709,20260708,A494670,TIGER 조선TOP10,일반,iSelect 조선TOP10 Index(PR),50000.0,20241022,,556600.0,22000.0,-6.34,21960.75,0.18,25300000.0,506.0,1098037500.0
20260709,20260709,A494670,TIGER 조선TOP10,일반,iSelect 조선TOP10 Index(PR),50000.0,20241022,,542938.0,21460.0,-2.45,21326.26,0.63,25300000.0,506.0,1066312999.9999999
20260709,20260703,A494890,KODEX 200액티브,일반,코스피 200,100000.0,20241029,,1229637.5,37835.0,5.76,37819.1,0.04,32500000.0,325.0,3781910000.0
20260709,20260706,A494890,KODEX 200액티브,일반,코스피 200,100000.0,20241029,,1228857.0,37695.0,-0.37,37624.26,0.19,32600000.0,326.0,3762426000.0
20260709,20260707,A494890,KODEX 200액티브,일반,코스피 200,100000.0,20241029,,1172108.0,35735.0,-5.2,35649.42,0.24,32800000.0,328.0,3564942000.0
20260709,20260708,A494890,KODEX 200액티브,일반,코스피 200,100000.0,20241029,,1114477.0,33670.0,-5.78,33628.59,0.12,33100000.0,331.0,3362858999.9999995
20260709,20260709,A494890,KODEX 200액티브,일반,코스피 200,100000.0,20241029,,1122090.0,33900.0,0.68,34009.64,-0.32,33100000.0,331.0,3400964000.0
20260709,20260703,A495040,PLUS 코리아밸류업,일반,코리아 밸류업 지수,50000.0,20241104,,105518.0,37685.0,5.71,37621.2,0.17,2800000.0,56.0,1881059999.9999998
20260709,20260706,A495040,PLUS 코리아밸류업,일반,코리아 밸류업 지수,50000.0,20241104,,104958.0,37485.0,-0.53,37401.2,0.22,2800000.0,56.0,1870059999.9999998
20260709,20260707,A495040,PLUS 코리아밸류업,일반,코리아 밸류업 지수,50000.0,20241104,,99302.0,35465.0,-5.39,35893.64,-1.19,2800000.0,56.0,1794682000.0
20260709,20260708,A495040,PLUS 코리아밸류업,일반,코리아 밸류업 지수,50000.0,20241104,,95438.0,34085.0,-3.89,34206.74,-0.36,2800000.0,56.0,1710337000.0
20260709,20260709,A495040,PLUS 코리아밸류업,일반,코리아 밸류업 지수,50000.0,20241104,,95760.0,34200.0,0.34,34317.03,-0.34,2800000.0,56.0,1715851500.0
20260709,20260703,A495050,RISE 코리아밸류업,일반,코리아 밸류업 지수,50000.0,20241104,,1110872.0,38240.0,4.98,38175.09,0.17,29050000.0,581.0,1908754499.9999998
20260709,20260706,A495050,RISE 코리아밸류업,일반,코리아 밸류업 지수,50000.0,20241104,,1106242.0,37885.0,-0.93,37951.44,-0.18,29200000.0,584.0,1897572000.0
20260709,20260707,A495050,RISE 코리아밸류업,일반,코리아 밸류업 지수,50000.0,20241104,,1063150.5,36285.0,-4.22,36419.24,-0.37,29300000.0,586.0,1820962000.0
20260709,20260708,A495050,RISE 코리아밸류업,일반,코리아 밸류업 지수,50000.0,20241104,,1020352.75,34765.0,-4.19,34704.29,0.17,29350000.0,587.0,1735214500.0
20260709,20260709,A495050,RISE 코리아밸류업,일반,코리아 밸류업 지수,50000.0,20241104,,1021620.5,34690.0,-0.22,34815.13,-0.36,29450000.0,589.0,1740756499.9999998
20260709,20260703,A495060,TIME 코리아밸류업액티브,일반,코리아 밸류업 지수,50000.0,20241104,,284812.5,36750.0,3.8,36756.76,-0.02,7750000.0,155.0,1837838000.0
20260709,20260706,A495060,TIME 코리아밸류업액티브,일반,코리아 밸류업 지수,50000.0,20241104,,278225.0,35900.0,-2.31,35951.96,-0.14,7750000.0,155.0,1797598000.0
20260709,20260707,A495060,TIME 코리아밸류업액티브,일반,코리아 밸류업 지수,50000.0,20241104,,264081.25,34075.0,-5.08,34097.65,-0.07,7750000.0,155.0,1704882500.0
20260709,20260708,A495060,TIME 코리아밸류업액티브,일반,코리아 밸류업 지수,50000.0,20241104,,247555.0,32150.0,-5.65,32104.56,0.14,7700000.0,154.0,1605228000.0
20260709,20260709,A495060,TIME 코리아밸류업액티브,일반,코리아 밸류업 지수,50000.0,20241104,,251433.0,32235.0,0.26,32281.57,-0.14,7800000.0,156.0,1614078500.0
20260709,20260703,A495230,KoAct 코리아밸류업액티브,일반,코리아 밸류업 지수,50000.0,20241104,,324045.0,37900.0,4.08,37773.96,0.33,8550000.0,171.0,1888698000.0
20260709,20260706,A495230,KoAct 코리아밸류업액티브,일반,코리아 밸류업 지수,50000.0,20241104,,318573.0,37260.0,-1.69,37179.41,0.22,8550000.0,171.0,1858970500.0000002
20260709,20260707,A495230,KoAct 코리아밸류업액티브,일반,코리아 밸류업 지수,50000.0,20241104,,302926.5,35430.0,-4.91,35377.76,0.15,8550000.0,171.0,1768888000.0
20260709,20260708,A495230,KoAct 코리아밸류업액티브,일반,코리아 밸류업 지수,50000.0,20241104,,286980.75,33565.0,-5.26,33479.41,0.26,8550000.0,171.0,1673970500.0000002
20260709,20260709,A495230,KoAct 코리아밸류업액티브,일반,코리아 밸류업 지수,50000.0,20241104,,291110.0,33850.0,0.85,33821.93,0.08,8600000.0,172.0,1691096500.0
20260709,20260703,A495330,1Q 코리아밸류업,일반,코리아 밸류업 지수,100000.0,20241104,,162540.0,37800.0,4.84,37732.27,0.18,4300000.0,43.0,3773226999.9999995
20260709,20260706,A495330,1Q 코리아밸류업,일반,코리아 밸류업 지수,100000.0,20241104,,161465.0,37550.0,-0.66,37519.04,0.08,4300000.0,43.0,3751904000.0
20260709,20260707,A495330,1Q 코리아밸류업,일반,코리아 밸류업 지수,100000.0,20241104,,154370.0,35900.0,-4.39,35993.69,-0.26,4300000.0,43.0,3599369000.0
20260709,20260708,A495330,1Q 코리아밸류업,일반,코리아 밸류업 지수,100000.0,20241104,,146522.5,34075.0,-5.08,34271.17,-0.57,4300000.0,43.0,3427117000.0
20260709,20260709,A495330,1Q 코리아밸류업,일반,코리아 밸류업 지수,100000.0,20241104,,148715.5,34585.0,1.5,34421.38,0.48,4300000.0,43.0,3442137999.9999995
20260709,20260703,A495550,SOL 코리아밸류업TR,일반,코리아 밸류업 TR 지수,50000.0,20241104,,233070.0,38845.0,5.64,38671.05,0.45,6000000.0,120.0,1933552500.0000002
20260709,20260706,A495550,SOL 코리아밸류업TR,일반,코리아 밸류업 TR 지수,50000.0,20241104,,231150.0,38525.0,-0.82,38444.31,0.21,6000000.0,120.0,1922215500.0
20260709,20260707,A495550,SOL 코리아밸류업TR,일반,코리아 밸류업 TR 지수,50000.0,20241104,,221700.0,36950.0,-4.09,36895.4,0.15,6000000.0,120.0,1844770000.0
20260709,20260708,A495550,SOL 코리아밸류업TR,일반,코리아 밸류업 TR 지수,50000.0,20241104,,211320.0,35220.0,-4.68,35177.61,0.12,6000000.0,120.0,1758880500.0
20260709,20260709,A495550,SOL 코리아밸류업TR,일반,코리아 밸류업 TR 지수,50000.0,20241104,,212970.0,35495.0,0.78,35270.54,0.64,6000000.0,120.0,1763527000.0
20260709,20260703,A495750,HANARO 코리아밸류업,일반,코리아 밸류업 지수,50000.0,20241104,,90348.0,37645.0,1.4,37874.11,-0.6,2400000.0,48.0,1893705500.0
20260709,20260706,A495750,HANARO 코리아밸류업,일반,코리아 밸류업 지수,50000.0,20241104,,90564.0,37735.0,0.24,37652.76,0.22,2400000.0,48.0,1882638000.0
20260709,20260707,A495750,HANARO 코리아밸류업,일반,코리아 밸류업 지수,50000.0,20241104,,86388.0,35995.0,-4.61,36143.04,-0.41,2400000.0,48.0,1807152000.0
20260709,20260708,A495750,HANARO 코리아밸류업,일반,코리아 밸류업 지수,50000.0,20241104,,82836.0,34515.0,-4.11,34451.97,0.18,2400000.0,48.0,1722598500.0
20260709,20260709,A495750,HANARO 코리아밸류업,일반,코리아 밸류업 지수,50000.0,20241104,,82200.0,34250.0,-0.77,34543.17,-0.85,2400000.0,48.0,1727158500.0
20260709,20260703,A495850,KODEX 코리아밸류업,일반,코리아 밸류업 지수,50000.0,20241104,,837258.5,37885.0,4.6,37903.51,-0.05,22100000.0,442.0,1895175500.0
20260709,20260706,A495850,KODEX 코리아밸류업,일반,코리아 밸류업 지수,50000.0,20241104,,832396.5,37665.0,-0.58,37681.28,-0.04,22100000.0,442.0,1884064000.0
20260709,20260707,A495850,KODEX 코리아밸류업,일반,코리아 밸류업 지수,50000.0,20241104,,800443.75,35975.0,-4.49,36151.67,-0.49,22250000.0,445.0,1807583500.0
20260709,20260708,A495850,KODEX 코리아밸류업,일반,코리아 밸류업 지수,50000.0,20241104,,767387.25,34335.0,-4.56,34458.44,-0.36,22350000.0,447.0,1722922000.0
20260709,20260709,A495850,KODEX 코리아밸류업,일반,코리아 밸류업 지수,50000.0,20241104,,771075.0,34500.0,0.48,34557.16,-0.17,22350000.0,447.0,1727858000.0000002
20260709,20260703,A496080,TIGER 코리아밸류업,일반,코리아 밸류업 지수,50000.0,20241104,,594794.5,37885.0,4.25,37891.51,-0.02,15700000.0,314.0,1894575500.0
20260709,20260706,A496080,TIGER 코리아밸류업,일반,코리아 밸류업 지수,50000.0,20241104,,591183.5,37655.0,-0.61,37670.19,-0.04,15700000.0,314.0,1883509500.0
20260709,20260707,A496080,TIGER 코리아밸류업,일반,코리아 밸류업 지수,50000.0,20241104,,565671.0,36030.0,-4.32,36157.27,-0.35,15700000.0,314.0,1807863499.9999998
20260709,20260708,A496080,TIGER 코리아밸류업,일반,코리아 밸류업 지수,50000.0,20241104,,542809.0,34355.0,-4.65,34480.81,-0.36,15800000.0,316.0,1724040500.0
20260709,20260709,A496080,TIGER 코리아밸류업,일반,코리아 밸류업 지수,50000.0,20241104,,549981.0,34590.0,0.68,34570.68,0.06,15900000.0,318.0,1728534000.0
20260709,20260703,A496090,KIWOOM 코리아밸류업,일반,코리아 밸류업 지수,50000.0,20241104,,123402.5,37970.0,4.6,37929.44,0.11,3250000.0,65.0,1896472000.0
20260709,20260706,A496090,KIWOOM 코리아밸류업,일반,코리아 밸류업 지수,50000.0,20241104,,122573.75,37715.0,-0.67,37703.93,0.03,3250000.0,65.0,1885196500.0
20260709,20260707,A496090,KIWOOM 코리아밸류업,일반,코리아 밸류업 지수,50000.0,20241104,,116951.25,35985.0,-4.59,36169.83,-0.51,3250000.0,65.0,1808491500.0
20260709,20260708,A496090,KIWOOM 코리아밸류업,일반,코리아 밸류업 지수,50000.0,20241104,,112173.75,34515.0,-4.09,34474.28,0.12,3250000.0,65.0,1723714000.0
20260709,20260709,A496090,KIWOOM 코리아밸류업,일반,코리아 밸류업 지수,50000.0,20241104,,111393.75,34275.0,-0.7,34593.05,-0.92,3250000.0,65.0,1729652500.0000002
20260709,20260703,A496120,ACE 코리아밸류업,일반,코리아 밸류업 지수,50000.0,20241104,,31580.0,39475.0,4.96,39383.51,0.23,800000.0,16.0,1969175500.0
20260709,20260706,A496120,ACE 코리아밸류업,일반,코리아 밸류업 지수,50000.0,20241104,,31340.0,39175.0,-0.76,39154.62,0.05,800000.0,16.0,1957731000.0000002
20260709,20260707,A496120,ACE 코리아밸류업,일반,코리아 밸류업 지수,50000.0,20241104,,29744.0,37180.0,-5.09,37598.91,-1.11,800000.0,16.0,1879945500.0000002
20260709,20260708,A496120,ACE 코리아밸류업,일반,코리아 밸류업 지수,50000.0,20241104,,28696.0,35870.0,-3.52,35805.17,0.18,800000.0,16.0,1790258500.0
20260709,20260709,A496120,ACE 코리아밸류업,일반,코리아 밸류업 지수,50000.0,20241104,,28652.0,35815.0,-0.15,35944.65,-0.36,800000.0,16.0,1797232500.0
20260709,20260703,A496130,TRUSTON 코리아밸류업액티브,일반,코리아 밸류업 지수,20000.0,20241104,,15070.0,30140.0,6.18,30043.22,0.32,500000.0,25.0,600864400.0
20260709,20260706,A496130,TRUSTON 코리아밸류업액티브,일반,코리아 밸류업 지수,20000.0,20241104,,14952.5,29905.0,-0.78,30067.97,-0.54,500000.0,25.0,601359400.0
20260709,20260707,A496130,TRUSTON 코리아밸류업액티브,일반,코리아 밸류업 지수,20000.0,20241104,,14322.5,28645.0,-4.21,28830.01,-0.64,500000.0,25.0,576600200.0
20260709,20260708,A496130,TRUSTON 코리아밸류업액티브,일반,코리아 밸류업 지수,20000.0,20241104,,13762.5,27525.0,-3.91,27406.66,0.43,500000.0,25.0,548133200.0
20260709,20260709,A496130,TRUSTON 코리아밸류업액티브,일반,코리아 밸류업 지수,20000.0,20241104,,13570.0,27140.0,-1.4,27425.74,-1.04,500000.0,25.0,548514800.0
20260709,20260703,A498050,HANARO 바이오코리아액티브,일반,iSelect K-바이오헬스케어,50000.0,20241126,,12430.0,12430.0,-1.31,12406.95,0.19,1000000.0,20.0,620347500.0
20260709,20260706,A498050,HANARO 바이오코리아액티브,일반,iSelect K-바이오헬스케어,50000.0,20241126,,11755.0,11755.0,-5.43,11819.52,-0.55,1000000.0,20.0,590976000.0
20260709,20260707,A498050,HANARO 바이오코리아액티브,일반,iSelect K-바이오헬스케어,50000.0,20241126,,12205.0,12205.0,3.83,12164.39,0.33,1000000.0,20.0,608219500.0
20260709,20260708,A498050,HANARO 바이오코리아액티브,일반,iSelect K-바이오헬스케어,50000.0,20241126,,11370.0,11370.0,-6.84,11447.08,-0.67,1000000.0,20.0,572354000.0
20260709,20260709,A498050,HANARO 바이오코리아액티브,일반,iSelect K-바이오헬스케어,50000.0,20241126,,11240.0,11240.0,-1.14,11250.13,-0.09,1000000.0,20.0,562506500.0
20260709,20260703,A498400,KODEX 200타겟위클리커버드콜,일반,코스피 200 타겟 15% 위클리 커버드콜 지수,100000.0,20241203,,6362916.0,25320.0,5.0,25292.82,0.11,251300000.0,2513.0,2529282000.0
20260709,20260706,A498400,KODEX 200타겟위클리커버드콜,일반,코스피 200 타겟 15% 위클리 커버드콜 지수,100000.0,20241203,,6391971.5,25195.0,-0.49,25188.48,0.03,253700000.0,2537.0,2518848000.0
20260709,20260707,A498400,KODEX 200타겟위클리커버드콜,일반,코스피 200 타겟 15% 위클리 커버드콜 지수,100000.0,20241203,,6220800.0,24000.0,-4.74,23910.17,0.38,259200000.0,2592.0,2391017000.0
20260709,20260708,A498400,KODEX 200타겟위클리커버드콜,일반,코스피 200 타겟 15% 위클리 커버드콜 지수,100000.0,20241203,,5925039.0,22710.0,-5.38,22613.0,0.43,260900000.0,2609.0,2261300000.0
20260709,20260709,A498400,KODEX 200타겟위클리커버드콜,일반,코스피 200 타겟 15% 위클리 커버드콜 지수,100000.0,20241203,,5962845.0,22890.0,0.79,22829.2,0.27,260500000.0,2605.0,2282920000.0
20260709,20260703,A498410,KODEX 금융고배당TOP10타겟위클리커버드콜,일반,코스피 200 금융 고배당 TOP 10 타겟 15% 분배 위클리 커버드콜 지수,100000.0,20241217,,861762.0,11870.0,3.04,11874.85,-0.04,72600000.0,726.0,1187485000.0
20260709,20260706,A498410,KODEX 금융고배당TOP10타겟위클리커버드콜,일반,코스피 200 금융 고배당 TOP 10 타겟 15% 분배 위클리 커버드콜 지수,100000.0,20241217,,872420.0,12050.0,1.52,12090.36,-0.33,72400000.0,724.0,1209036000.0
20260709,20260707,A498410,KODEX 금융고배당TOP10타겟위클리커버드콜,일반,코스피 200 금융 고배당 TOP 10 타겟 15% 분배 위클리 커버드콜 지수,100000.0,20241217,,869362.5,12125.0,0.62,12199.11,-0.61,71700000.0,717.0,1219911000.0
20260709,20260708,A498410,KODEX 금융고배당TOP10타겟위클리커버드콜,일반,코스피 200 금융 고배당 TOP 10 타겟 15% 분배 위클리 커버드콜 지수,100000.0,20241217,,849027.5,11975.0,-1.24,11969.48,0.05,70900000.0,709.0,1196948000.0
20260709,20260709,A498410,KODEX 금융고배당TOP10타겟위클리커버드콜,일반,코스피 200 금융 고배당 TOP 10 타겟 15% 분배 위클리 커버드콜 지수,100000.0,20241217,,821104.0,11680.0,-2.46,11674.71,0.05,70300000.0,703.0,1167471000.0
20260709,20260703,A498860,RISE 코리아금융고배당,일반,iSelect 코리아 금융 고배당 지수,50000.0,20241210,,41535.0,18460.0,5.85,18427.68,0.18,2250000.0,45.0,921384000.0
20260709,20260706,A498860,RISE 코리아금융고배당,일반,iSelect 코리아 금융 고배당 지수,50000.0,20241210,,42153.75,18735.0,1.49,18789.55,-0.29,2250000.0,45.0,939477500.0
20260709,20260707,A498860,RISE 코리아금융고배당,일반,iSelect 코리아 금융 고배당 지수,50000.0,20241210,,41231.25,18325.0,-2.19,18341.44,-0.09,2250000.0,45.0,917071999.9999999
20260709,20260708,A498860,RISE 코리아금융고배당,일반,iSelect 코리아 금융 고배당 지수,50000.0,20241210,,40027.5,17790.0,-2.92,17797.56,-0.04,2250000.0,45.0,889878000.0000001
20260709,20260709,A498860,RISE 코리아금융고배당,일반,iSelect 코리아 금융 고배당 지수,50000.0,20241210,,38733.75,17215.0,-3.23,17166.7,0.28,2250000.0,45.0,858335000.0
