,Account,W200300,R102300,W202100,W200100,S102100,S102100,S102100,S102100,S102100,S100100,S100100,S100100,S100100,S100100,S100500,S100500,S100500,S100500,S100500,W201100,W201100,W201100,W201100,W201100,W201200,W201200,W201200,W201200,W201200,S101500,S101500,S101500,S101500,S101500,W402600,,,,,
,Period, ,,, ,20260703,20260706,20260707,20260708,20260709,20260703,20260706,20260707,20260708,20260709,20260703,20260706,20260707,20260708,20260709,20260703,20260706,20260707,20260708,20260709,20260703,20260706,20260707,20260708,20260709,20260703,20260706,20260707,20260708,20260709,20260703,num_cu_20260703,num_cu_20260706,num_cu_20260707,num_cu_20260708,num_cu_20260709
,Unit,Txt,Txt,Txt,Txt,Local mn,Local mn,Local mn,Local mn,Local mn,Local/Shares,Local/Shares,Local/Shares,Local/Shares,Local/Shares,%,%,%,%,%,Local/Shares,Local/Shares,Local/Shares,Local/Shares,Local/Shares,%,%,%,%,%,Shares,Shares,Shares,Shares,Shares,X,,,,,
,Base Date,,,,,,,,,,,,,,,,,,,,,,,,,,,,,,,,,,,,,,,,
Code,Name,상장일,상장폐지일,"ETF레버리지,인버스구분",ETF기초지수명,시가총액,시가총액,시가총액,시가총액,시가총액,종가,종가,종가,종가,종가,수정주가수익률,수정주가수익률,수정주가수익률,수정주가수익률,수정주가수익률,ETF순자산가치(NAV),ETF순자산가치(NAV),ETF순자산가치(NAV),ETF순자산가치(NAV),ETF순자산가치(NAV),ETF괴리율,ETF괴리율,ETF괴리율,ETF괴리율,ETF괴리율,상장주식수,상장주식수,상장주식수,상장주식수,상장주식수,CU구성좌수,,,,,
A0000J0,PLUS 한화그룹주,20241224,,일반,FnGuide 한화그룹주 지수,116828.25,119600.25,112220,103780,104140,30345,31065,28055,25945,25400,1.4,2.37,-9.69,-7.52,-2.1,30265.98,31055.78,28159.42,26150.96,25346.02,0.26,0.03,-0.37,-0.79,0.21,3850000,3850000,4000000,4000000,4100000,50000,77,77,80,80,82
A0000Z0,RISE 바이오TOP10액티브,20241224,,일반,KRX 바이오 TOP 10 지수,62002,60392.5,61389.5,57377.5,56964.5,10690,10150,10405,9725,9655,-2.33,-5.05,2.51,-6.54,-0.72,10622.18,10093.89,10404.17,9683.24,9544.99,0.64,0.56,0.01,0.43,1.15,5800000,5950000,5900000,5900000,5900000,50000,116,119,118,118,118
A0001P0,마이티 바이오시밀러&CDMO액티브,20241224,,일반,FnGuide 바이오시밀러&CDMO 지수,10931.2,10556,10824.8,10360,10164,9760,9425,9665,9250,9075,-0.41,-3.43,2.55,-4.29,-1.89,9838.99,9507.03,9682.73,9156.91,9014.1,-0.8,-0.86,-0.18,1.02,0.68,1120000,1120000,1120000,1120000,1120000,40000,28,28,28,28,28
A0005D0,SOL 전고체배터리&실리콘음극재,20250107,,일반,FnGuide 전고체배터리&실리콘음극재 지수(PR),141027.5,133083,131741.5,120989,121316.25,14845,14310,14090,12940,12975,0.75,-3.6,-1.54,-8.16,0.27,14845.19,14328.08,14044.01,12957.8,12920.9,0,-0.13,0.33,-0.14,0.42,9500000,9300000,9350000,9350000,9350000,50000,190,186,187,187,187
A0005G0,IBK K-AI반도체코어테크,20250121,,일반,FnGuide K-AI반도체 코어테크 지수,219958,211136.25,198252,185076,191178,61960,59475,55070,51410,53105,6.51,-4.01,-7.41,-6.65,3.3,61743.31,59444.29,55461.7,51564.34,53290.32,0.35,0.05,-0.71,-0.3,-0.35,3550000,3550000,3600000,3600000,3600000,50000,71,71,72,72,72
A0007N0,아이엠에셋 200,20250211,,일반,코스피 200,118750.5,117999,112284,106299,107140.5,131945,131110,124760,118110,119045,5.78,-0.63,-4.84,-5.33,0.79,131302.55,130678.79,123873.53,117077.45,118222.07,0.49,0.33,0.72,0.88,0.7,900000,900000,900000,900000,900000,50000,18,18,18,18,18
A0008T0,SOL 화장품TOP3플러스,20250121,,일반,FnGuide 화장품TOP3 플러스 지수(PR),69145.5,69796.5,78250,72677.25,70179.5,14870,15010,15650,14985,14470,-0.4,0.94,4.26,-4.25,-3.44,14835.06,15041.87,15680.61,15043.35,14489.41,0.24,-0.21,-0.2,-0.39,-0.13,4650000,4650000,5000000,4850000,4850000,50000,93,93,100,97,97
A0018C0,PLUS 고배당주위클리고정커버드콜,20250305,,일반,코스피 고배당 위클리 고정 커버드콜 지수,78548,79170,78936,78840,77031.25,10760,10920,11040,10950,10625,1.32,1.49,1.1,-0.82,-2.97,10740.64,10912.81,11066.97,10901.33,10695.28,0.18,0.07,-0.24,0.45,-0.66,7300000,7250000,7150000,7200000,7250000,50000,146,145,143,144,145
A0052D0,TIGER 코리아배당다우존스,20250520,,일반,Dow Jones Korea Dividend 30 지수 (Price Return),356511,357643.5,358319.5,353584,343549.25,15740,15790,15890,15680,15235,2.74,0.32,0.63,-1.32,-2.84,15785.28,15879.48,15967.37,15653.47,15481.88,-0.29,-0.56,-0.48,0.17,-1.59,22650000,22650000,22550000,22550000,22550000,50000,453,453,451,451,451
A0053M0,더제이 중소형포커스액티브,20250722,,일반,코스피 200 중소형주지수,6502.5,6423.75,6329.25,5985,5922,14450,14275,14065,13300,13160,-0.28,-1.21,-1.47,-5.44,-1.05,14581.96,14374.01,14149.15,13390.9,13253.34,-0.9,-0.69,-0.59,-0.68,-0.7,450000,450000,450000,450000,450000,50000,9,9,9,9,9
A0074K0,KoAct K수출핵심기업TOP30액티브,20250708,,일반,KEDI K수출핵심기업TOP30 지수(PR),155867,153220.5,145360,134932,137018.25,19730,19395,18400,17080,17235,2.1,-1.7,-5.13,-7.17,0.91,19684.76,19356.74,18368.96,17070.55,17127.79,0.23,0.2,0.17,0.06,0.63,7900000,7900000,7900000,7900000,7950000,50000,158,158,158,158,159
A0080G0,KODEX 방산TOP10,20250715,,일반,iSelect 방산 TOP10 지수(Price Return),408811,412529,398664,356714.5,352602,12095,12205,11760,10585,10310,2.85,0.91,-3.65,-9.99,-2.6,12084.83,12238.97,11750.99,10678.98,10428.24,0.08,-0.28,0.08,-0.88,-1.13,33800000,33800000,33900000,33700000,34200000,100000,338,338,339,337,342
A0080Y0,SOL 조선TOP3플러스레버리지,20250715,,레버리지,FnGuide 조선 TOP3 플러스레버리지(2x) 지수,148132,156838.5,127822.5,110448,106177.5,12770,13405,10925,9360,9075,1.83,4.97,-18.5,-14.32,-3.04,12697.78,13464.32,10882.98,9489.48,8959.39,0.57,-0.44,0.39,-1.36,1.29,11600000,11700000,11700000,11800000,11700000,100000,116,117,117,118,117
A0088N0,WON K-글로벌수급상위,20250812,,일반,DeepSearch 외인수급 Top20 지수,17110,16580.75,16319.75,15283,15225,11800,11435,11255,10540,10500,0.08,-3.09,-1.57,-6.35,-0.38,11778.81,11472.54,11233.33,10523.88,10445.65,0.18,-0.33,0.19,0.15,0.52,1450000,1450000,1450000,1450000,1450000,50000,29,29,29,29,29
A0089D0,KODEX 금융고배당TOP10,20250812,,일반,코스피 200 금융 고배당 TOP 10 지수,234900,238728,238902,234726,227853,13500,13720,13730,13490,13095,3.85,1.63,0.07,-1.75,-2.93,13553.25,13750.96,13792.92,13474.35,13141.63,-0.39,-0.23,-0.46,0.12,-0.35,17400000,17400000,17400000,17400000,17400000,100000,174,174,174,174,174
A0090B0,PLUS K방산소부장,20250826,,일반,Akros K방산소부장 지수(PR),13356.75,14586,13625.5,11936,11896,8095,8580,8015,7460,7435,2.08,5.99,-6.59,-6.92,-0.34,8061.24,8544.63,8055.02,7515.13,7379.52,0.42,0.41,-0.5,-0.73,0.75,1650000,1700000,1700000,1600000,1600000,50000,33,34,34,32,32
A0091P0,TIGER 코리아원자력,20250819,,일반,iSelect 코리아 원자력 지수 (Price Return),570475.75,564984,543312,498933.75,498036,16705,16520,15840,14525,14520,0.75,-1.11,-4.12,-8.3,-0.03,16639.28,16585.52,15798.62,14579.92,14604.13,0.39,-0.4,0.26,-0.38,-0.58,34150000,34200000,34300000,34350000,34300000,50000,683,684,686,687,686
A0092B0,SOL 한국원자력SMR,20250819,,일반,FnGuide 한국원자력 SMR 지수(PR),129842.5,129425,123090,113478.75,111492,15550,15500,14920,13755,13680,0.06,-0.32,-3.74,-7.81,-0.55,15576.78,15549.06,14916,13810.78,13743.04,-0.17,-0.32,0.03,-0.4,-0.46,8350000,8350000,8250000,8250000,8150000,50000,167,167,165,165,163
A0093A0,RISE AI반도체TOP10,20250826,,일반,FnGuide AI반도체TOP10 지수,198952,192582,185270.5,177125,185259,38260,37035,34630,32500,33380,5.57,-3.2,-6.49,-6.15,2.71,38251.03,36978.9,34766.79,32442.16,33363.82,0.02,0.15,-0.39,0.18,0.05,5200000,5200000,5350000,5450000,5550000,50000,104,104,107,109,111
A0094M0,RISE 코리아밸류업위클리고정커버드콜,20250902,,일반,코리아 밸류업 위클리 커버드콜 30% 지수,155125,156214,154660,152248.75,155037.5,21250,21110,20350,19645,19750,3.16,-0.66,-3.6,-3.46,0.53,21127.34,21099.81,20424.11,19570.55,19634.09,0.58,0.05,-0.36,0.38,0.59,7300000,7400000,7600000,7750000,7850000,50000,146,148,152,155,157
A0098F0,KODEX 원자력SMR,20250916,,일반,iSelect 원자력SMR 지수(Price Return),219518.75,219282,210312.25,195573,190895.25,15965,15890,15185,14070,13985,0.73,-0.47,-4.44,-7.34,-0.6,15930.55,15961.6,15245.65,14115.34,14051.32,0.22,-0.45,-0.4,-0.32,-0.47,13750000,13800000,13850000,13900000,13650000,50000,275,276,277,278,273
A0098N0,PLUS 자사주매입고배당주,20250916,,일반,FnGuide 고배당주 플러스 자사주 지수 (PR),82592.25,81081,81931.5,81207,78939,12805,12870,13005,12890,12530,2.73,0.51,1.05,-0.88,-2.79,12827.39,12909.8,13058.72,12869.54,12690.47,-0.17,-0.31,-0.41,0.16,-1.26,6450000,6300000,6300000,6300000,6300000,50000,129,126,126,126,126
A0098Z0,FOCUS 200,20250923,,일반,코스피 200,67374,77364,72943.5,69776,75386.25,112290,110520,104205,99680,100515,6.99,-1.58,-5.71,-4.34,0.84,111567.99,111067.87,105338.23,99630.8,100538.41,0.65,-0.49,-1.08,0.05,-0.02,600000,700000,700000,700000,750000,50000,12,14,14,14,15
A0100K0,KODEX 방산TOP10레버리지,20250916,,레버리지,iSelect 방산 TOP10 레버리지 지수,52110,54000,49140,40203,37260,9650,10000,9100,7445,6900,5.93,3.63,-9,-18.19,-7.32,9688.91,9917.38,9069.64,7411.62,7020.11,-0.4,0.83,0.33,0.45,-1.71,5400000,5400000,5400000,5400000,5400000,100000,54,54,54,54,54
A0101N0,RISE AI전력인프라,20250923,,일반,KRX-Akros AI 전력인프라 지수,688297.5,674406,635536,582454,576076.5,22275,21720,20240,18520,18405,-2.11,-2.49,-6.81,-8.5,-0.62,22172.31,21660.97,20321.62,18664.79,18624.45,0.46,0.27,-0.4,-0.78,-1.18,30900000,31050000,31400000,31450000,31300000,50000,618,621,628,629,626
A0103T0,1Q K소버린AI,20250930,,일반,iSelect K소버린AI 지수,24300,24120,23985,23400,22785,8100,8040,7995,7800,7595,-1.1,-0.74,-0.56,-2.44,-2.63,8115.47,8071.36,8090.46,7787.24,7577.53,-0.19,-0.39,-1.18,0.16,0.23,3000000,3000000,3000000,3000000,3000000,50000,60,60,60,60,60
A0104G0,PLUS K방산레버리지,20250930,,레버리지,FnGuide K-방위산업 레버리지 (2x) 지수,23147.5,23711.5,19939.75,16755.5,15275,9850,10090,8485,7130,6500,7.36,2.44,-15.91,-15.97,-8.84,9773.88,10194.58,8639.27,7073.47,6599.18,0.78,-1.03,-1.79,0.8,-1.5,2350000,2350000,2350000,2350000,2350000,50000,47,47,47,47,47
A0104N0,TIGER 200타겟위클리커버드콜,20250923,,일반,코스피 200 타겟 7% 위클리 커버드콜 지수(Price Return),262959,264420,254100,240082.5,236797,25530,25425,24200,22865,22990,5.45,-0.41,-4.82,-5.52,0.55,25495.25,25381.12,24069.67,22728.38,22978.94,0.14,0.17,0.54,0.6,0.05,10300000,10400000,10500000,10500000,10300000,100000,103,104,105,105,103
A0104P0,TIGER 코리아배당다우존스위클리커버드콜,20250923,,일반,KRX 다우존스 코리아 배당 30 타겟 7% 위클리 커버드콜 지수,20304,20511,20592,20259,19755,11280,11395,11440,11255,10975,2.27,1.02,0.39,-1.62,-2.49,11334.16,11400.7,11471.56,11251.75,11125.45,-0.48,-0.05,-0.28,0.03,-1.35,1800000,1800000,1800000,1800000,1800000,100000,18,18,18,18,18
A0105D0,SOL 한국AI소프트웨어,20250923,,일반,KEDI 한국AI소프트웨어 지수(PR),17205,17103.25,16560,16029,15516,9300,9245,9200,8905,8620,-1.17,-0.59,-0.49,-3.21,-3.2,9274.48,9222.03,9266.89,8888.84,8636.83,0.28,0.25,-0.72,0.18,-0.19,1850000,1850000,1800000,1800000,1800000,50000,37,37,36,36,36
A0105E0,SOL 코리아고배당,20250923,,일반,FnGuide 코리아 고배당 지수(PR),555720,560140.5,557860.5,547521,537657,13200,13305,13330,13130,12940,3.04,0.8,0.19,-1.5,-1.45,13217.2,13322.07,13366.84,13169.52,12894.44,-0.13,-0.13,-0.28,-0.3,0.35,42100000,42100000,41850000,41700000,41550000,50000,842,842,837,834,831
A0111J0,HANARO 증권고배당TOP3플러스,20251028,,일반,FnGuide 증권 고배당 TOP3 플러스 지수,70889,73596.25,70087.5,67230,66217,15580,16175,15575,14940,14395,7.41,3.82,-3.71,-4.08,-3.65,15631.86,16146.96,15523.95,14918.66,14311.18,-0.33,0.17,0.33,0.14,0.59,4550000,4550000,4500000,4500000,4600000,50000,91,91,90,90,92
A0112X0,마이티 200TR,20251028,,일반,코스피 200 TR지수,41773.25,41395,39193.5,37234.25,37587,49145,48700,46110,43805,44220,6.12,-0.91,-5.32,-5,0.95,49053.88,48825.73,46275.7,43724.54,44163.64,0.19,-0.26,-0.36,0.18,0.13,850000,850000,850000,850000,850000,50000,17,17,17,17,17
A0115D0,KODEX 조선TOP10,20251028,,일반,KRX 조선 TOP10 지수,206321.5,213598.5,197302.5,183524,182310,8855,9070,8325,7760,7725,0.17,2.43,-8.21,-6.79,-0.45,8850.23,9065.84,8299.97,7756.79,7544.34,0.05,0.05,0.3,0.04,2.39,23300000,23550000,23700000,23650000,23600000,50000,466,471,474,473,472
A0115E0,KODEX 코리아소버린AI,20251021,,일반,KRX 코리아 소버린 AI 지수,71181,70389,69300,66429,65909.25,14380,14220,14000,13420,13315,0.45,-1.11,-1.55,-4.14,-0.78,14392.83,14198.47,13997.51,13397.49,13368.83,-0.09,0.15,0.02,0.17,-0.4,4950000,4950000,4950000,4950000,4950000,50000,99,99,99,99,99
A0117V0,TIGER 코리아AI전력기기TOP3플러스,20251021,,일반,KEDI 코리아AI전력기기TOP3플러스 지수,1110500,1073526.75,1026486.5,939771.75,956228,22210,21195,19990,18195,18460,-2.86,-4.57,-5.69,-8.98,1.46,22098.48,21206.58,20049.44,18240.54,18522.73,0.5,-0.05,-0.3,-0.25,-0.34,50000000,50650000,51350000,51650000,51800000,50000,1000,1013,1027,1033,1036
A0120J0,BNK 카카오그룹포커스,20251202,,일반,FnGuide 카카오그룹 포커스 지수,10146.5,10166,10335,10049,9802,7805,7820,7950,7730,7540,-1.33,0.19,1.66,-2.77,-2.46,7855.52,7865.27,7989.44,7781.08,7625.99,-0.64,-0.58,-0.49,-0.66,-1.13,1300000,1300000,1300000,1300000,1300000,50000,26,26,26,26,26
A0138D0,RISE 동학개미,20251216,,일반,FnGuide 동학개미 지수,11532,11324,10796,8806,8981,14415,14155,13495,12580,12830,0.98,-1.8,-4.66,-6.78,1.99,14559.85,14209.53,13545.3,12623.81,12912.35,-0.99,-0.38,-0.37,-0.35,-0.64,800000,800000,800000,700000,700000,50000,16,16,16,14,14
A0139P0,ACE 고배당주,20251216,,일반,KRX-Akros 고배당주 20 지수,54700,55560,55620,54920,53220,13675,13890,13905,13730,13305,3.4,1.57,0.11,-1.26,-3.1,13709.24,13967.29,13975.45,13736.9,13269.72,-0.25,-0.55,-0.5,-0.05,0.27,4000000,4000000,4000000,4000000,4000000,50000,80,80,80,80,80
A0141S0,SOL 조선기자재,20251216,,일반,FnGuide 조선기자재 지수(PR),69204,68072.5,64787.5,61371.25,59558.75,9480,9325,8875,8465,8215,-0.21,-1.64,-4.83,-4.62,-2.95,9458.39,9307.9,8871.31,8448.32,8194.86,0.23,0.18,0.04,0.2,0.25,7300000,7300000,7300000,7250000,7250000,50000,146,146,146,145,145
A0148J0,TIGER 코리아휴머노이드로봇산업,20260106,,일반,KEDI 코리아 휴머노이드로봇산업 지수 (PR),576006.75,571485,549711,512120,520817,9435,9300,8895,8260,8380,-0.26,-1.43,-4.35,-7.14,1.45,9426.72,9296.87,8918.39,8275.21,8392.71,0.09,0.03,-0.26,-0.18,-0.15,61050000,61450000,61800000,62000000,62150000,50000,1221,1229,1236,1240,1243
A0150K0,KoAct 수소전력ESS인프라액티브,20260113,,일반,FnGuide 수소전력ESS인프라 지수(PR),27783,27362.5,26698,24514,24500,10290,9950,9535,8755,8750,-1.48,-3.3,-4.17,-8.18,-0.06,10247.87,9920.5,9513.56,8813.2,8792.22,0.41,0.3,0.23,-0.66,-0.48,2700000,2750000,2800000,2800000,2800000,50000,54,55,56,56,56
A0151P0,RISE 코리아전략산업액티브,20260120,,일반,KAP 코리아전략산업지수,203202,197585,185643.5,174034,176085,18815,18380,17110,16040,16380,3.38,-2.31,-6.91,-6.25,2.12,18718.7,18344.26,17169.58,16078.97,16338.3,0.51,0.19,-0.35,-0.24,0.26,10800000,10750000,10850000,10850000,10750000,50000,216,215,217,217,215
A0152E0,SOL 배당성향탑픽액티브,20260113,,일반,FnGuide 배당성향탑픽 지수(PR),30753,31212,30620.75,29614,28769,11390,11560,11555,11390,11065,2.71,1.49,-0.04,-1.43,-2.85,11465.98,11613.21,11578.94,11361.55,11072.86,-0.66,-0.46,-0.21,0.25,-0.07,2700000,2700000,2650000,2600000,2600000,50000,54,54,53,52,52
A0153K0,KODEX 주주환원고배당주,20260120,,일반,Akros 주주환원 고배당 지수 (Price Return),166455,166318,165892,160475,156650,12150,12140,12380,12250,12050,2.14,-0.08,1.98,-1.05,-1.63,12170.27,12199.66,12425.18,12233.07,12200.54,-0.17,-0.49,-0.36,0.14,-1.23,13700000,13700000,13400000,13100000,13000000,100000,137,137,134,131,130
A0154F0,WON 초대형IB&금융지주,20260120,,일반,iSelect 초대형IB&금융지주 지수,40808.25,41391,41091.75,40162.5,39438,12955,13140,13045,12750,12520,4.86,1.43,-0.72,-2.26,-1.8,13002.25,13189.11,13099.06,12736.71,12432.89,-0.36,-0.37,-0.41,0.1,0.7,3150000,3150000,3150000,3150000,3150000,50000,63,63,63,63,63
A0155N0,HANARO K휴머노이드테마TOP10,20260226,,일반,iSelect K휴머노이드테마TOP10 지수,31860,31620,30040,28820,28860,7965,7905,7510,7205,7215,1.46,-0.75,-5,-4.06,0.14,7929.43,7900.71,7564.94,7198.92,7193.06,0.45,0.05,-0.73,0.08,0.31,4000000,4000000,4000000,4000000,4000000,50000,80,80,80,80,80
A0162Y0,TIME 코스닥액티브,20260310,,일반,코스닥지수,338276.25,322311.25,310660,291727.5,255220.5,8775,8275,7925,7275,7430,0.29,-5.7,-4.23,-8.2,2.13,8781.17,8292.83,7919.81,7317.25,7468.32,-0.07,-0.22,0.07,-0.58,-0.51,38550000,38950000,39200000,40100000,34350000,50000,771,779,784,802,687
A0163Y0,KoAct 코스닥액티브,20260310,,일반,코스닥지수,535854,510135,494890.5,469101,453824,10120,9580,9285,8655,8960,0.1,-5.34,-3.08,-6.79,3.52,10111.98,9573.08,9287.02,8665.08,8896.28,0.08,0.07,-0.02,-0.12,0.72,52950000,53250000,53300000,54200000,50650000,50000,1059,1065,1066,1084,1013
A0166N0,PLUS 코스닥150액티브,20260317,,일반,코스닥 150,35880,34932,34314,31857,32703.75,8970,8520,8170,7585,7695,0.5,-5.02,-4.11,-7.16,1.45,8927.36,8481.94,8175.25,7618.03,7736.29,0.48,0.45,-0.06,-0.43,-0.53,4000000,4100000,4200000,4200000,4250000,50000,80,82,84,84,85
A0166S0,PLUS K제조업핵심기업액티브,20260324,,일반,Akros K제조업 50 지수,71020,71021.25,66825,62060,63263.75,13400,13275,12375,11600,11825,4.85,-0.93,-6.78,-6.26,1.94,13372.4,13271.86,12420.48,11579.32,11730.97,0.21,0.02,-0.37,0.18,0.8,5300000,5350000,5400000,5350000,5350000,50000,106,107,108,107,107
A0167A0,SOL AI반도체TOP2플러스,20260317,,일반,FnGuide AI반도체 TOP2 플러스 지수(PR),7717794.75,7414550,6918707.5,6488566.5,6665986.5,24435,23375,21470,20045,20555,4.65,-4.34,-8.15,-6.64,2.54,24385.45,23367.97,21597.83,20035.7,20544.11,0.2,0.03,-0.59,0.05,0.05,315850000,317200000,322250000,323700000,324300000,50000,6317,6344,6445,6474,6486
A0167B0,SOL 200타겟위클리커버드콜,20260317,,일반,코스피 200 타겟 15% 위클리 커버드콜 지수,814900,805000,769014,733026,735841,14500,14375,13635,13020,13070,5.11,-0.86,-5.15,-4.51,0.38,14500.96,14441.34,13700.78,12952.41,13075.83,-0.01,-0.46,-0.48,0.52,-0.04,56200000,56000000,56400000,56300000,56300000,100000,562,560,564,563,563
A0168K0,TIGER 기술이전바이오액티브,20260317,,일반,KRX 기술이전바이오 지수 (PR),160975.6,155601,159433,147347.2,146115,7180,6780,6950,6440,6375,-2.51,-5.57,2.51,-7.34,-1.01,7147.51,6781.33,6926.31,6442.21,6359.89,0.45,-0.02,0.34,-0.03,0.24,22420000,22950000,22940000,22880000,22920000,10000,2242,2295,2294,2288,2292
A0172Y0,ACE K수출핵심TOP10산업액티브,20260331,,일반,iSelect K수출핵심산업 지수 (시장가격),10450,10454.75,10036.75,9371.75,9295.75,11000,11005,10565,9865,9785,1.95,0.05,-4,-6.63,-0.81,10994.78,11036.59,10545.9,9903.76,9713.05,0.05,-0.29,0.18,-0.39,0.74,950000,950000,950000,950000,950000,50000,19,19,19,19,19
A0176P0,FOCUS AI반도체위클리고정커버드콜,20260407,,일반,AI 반도체 위클리 고정 30% 커버드콜 지수,8047.5,7785,7310,6815,6940,16095,15570,14620,13630,13880,4.85,-3.26,-6.1,-6.77,1.83,16042.06,15514.08,14560.36,13571.4,13934.19,0.33,0.36,0.41,0.43,-0.39,500000,500000,500000,500000,500000,50000,10,10,10,10,10
A0177A0,WON 두산그룹포커스,20260331,,일반,iSelect 두산그룹 포커스 지수,25398,25117.5,23829.75,22185,21840.75,9960,9850,9345,8700,8565,0.81,-1.1,-5.13,-6.9,-1.55,9995.27,9848.12,9384.25,8733.49,8540.69,-0.35,0.02,-0.42,-0.38,0.28,2550000,2550000,2550000,2550000,2550000,50000,51,51,51,51,51
A0177R0,TIGER 반도체TOP10커버드콜액티브,20260421,,일반,FnGuide 반도체 TOP10 Capped 지수(Price Return),893592,878187,837630,801875,823606,15120,14710,13620,12830,13220,3.56,-2.71,-7.41,-5.8,3.04,15125.62,14680.87,13705.18,12796.68,13205.5,-0.04,0.2,-0.62,0.26,0.11,59100000,59700000,61500000,62500000,62300000,100000,591,597,615,625,623
A0177X0,ACE K휴머노이드로봇산업TOP2+,20260407,,일반,Akros K-휴머노이드 로봇 TOP2+ 지수 (시장가격),104275,103038.75,99735,94067,95157,9700,9585,9150,8630,8730,1.68,-1.19,-4.54,-5.68,1.16,9664.33,9660.27,9190.34,8637.61,8801.32,0.37,-0.78,-0.44,-0.09,-0.81,10750000,10750000,10900000,10900000,10900000,50000,215,215,218,218,218
A0182R0,1Q K반도체TOP2+,20260414,,일반,NICE K반도체 TOP2 MAX+ 지수,259885.5,258115,264282.75,246870,261000,14010,13585,12555,11700,12000,4.4,-3.03,-7.58,-6.81,2.56,13995.88,13548.61,12527.07,11661.17,12003.59,0.1,0.27,0.22,0.33,-0.03,18550000,19000000,21050000,21100000,21750000,50000,371,380,421,422,435
A0184V0,UNICORN K바이오액티브,20260512,,일반,FnGuide K-바이오 밸런스드 지수,7771.5,7326,7513,6952,7040,7065,6660,6830,6320,6400,-3.48,-5.73,2.55,-7.47,1.27,7030.68,6697.84,6866.41,6305.82,6279.86,0.49,-0.56,-0.53,0.22,1.91,1100000,1100000,1100000,1100000,1100000,50000,22,22,22,22,22
A0189Z0,DAISHIN343 금융&지주고배당,20260609,,일반,KRX-Akros 금융&지주고배당 지수,10180,10355,10320,10075,9910,10180,10355,10320,10075,9910,2.41,1.72,-0.34,-2.37,-1.64,10298.55,10365.79,10373.91,10151.24,9970,-1.15,-0.1,-0.52,-0.75,-0.6,1000000,1000000,1000000,1000000,1000000,50000,20,20,20,20,20
A0190C0,RISE 현대차고정피지컬AI,20260512,,일반,KEDI 현대차고정피지컬AI 지수,569579.25,580062,556068.75,536152.5,520821,9795,9865,9465,9165,8820,1.03,0.71,-4.05,-3.17,-3.76,9788.46,9904.5,9510.58,9181.03,8857.21,0.07,-0.4,-0.48,-0.17,-0.42,58150000,58800000,58750000,58500000,59050000,50000,1163,1176,1175,1170,1181
A0190G0,KODEX 반도체타겟위클리커버드콜,20260512,,일반,KRX 반도체 타겟9% 분배 위클리 커버드콜 지수,193320,189900,185130,174654,186893.5,10800,10550,9900,9390,9785,6.14,-2.31,-6.16,-5.15,4.21,10744.06,10532.41,9967.24,9383.25,9762.77,0.52,0.17,-0.67,0.07,0.23,17900000,18000000,18700000,18600000,19100000,100000,179,180,187,186,191
A0191B0,MIDAS 코스닥액티브,20260519,,일반,코스닥지수,6842,6528,6160,5712,5853,34210,32640,30800,28560,29265,1.29,-4.59,-5.64,-7.27,2.47,34492.02,32468.23,31021.68,28789.67,29444.26,-0.82,0.53,-0.71,-0.8,-0.61,200000,200000,200000,200000,200000,25000,8,8,8,8,8
A0191S0,IBK 코스닥150,20260519,,일반,코스닥 150,11344.2,11033.4,10785.5,10152.8,10308.2,15330,14910,14575,13720,13930,-1.6,-2.74,-2.25,-5.87,1.53,15394.36,14908.48,14672.54,13713.45,13906.56,-0.42,0.01,-0.66,0.05,0.17,740000,740000,740000,740000,740000,20000,37,37,37,37,37
A0192L0,RISE SK하이닉스단일종목레버리지,20260527,,레버리지,KRX SK하이닉스 레버리지 지수,125334,116863.88,104765.63,93093.75,105640.13,23210,21345,18625,16550,18615,27.35,-8.04,-12.74,-11.14,12.48,23011.85,21423.37,18945.21,16546.27,18784.25,0.86,-0.37,-1.69,0.02,-0.9,5400000,5475000,5625000,5625000,5675000,25000,216,219,225,225,227
A0192M0,RISE 삼성전자단일종목레버리지,20260527,,레버리지,KRX 삼성전자 레버리지 지수,90384,91020,78463.13,65932.5,66817.5,18830,19680,16965,14900,15100,16.06,4.51,-13.8,-12.17,1.34,18746.9,19802.9,17006.98,14767.59,15036.33,0.44,-0.62,-0.25,0.9,0.42,4800000,4625000,4625000,4425000,4425000,25000,192,185,185,177,177
A0192T0,SOL 코스닥TOP10,20260519,,일반,코스닥TOP10지수(PR),29568,29113.5,29580,27360,27500,7680,7465,7395,6840,6875,0.13,-2.8,-0.94,-7.51,0.51,7648.12,7450.86,7382.64,6867.08,6855.95,0.42,0.19,0.17,-0.39,0.28,3850000,3900000,4000000,4000000,4000000,50000,77,78,80,80,80
A0193G0,KoAct 코스피액티브,20260519,,일반,코스피지수,28421.25,28201.25,27076,25522,25858,10335,10255,9670,9115,9235,4.34,-0.77,-5.7,-5.74,1.32,10299.78,10243.52,9673.16,9098.17,9180.6,0.34,0.11,-0.03,0.18,0.59,2750000,2750000,2800000,2800000,2800000,50000,55,55,56,56,56
A0193K0,PLUS 삼성전자단일종목레버리지,20260527,,레버리지,KRX 삼성전자 레버리지 지수,22938.75,23788.13,20812.5,18917.5,19099.63,20390,21145,18500,16100,16255,15.75,3.7,-12.51,-12.97,0.96,20199.09,21356.88,18368.3,15970.67,16239.82,0.95,-0.99,0.72,0.81,0.09,1125000,1125000,1125000,1175000,1175000,25000,45,45,45,47,47
A0193L0,PLUS 삼성전자선물단일종목인버스2X,20260527,,인버스 2X ,KRX 삼성전자 선물 인버스 -2X 지수,42933,43500,48170.7,53984.7,48795.6,13010,12500,14085,15785,15540,-16.74,-3.92,12.68,12.07,-1.55,13200.07,12369.66,14150.7,16195.2,15659.9,-1.44,1.05,-0.46,-2.53,-0.77,3300000,3480000,3420000,3420000,3140000,20000,165,174,171,171,157
A0193T0,KODEX SK하이닉스단일종목레버리지,20260527,,레버리지,KRX SK하이닉스 레버리지 지수,5097085,4943675.75,4758503.25,4318718.25,4903548,27400,25310,22130,19635,21930,24.35,-7.63,-12.56,-11.27,11.69,27158.88,25358.53,22437.62,19469.59,22092.12,0.89,-0.19,-1.37,0.85,-0.73,186025000,195325000,215025000,219950000,223600000,25000,7441,7813,8601,8798,8944
A0193W0,KODEX 삼성전자단일종목레버리지,20260527,,레버리지,KRX 삼성전자 레버리지 지수,3165256.25,3381407,3080199.75,2760756.38,2829760.5,20375,21220,18310,16185,16235,15.77,4.15,-13.71,-11.61,0.31,20255.59,21461.98,18372.73,15902.93,16214.22,0.59,-1.13,-0.34,1.77,0.13,155350000,159350000,168225000,170575000,174300000,25000,6214,6374,6729,6823,6972
A0194M0,ACE 삼성전자단일종목레버리지,20260527,,레버리지,KRX 삼성전자 레버리지 지수,89770,95157,85767.5,75875.63,79632.5,18800,19620,16900,14805,15025,16.01,4.36,-13.86,-12.4,1.49,18693.48,19758.67,16969.91,14733.48,14992.22,0.57,-0.7,-0.41,0.49,0.22,4775000,4850000,5075000,5125000,5300000,25000,191,194,203,205,212
A0194N0,KIWOOM 삼성전자선물단일종목레버리지,20260527,,레버리지,KRX 삼성전자 선물 레버리지 지수,15233.63,16926.88,14360.75,13153.5,13315.5,18465,19345,16895,14615,14795,16.65,4.77,-12.66,-13.5,1.23,18427.03,19587.22,16768.74,14345.39,14785.4,0.21,-1.24,0.75,1.88,0.06,825000,875000,850000,900000,900000,25000,33,35,34,36,36
A0194R0,KIWOOM SK하이닉스선물단일종목레버리지,20260527,,레버리지,KRX SK하이닉스 선물 레버리지 지수,26531.5,24600,22765.13,21120.5,23744,22580,20500,17855,15940,17920,29.58,-9.21,-12.9,-10.73,12.42,22171.94,20716.35,18478.29,15850.03,18278.5,1.84,-1.04,-3.37,0.57,-1.96,1175000,1200000,1275000,1325000,1325000,25000,47,48,51,53,53
A0194T0,ACE SK하이닉스단일종목레버리지,20260527,,레버리지,KRX SK하이닉스 레버리지 지수,108687.5,103203.75,101862.38,91575,103360.5,23125,21170,18605,16500,18540,23.46,-8.45,-12.12,-11.31,12.36,22880.72,21298.56,18813.1,16405.55,18627.84,1.07,-0.6,-1.11,0.58,-0.47,4700000,4875000,5475000,5550000,5575000,25000,188,195,219,222,223
A0195R0,TIGER 삼성전자단일종목레버리지,20260527,,레버리지,KRX 삼성전자 레버리지 지수,1684457.88,1767018,1636390,1539202.5,1566378.75,18805,19590,16870,14850,14925,16.08,4.17,-13.88,-11.97,0.51,18640.12,19736.73,16902.78,14627.83,14916.56,0.88,-0.74,-0.19,1.52,0.06,89575000,90200000,97000000,103650000,104950000,25000,3583,3608,3880,4146,4198
A0195S0,TIGER SK하이닉스단일종목레버리지,20260527,,레버리지,KRX SK하이닉스 레버리지 지수,2982809.75,2807506.5,2722968.75,2434315.63,2772977.63,23390,21415,18750,16625,18645,24.12,-8.44,-12.44,-11.33,12.15,22983.93,21462.19,18945.9,16482.23,18710.08,1.77,-0.22,-1.03,0.87,-0.35,127525000,131100000,145225000,146425000,148725000,25000,5101,5244,5809,5857,5949
A0197W0,SOL SK하이닉스단일종목레버리지,20260527,,레버리지,KRX SK하이닉스 레버리지 지수,88338.25,81254.25,80714.25,72072,77338.63,22945,21105,18555,16380,18305,23.53,-8.02,-12.08,-11.72,11.75,22718.96,21190.84,18715.69,16305.51,18461.41,0.99,-0.41,-0.86,0.46,-0.85,3850000,3850000,4350000,4400000,4225000,25000,154,154,174,176,169
A0197X0,SOL SK하이닉스선물단일종목인버스2X,20260527,,인버스 2X ,KRX SK하이닉스 선물 인버스 -2X 지수,141703.25,152243,129800.63,254264.25,192390,7670,8365,9355,10410,9075,-27.26,9.06,11.83,11.28,-12.82,7849.51,8346.73,9174.61,10572.6,8990.34,-2.29,0.22,1.97,-1.54,0.94,18475000,18200000,13875000,24425000,21200000,25000,739,728,555,977,848
A0198A0,KIWOOM 코스닥150커버드콜액티브,20260630,,일반,코스닥150 위클리고정30% 커버드콜지수,10956,13580,17723,19910,21326.25,9960,9700,9580,9050,9075,-0.7,-2.61,-1.24,-5.53,0.28,9870.11,9559.46,9490.45,8924.67,9068.78,0.91,1.47,0.94,1.4,0.07,1100000,1400000,1850000,2200000,2350000,50000,22,28,37,44,47
A0198B0,1Q 삼성전자선물단일종목레버리지,20260527,,레버리지,KRX 삼성전자 선물 레버리지 지수,31211.7,33097.15,31152,27355.35,28447.35,19630,20305,17600,15455,15545,16.74,3.44,-13.32,-12.19,0.58,19418.56,20614.43,17620.05,15103.26,15521.22,1.09,-1.5,-0.11,2.33,0.15,1590000,1630000,1770000,1770000,1830000,5000,318,326,354,354,366
A0198D0,1Q SK하이닉스선물단일종목레버리지,20260527,,레버리지,KRX SK하이닉스 선물 레버리지 지수,38599,36397.9,35155.07,31053.5,35083.28,24200,22330,19585,17300,19545,27.27,-7.73,-12.29,-11.67,12.98,24146.23,22538.33,20043.09,17277.45,19858.73,0.22,-0.92,-2.29,0.13,-1.58,1595000,1630000,1795000,1795000,1795000,5000,319,326,359,359,359
A0199C0,ACE 고배당주Plus커버드콜액티브,20260602,,일반,KRX-Akros 고배당주 20 위클리 고정 30% 커버드콜 지수,125250,127500,126750,123250,121000,10020,10200,10140,9860,9680,3.73,1.8,-0.59,-2.76,-1.83,10009.59,10205.75,10116.02,9846.09,9628.83,0.1,-0.06,0.24,0.14,0.53,12500000,12500000,12500000,12500000,12500000,50000,250,250,250,250,250
A0204S0,TIGER 코스닥액티브,20260602,,일반,코스닥지수,34329.4,33219.2,32884.4,31008,30940.1,7910,7415,7180,6800,6815,0.19,-6.26,-3.17,-5.29,0.22,7881.25,7435.14,7178.24,6772.63,6860.99,0.36,-0.27,0.02,0.4,-0.67,4340000,4480000,4580000,4560000,4540000,10000,434,448,458,456,454
A0207G0,SOL 우주항공밸류체인,20260616,,일반,Akros 우주항공밸류체인 지수(PR),11680,13320,12200.75,11229.5,13050.5,7300,7200,6595,6070,6070,2.89,-1.37,-8.4,-7.96,0,7223.56,7187.29,6579.14,6059.53,6118.28,1.06,0.18,0.24,0.17,-0.79,1600000,1850000,1850000,1850000,2150000,50000,32,37,37,37,43
A0208N0,IBK 코스피액티브,20260623,,일반,코스피지수,14368.5,14081.75,13322.25,12648,12741,9270,9085,8595,8160,8220,6.19,-2,-5.39,-5.06,0.74,9216.99,9110.77,8684.23,8160.78,8206.72,0.58,-0.28,-1.03,-0.01,0.16,1550000,1550000,1550000,1550000,1550000,50000,31,31,31,31,31
A0209D0,KODEX 전고체배터리ESS TOP2플러스,20260623,,일반,Akros 한국 전고체 배터리 ESS TOP2 플러스 지수(Price Return),88956.25,86491.5,84684.25,80358,81305,8275,7935,7595,7080,7070,0,-4.11,-4.28,-6.78,-0.14,8249.15,7936.82,7612.8,7068.09,7053.02,0.31,-0.02,-0.23,0.17,0.24,10750000,10900000,11150000,11350000,11500000,50000,215,218,223,227,230
A0209Z0,ACE 코리아AI전력TOP10,20260623,,일반,Akros 코리아 AI전력 TOP 10 지수 (시장가격),17995.5,17135.5,17789.5,17287.5,17646,8370,7970,7570,6915,6920,-2.05,-4.78,-5.02,-8.65,0.07,8345.8,7993,7593.43,6895.97,6944.44,0.29,-0.29,-0.31,0.28,-0.35,2150000,2150000,2350000,2500000,2550000,50000,43,43,47,50,51
A0210A0,ACE K반도체TOP2+,20260623,,일반,KRX K-AI 반도체TOP2+지수 (시장가격),395382,362216.75,340938,318201.75,333922.5,9620,9205,8460,7965,8245,4.51,-4.31,-8.09,-5.85,3.52,9605.13,9206.35,8488.05,7964.32,8245.64,0.15,-0.01,-0.33,0.01,-0.01,41100000,39350000,40300000,39950000,40500000,50000,822,787,806,799,810
A0210E0,PLUS 200커버드콜액티브,20260623,,일반,코스피 200 위클리 고정 30% 커버드콜 지수,43404.5,45080,47034,47167.5,47908.5,9235,9200,8710,8275,8405,5.3,-0.38,-5.33,-4.99,1.57,9210.25,9188.81,8739.3,8266.19,8357.96,0.27,0.12,-0.34,0.11,0.56,4700000,4900000,5400000,5700000,5700000,100000,47,49,54,57,57
A069500,KODEX 200,20021014,,일반,코스피 200,27394191,27306731.25,26288375,25155191.25,25423200,131010,130125,123710,116865,117700,6.06,-0.68,-4.93,-5.53,0.71,130791.06,130165.59,123362.61,116598.2,117715.96,0.17,-0.03,0.28,0.23,-0.01,209100000,209850000,212500000,215250000,216000000,50000,4182,4197,4250,4305,4320
A069660,KIWOOM 200,20021014,,일반,코스피 200,912940,909440,869829,835620.5,841519.25,130420,129920,123380,116870,117695,5.35,-0.38,-5.03,-5.28,0.71,130577.11,129985.09,123192.18,116407.6,117630.49,-0.12,-0.05,0.15,0.4,0.05,7000000,7000000,7050000,7150000,7150000,50000,140,140,141,143,143
A091160,KODEX 반도체,20060627,,일반,KRX 반도체,6697785,6547201.5,6266394,5949951,6200460,157225,153510,143560,135380,140600,5.34,-2.36,-6.48,-5.7,3.86,157023.98,153071.19,144023.65,135070.79,140710.72,0.13,0.29,-0.32,0.23,-0.08,42600000,42650000,43650000,43950000,44100000,50000,852,853,873,879,882
A091170,KODEX 은행,20060627,,일반,KRX 은행,444405,443706.25,449995,434890,430282.5,15900,15875,16100,15700,15450,2.78,-0.16,1.42,-2.48,-1.59,15866.76,15915.13,16136.9,15746.39,15540.38,0.21,-0.25,-0.23,-0.29,-0.58,27950000,27950000,27950000,27700000,27850000,50000,559,559,559,554,557
A091180,KODEX 자동차,20060627,,일반,KRX 자동차,460428,478040,463617,453421.5,438302,31110,32300,31220,30845,29615,1.42,3.83,-3.34,-1.2,-3.99,31193.9,32249.21,31378.2,30911.73,29654.56,-0.27,0.16,-0.5,-0.22,-0.13,14800000,14800000,14850000,14700000,14800000,50000,296,296,297,294,296
A091220,TIGER 은행,20060627,,일반,KRX 은행,23226,23184,23280.6,22276.8,22596,16590,16560,16870,16380,16140,3.46,-0.18,1.87,-2.9,-1.47,16565.6,16615.87,16844.9,16439.97,16230.24,0.15,-0.34,0.15,-0.36,-0.56,1400000,1400000,1380000,1360000,1400000,20000,70,70,69,68,70
A091230,TIGER 반도체,20060627,,일반,KRX 반도체,1595493.9,1576954.7,1509774.4,1439570,1496867.2,165165,161905,151280,142250,147040,6,-1.97,-6.56,-5.97,3.37,164499.1,160915.13,151336.39,141664.96,147221.8,0.4,0.62,-0.04,0.41,-0.12,9660000,9740000,9980000,10120000,10180000,20000,483,487,499,506,509
A100910,KIWOOM KRX100,20080123,,일반,KRX 100,55998,61260,58635,55380,67194,20740,20420,19545,18460,18665,5.33,-1.54,-4.29,-5.55,1.11,20656.7,20559.87,19471.73,18386.22,18592.61,0.4,-0.68,0.38,0.4,0.39,2700000,3000000,3000000,3000000,3600000,300000,9,10,10,10,12
A102110,TIGER 200,20080403,,일반,코스피 200,11377696.25,11411524,10937721,10351198,10503108,131155,130120,123870,117095,117880,5.99,-0.79,-4.8,-5.47,0.67,130863.01,130245.64,123440.83,116667.66,117820.75,0.22,-0.1,0.35,0.37,0.05,86750000,87700000,88300000,88400000,89100000,50000,1735,1754,1766,1768,1782
A102780,KODEX 삼성그룹,20080521,,일반,MKF 삼성그룹지수,4058368,4022512,3793432,3530475,3456925,30560,30290,28565,26625,26090,3.95,-0.88,-5.7,-6.79,-2.01,30549.43,30349.26,28714.18,26704.43,26270.41,0.03,-0.2,-0.52,-0.3,-0.69,132800000,132800000,132800000,132600000,132500000,100000,1328,1328,1328,1326,1325
A102960,KODEX 기계장비,20080529,,일반,KRX 기계장비,17983.2,17705.9,16909.4,15623.2,15505.2,15240,15005,14330,13240,13140,-0.97,-1.54,-4.5,-7.61,-0.76,15240.96,15071.72,14272.44,13188.8,13067.37,-0.01,-0.44,0.4,0.39,0.56,1180000,1180000,1180000,1180000,1180000,20000,59,59,59,59,59
A102970,KODEX 증권,20080529,,일반,KRX 증권,851880,880653,841663.75,806835,790273.5,22900,23610,22595,21660,20990,7.87,3.1,-4.3,-4.14,-3.09,22890.21,23642.08,22703.28,21782.19,20998.66,0.04,-0.14,-0.48,-0.56,-0.04,37200000,37300000,37250000,37250000,37650000,50000,744,746,745,745,753
A104520,KIWOOM 블루칩,20080729,,일반,MKF 블루칩,16835.5,16918,16857.5,14920,14430,15305,15380,15325,14920,14430,0.69,0.49,-0.36,-2.64,-3.28,15402.48,15399.08,15395.26,14909.54,14547.15,-0.63,-0.12,-0.46,0.07,-0.81,1100000,1100000,1100000,1000000,1000000,100000,11,11,11,10,10
A104530,KIWOOM 코리아고배당,20080729,,일반,MKF 웰스 고배당 20,37990.5,38334.5,38485,38227,37453,17670,17830,17900,17780,17420,1.14,0.91,0.39,-0.67,-2.02,17770.37,17884.61,17955.52,17703.68,17445.63,-0.56,-0.31,-0.31,0.43,-0.15,2150000,2150000,2150000,2150000,2150000,50000,43,43,43,43,43
A105190,ACE 200,20080925,,일반,코스피 200,2497550.25,2352005.25,2186658.5,1970640,1970266,131105,130305,123890,117300,117980,5.47,-0.61,-4.92,-5.32,0.58,131104.93,130471.85,123651.02,116837.95,118018.46,0,-0.13,0.19,0.4,-0.03,19050000,18050000,17650000,16800000,16700000,50000,381,361,353,336,334
A105780,RISE 5대그룹주,20081022,,일반,MKF 5대그룹주,40300,39660,37600,35780,35260,20150,19830,18800,17890,17630,3.41,-1.59,-5.19,-4.84,-1.45,20093.37,19861.19,18828.9,17810.06,17660.69,0.28,-0.16,-0.15,0.45,-0.17,2000000,2000000,2000000,2000000,2000000,200000,10,10,10,10,10
A108450,ACE 삼성그룹섹터가중,20090203,,일반,MKF SAMs SW,102143,102568.5,93005,87791,87329,44410,44595,42275,39905,39695,2.13,0.42,-5.2,-5.61,-0.53,44671.89,44465.59,42516.84,39879.85,39968.4,-0.59,0.29,-0.57,0.06,-0.68,2300000,2300000,2200000,2200000,2200000,100000,23,23,22,22,22
A108590,TREX 200,20090123,,일반,코스피 200,26089,25928,24694,23325,23449,130445,129640,123470,116625,117245,5.7,-0.62,-4.76,-5.54,0.53,130245.02,129660.83,122925.15,116072.63,117366.35,0.15,-0.02,0.44,0.48,-0.1,200000,200000,200000,200000,200000,50000,4,4,4,4,4
A114800,KODEX 인버스,20090916,,인버스 1X ,코스피 200 선물인버스 지수,872746.5,878204.6,872674.1,935495.1,921177.6,943,949,997,1051,1043,-5.79,0.64,5.06,5.42,-0.76,943.92,950.03,991.3,1053.37,1044.44,-0.1,-0.11,0.58,-0.22,-0.14,925500000,925400000,875300000,890100000,883200000,100000,9255,9254,8753,8901,8832
A117460,KODEX 에너지화학,20091012,,일반,KRX 에너지화학,25754.4,25460.4,25656.4,24333.4,24284.4,13140,12990,13090,12415,12390,0.08,-1.14,0.77,-5.16,-0.2,13096.79,13017.5,13061.53,12449.05,12427.95,0.33,-0.21,0.22,-0.27,-0.31,1960000,1960000,1960000,1960000,1960000,70000,28,28,28,28,28
A117680,KODEX 철강,20091030,,일반,KRX 철강,24076.5,24150,23499,20991.6,20638.8,11465,11500,11190,10710,10530,1.78,0.31,-2.7,-4.29,-1.68,11447.19,11463.82,11217.99,10717.34,10476.69,0.16,0.32,-0.25,-0.07,0.51,2100000,2100000,2100000,1960000,1960000,70000,30,30,30,28,28
A117700,KODEX 건설,20091030,,일반,KRX 건설,206955,213200,208477,193644,193257,6570,6560,6395,5940,5910,-1.2,-0.15,-2.52,-7.12,-0.51,6553.45,6586.02,6389.89,5952.75,5937.21,0.25,-0.4,0.08,-0.21,-0.46,31500000,32500000,32600000,32600000,32700000,100000,315,325,326,326,327
A122090,PLUS 코스피50,20100107,,일반,코스피 50,224031.3,221889,208680,203433,210834,100915,99950,94000,89225,90100,6.76,-0.96,-5.95,-5.08,0.98,100451.95,99654.52,94184.57,88937.47,90350.69,0.46,0.3,-0.2,0.32,-0.28,2220000,2220000,2220000,2280000,2340000,30000,74,74,74,76,78
A122630,KODEX 레버리지,20100222,,레버리지,코스피 200 레버리지지수,8093589,8124980,7563402,6512250,6780519,179260,176630,158895,142500,144420,11.87,-1.47,-10.04,-10.32,1.35,179367.22,177198.36,160483.93,141669.67,144132.16,-0.06,-0.32,-0.99,0.59,0.2,45150000,46000000,47600000,45700000,46950000,50000,903,920,952,914,939
A123310,TIGER 인버스,20100329,,인버스 1X ,코스피 200 선물인버스 지수,59769.6,60448.8,61152,64646.4,63882,1056,1068,1120,1184,1170,-6.71,1.14,4.87,5.71,-1.18,1059.8,1066.61,1113.19,1183.92,1173.95,-0.36,0.13,0.61,0.01,-0.34,56600000,56600000,54600000,54600000,54600000,100000,566,566,546,546,546
A123320,TIGER 레버리지,20100409,,레버리지,코스피 200 레버리지지수,376866,371962.5,334068,297465,302410.5,179460,177125,159080,141650,144005,12.01,-1.3,-10.19,-10.96,1.66,179244.99,177125.94,160420.49,141502.95,144020.06,0.12,0,-0.84,0.1,-0.01,2100000,2100000,2100000,2100000,2100000,100000,21,21,21,21,21
A131890,ACE 삼성그룹동일가중,20100917,,일반,MKF SAMs EW Index,17228,17114,16872,16200,16136,43070,42785,42180,40500,40340,1.99,-0.66,-1.41,-3.98,-0.4,43048.16,42927.3,42509.4,40397.05,40045.41,0.05,-0.33,-0.77,0.25,0.74,400000,400000,400000,400000,400000,100000,4,4,4,4,4
A138520,TIGER 삼성그룹,20110307,,일반,MKF SAMs FW,175824,176212.8,168739,157268.6,153031.4,40700,40790,39425,36745,35755,4.23,0.22,-3.35,-6.8,-2.69,40597.38,40981.93,39239.11,36716.31,36016.12,0.25,-0.47,0.47,0.08,-0.73,4320000,4320000,4280000,4280000,4280000,20000,216,216,214,214,214
A138530,TIGER LG그룹플러스,20110310,,일반,MKF LG그룹+ FW,90379.8,89510.4,90304.2,88225.2,85843.8,11955,11840,11945,11670,11355,-1.2,-0.96,0.89,-2.3,-2.7,11956.35,11904.51,11958.5,11709.93,11496.04,-0.01,-0.54,-0.11,-0.34,-1.23,7560000,7560000,7560000,7560000,7560000,20000,378,378,378,378,378
A138540,TIGER 현대차그룹플러스,20110310,,일반,MKF 현대차그룹+ FW,760050,783348.8,751374,735131.8,699342.4,56300,57940,55575,54535,51880,1.83,2.91,-4.08,-1.87,-4.87,56346.88,57894.85,55848.24,54638.91,52060.94,-0.08,0.08,-0.49,-0.19,-0.35,13500000,13520000,13520000,13480000,13480000,20000,675,676,676,674,674
A139220,TIGER 200 건설,20110406,,일반,코스피 200 건설,138330,140814.9,136444,126752.3,124608,7950,8065,7700,7145,7040,1.02,1.45,-4.53,-7.21,-1.47,7957.49,8045.7,7722.9,7180,7048.78,-0.09,0.24,-0.3,-0.49,-0.12,17400000,17460000,17720000,17740000,17700000,20000,870,873,886,887,885
A139230,TIGER 200 중공업,20110406,,일반,코스피 200 중공업,312320,306927,289374,267954,262752,15250,15075,14185,13135,12880,-0.55,-1.15,-5.9,-7.4,-1.94,15178.99,15136.22,14249.1,13199.66,12958.92,0.47,-0.4,-0.45,-0.49,-0.61,20480000,20360000,20400000,20400000,20400000,20000,1024,1018,1020,1020,1020
A139240,TIGER 200 철강소재,20110406,,일반,코스피 200 철강/소재,5834.8,5892.8,5776.8,5527.4,5544,10060,10160,9960,9530,9240,2.03,0.99,-1.97,-4.32,-3.04,10054.79,10126.79,9926.58,9494.56,9316.21,0.05,0.33,0.34,0.37,-0.82,580000,580000,580000,580000,600000,20000,29,29,29,29,30
A139250,TIGER 200 에너지화학,20110406,,일반,코스피 200 에너지/화학,25922.2,24185,22927.4,21801.8,21955.9,17515,17275,17110,16270,16385,-0.09,-1.37,-0.96,-4.91,0.71,17521.75,17360.17,17097.74,16301.5,16363.1,-0.04,-0.49,0.07,-0.19,0.13,1480000,1400000,1340000,1340000,1340000,20000,74,70,67,67,67
A139260,TIGER 200 IT,20110406,,일반,코스피 200 정보기술,3472456,3335636,3066336,2914649.1,3017850.2,179920,171940,159705,148555,153035,5.72,-4.44,-7.12,-6.98,3.02,177896.23,171168.79,159361.84,149222.49,152466.49,1.14,0.45,0.22,-0.45,0.37,19300000,19400000,19200000,19620000,19720000,20000,965,970,960,981,986
A139270,TIGER 200 금융,20110406,,일반,코스피 200 금융,33659,34515.6,34505.8,33437.6,32624.2,17350,17610,17605,17060,16645,3.95,1.5,-0.03,-3.1,-2.43,17414.48,17643,17633.52,17125.28,16712.22,-0.37,-0.19,-0.16,-0.38,-0.4,1940000,1960000,1960000,1960000,1960000,20000,97,98,98,98,98
A139280,TIGER 경기방어,20110406,,일반,코스피 200 경기방어소비재,41315.8,40781.4,41950.4,41148.8,39979.8,12370,12210,12560,12320,11970,0,-1.29,2.87,-1.91,-2.84,12379.05,12245.99,12540.46,12271.26,12004.17,-0.07,-0.29,0.16,0.4,-0.28,3340000,3340000,3340000,3340000,3340000,20000,167,167,167,167,167
A139290,TIGER 200 경기소비재,20110406,,일반,코스피 200 경기소비재,6945.6,7141.2,6919.2,6826.8,6558,28940,29755,28830,28445,27325,1.24,2.82,-3.11,-1.34,-3.94,29032.47,29710.15,29177.33,28704.61,27431.26,-0.32,0.15,-1.19,-0.9,-0.39,240000,240000,240000,240000,240000,20000,12,12,12,12,12
A140570,RISE 수출주,20110415,,일반,MKF 수출주 지수,10810,10742,10378,9970,9748,27025,26855,25945,24925,24370,-0.9,-0.63,-3.39,-3.93,-2.23,27183.65,26924.78,26172.12,24972.01,24654.16,-0.58,-0.26,-0.87,-0.19,-1.15,400000,400000,400000,400000,400000,100000,4,4,4,4,4
A140580,RISE 우량업종대표주,20110415,,일반,MKF 우량업종대표주 지수,13110,13102.5,12827.5,12377.5,12220,26220,26205,25655,24755,24440,0.11,-0.06,-2.1,-3.51,-1.27,26381.98,26263.19,25870.93,24780.46,24613.35,-0.61,-0.22,-0.83,-0.1,-0.7,500000,500000,500000,500000,500000,100000,5,5,5,5,5
A140700,KODEX 보험,20110426,,일반,KRX 보험,54040,51467,51324,50180,47736,19300,19795,19740,19300,18360,2.22,2.56,-0.28,-2.23,-4.87,19363.53,19728.46,19720.2,19294.13,18405.01,-0.33,0.34,0.1,0.03,-0.24,2800000,2600000,2600000,2600000,2600000,100000,28,26,26,26,26
A140710,KODEX 운송,20110426,,일반,KRX 운송,11277,11313,11493,11259,10863,6265,6285,6385,6255,6035,0,0.32,1.59,-2.04,-3.52,6285.01,6304.62,6360.67,6262.57,6025.64,-0.32,-0.31,0.38,-0.12,0.16,1800000,1800000,1800000,1800000,1800000,100000,18,18,18,18,18
A140950,파워 코스피100,20110503,,일반,코스피 100,57803.2,57696.8,54647.6,51760.8,52046.4,103220,103030,97585,92430,92940,5.25,-0.18,-5.28,-5.28,0.55,103462.47,102825.86,97412.83,92039.3,93103.93,-0.23,0.2,0.18,0.42,-0.18,560000,560000,560000,560000,560000,40000,14,14,14,14,14
A143860,TIGER 헬스케어,20110718,,일반,KRX 헬스케어,157011,151339.5,155060.8,148075.9,146140,39450,38025,38960,37205,36535,0.2,-3.61,2.46,-4.5,-1.8,39309.09,38073.61,38845.95,37096.86,36585.33,0.36,-0.13,0.29,0.29,-0.14,3980000,3980000,3980000,3980000,4000000,20000,199,199,199,199,200
A145670,ACE 인버스,20110908,,인버스 1X ,코스피 200 선물인버스 지수,3413.3,3451,3491.6,3696,3665.2,1177,1190,1247,1320,1309,-5.54,1.1,4.79,5.85,-0.83,1184.04,1191.68,1244.51,1322.59,1311.6,-0.59,-0.14,0.2,-0.2,-0.2,2900000,2900000,2800000,2800000,2800000,100000,29,29,28,28,28
A145850,TREX 펀더멘탈 200,20110923,,일반,FnGuide-RAFI 코리아200 지수,31985,32133.75,31357.5,30322.5,29998.75,127940,128535,125430,121290,119995,3.17,0.46,-2.42,-3.3,-1.07,126997.62,128096.43,124715.77,119923.4,118433.88,0.74,0.34,0.57,1.14,1.32,250000,250000,250000,250000,250000,50000,5,5,5,5,5
A147970,TIGER 모멘텀,20111026,,일반,FnGuide 모멘텀 지수,45254.4,44236.8,42722.4,39554.4,39693.6,94280,92160,89005,82405,82695,1.18,-2.25,-3.42,-7.42,0.35,93885.39,92324.13,88701.19,82933.84,82260.91,0.42,-0.18,0.34,-0.64,0.53,480000,480000,480000,480000,480000,20000,24,24,24,24,24
A148020,RISE 200,20111020,,일반,코스피 200,4958688,4957403.75,4782245,4559518.75,4583047.5,131880,130975,124700,117665,118425,5.79,-0.69,-4.79,-5.64,0.65,131640.78,131023.28,124188.06,117344.91,118547.28,0.18,-0.04,0.41,0.27,-0.1,37600000,37850000,38350000,38750000,38700000,50000,752,757,767,775,774
A150460,TIGER 중국소비테마,20111216,,일반,FnGuide 중국내수테마 지수,58020.3,57589.65,59207.4,57614.55,55982.85,7410,7355,7620,7415,7205,-1.27,-0.74,3.6,-2.69,-2.83,7430.47,7385.97,7610.49,7430.12,7233.13,-0.28,-0.42,0.12,-0.2,-0.39,7830000,7830000,7770000,7770000,7770000,30000,261,261,259,259,259
A152100,PLUS 200,20120110,,일반,코스피 200,1725945,1708946.75,1630395,1555428.5,1564074.5,132765,131965,125415,118735,119395,6.04,-0.6,-4.96,-5.33,0.56,132745.58,132141.77,125198.75,118272.06,119510.14,0.01,-0.13,0.17,0.39,-0.1,13000000,12950000,13000000,13100000,13100000,50000,260,259,260,262,262
A152500,ACE 레버리지,20120127,,레버리지,코스피 200 레버리지지수,73120,72130,64885,57865,59105,73120,72130,64885,57865,59105,12.21,-1.35,-10.04,-10.82,2.14,73130.36,72266.76,65396.9,57813.97,58829.63,-0.01,-0.19,-0.78,0.09,0.47,1000000,1000000,1000000,1000000,1000000,100000,10,10,10,10,10
A152870,파워 200,20120213,,일반,코스피 200,171567.5,170508,161882.5,159266.25,160184.25,131975,131160,124525,117975,118655,5.71,-0.62,-5.06,-5.26,0.58,131853.72,131228.69,124401.32,117555.69,118722.08,0.09,-0.05,0.1,0.36,-0.06,1300000,1300000,1300000,1350000,1350000,50000,26,26,26,27,27
A153270,KIWOOM 코스피100,20120228,,일반,코스피 100,42457.8,42176.4,39977.7,38003.7,38295.6,101090,100420,95185,90485,91180,5.05,-0.66,-5.21,-4.94,0.77,101534.53,100900.67,95611.56,90321.35,91421.14,-0.44,-0.48,-0.45,0.18,-0.26,420000,420000,420000,420000,420000,20000,21,21,21,21,21
A156080,KODEX MSCI Korea,20120430,,일반,MSCI Korea Index,37572,37380,35427,33444,33732,62620,62300,59045,55740,56220,3.16,-0.51,-5.22,-5.6,0.86,62435.83,62212.25,58810.02,55528.66,56129.29,0.29,0.14,0.4,0.38,0.16,600000,600000,600000,600000,600000,100000,6,6,6,6,6
A157490,TIGER 소프트웨어,20120516,,일반,FnGuide 소프트웨어 지수,78635.2,78200.8,78752.7,77321.7,74984.4,8260,8180,8255,8105,7860,-1.78,-0.97,0.92,-1.82,-3.02,8248.72,8210.47,8309.69,8093.82,7858.78,0.14,-0.37,-0.66,0.14,0.02,9520000,9560000,9540000,9540000,9540000,20000,476,478,477,477,477
A157500,TIGER 증권,20120516,,일반,FnGuide 증권 지수,318775.8,331368.3,316647.2,303381.6,295796,16035,16585,15880,15230,14600,8.56,3.43,-4.25,-4.09,-4.14,16039.7,16563.39,15928.83,15280.89,14710.69,-0.03,0.13,-0.31,-0.33,-0.75,19880000,19980000,19940000,19920000,20260000,20000,994,999,997,996,1013
A159800,마이티 코스피100,20120705,,일반,코스피 100,29149.4,28987,27279,25992.4,26289.2,104105,103525,97425,92830,93890,6.1,-0.56,-5.89,-4.72,1.14,104457.84,103813.35,98305.73,92832.9,93988.86,-0.34,-0.28,-0.9,0,-0.11,280000,280000,280000,280000,280000,40000,7,7,7,7,7
A161510,PLUS 고배당주,20120829,,일반,FnGuide 배당주 지수,2375072.7,2408399.1,2413414.2,2373749.4,2307169.2,25165,25510,25555,25135,24430,1.86,1.37,0.18,-1.64,-2.8,25226.39,25559.24,25644.56,25098.05,24609.91,-0.24,-0.19,-0.35,0.15,-0.73,94380000,94410000,94440000,94440000,94440000,30000,3146,3147,3148,3148,3148
A166400,TIGER 200커버드콜OTM,20121025,,일반,코스피 200 커버드콜 5% OTM 지수(PR 지수),12442.5,12300,12127.5,11577.5,11740,24885,24600,24255,23155,23480,8.67,-1.15,-1.4,-4.54,1.4,25054.92,25070.71,24340.56,23328.43,23904.25,-0.68,-1.88,-0.35,-0.74,-1.77,500000,500000,500000,500000,500000,100000,5,5,5,5,5
A174350,TIGER 로우볼,20130620,,일반,FnGuide 로우볼 지수,9780,9763.2,9510.5,9377.1,9202.3,20375,20340,20675,20385,20005,1.77,-0.17,1.65,-1.4,-1.86,20375.02,20459.19,20826,20528.8,20397.36,0,-0.58,-0.73,-0.7,-1.92,480000,480000,460000,460000,460000,20000,24,24,23,23,23
A192720,파워 고배당저변동성,20140220,,일반,코스피 200 고배당지수,32963.1,33165.45,33681.3,33037.2,32584.05,57830,58185,59090,57960,57165,0.35,0.61,1.56,-1.91,-1.37,58068.85,58437.1,59301.41,58197.21,57321.8,-0.41,-0.43,-0.36,-0.41,-0.27,570000,570000,570000,570000,570000,30000,19,19,19,19,19
A210780,TIGER 코스피고배당,20141205,,일반,코스피 고배당 50,76510.5,76906.5,77121,75933,74712,23185,23305,23370,23010,22640,2.36,0.52,0.28,-1.54,-1.61,23172.24,23384.35,23425.43,23026.88,22723.79,0.06,-0.34,-0.24,-0.07,-0.37,3300000,3300000,3300000,3300000,3300000,30000,110,110,110,110,110
A211560,TIGER 배당성장,20141217,,일반,코스피 배당성장 50,77425.5,78511.8,78405.3,76701.3,74166.6,36350,36860,36810,36010,34820,2.39,1.4,-0.14,-2.17,-3.3,36478.82,36907.81,37013.44,36069.97,35143.35,-0.35,-0.13,-0.55,-0.17,-0.92,2130000,2130000,2130000,2130000,2130000,30000,71,71,71,71,71
A211900,KODEX 코리아배당성장,20141217,,일반,코스피 배당성장 50,92928,93824,94128,91744,90032,29040,29320,29415,28670,28135,2.49,0.96,0.32,-2.53,-1.87,29122.47,29465.74,29550.29,28794.52,28052.82,-0.28,-0.49,-0.46,-0.43,0.29,3200000,3200000,3200000,3200000,3200000,50000,64,64,64,64,64
A213610,KODEX 삼성그룹밸류,20150108,,일반,WISE 삼성그룹밸류 인덱스,287270,285890,276747.5,257357.5,253798,24980,24860,24065,22775,22460,4.3,-0.48,-3.2,-5.36,-1.38,24861.47,24995.55,24215.18,22829.98,22581.51,0.48,-0.54,-0.62,-0.24,-0.54,11500000,11500000,11500000,11300000,11300000,100000,115,115,115,113,113
A215620,HK S&P코리아로우볼,20150325,,일반,S&P Korea 저변동성 지수,8402.4,8502.3,8559,8421.3,8386.2,15560,15745,15850,15595,15530,-1.14,1.19,0.67,-1.61,-0.42,15697.06,15736.04,15959.54,15763.3,15584.8,-0.87,0.06,-0.69,-1.07,-0.35,540000,540000,540000,540000,540000,30000,18,18,18,18,18
A223190,KODEX 200가치저변동,20150626,,일반,코스피 200 가치저변동성 지수,29960,30330,29515,28320,28055,29960,30330,29515,28320,28055,2.59,1.23,-2.69,-4.05,-0.94,29952.82,30286.17,29455.59,28253.66,27739.45,0.02,0.14,0.2,0.23,1.14,1000000,1000000,1000000,1000000,1000000,100000,10,10,10,10,10
A226380,ACE Fn성장소비주도주,20150819,,일반,FnGuide 성장소비주도 지수,4018,4011,4133.5,4025,3913,5740,5730,5905,5750,5590,-1.12,-0.17,3.05,-2.62,-2.78,5731.41,5765.03,5917.61,5795.15,5643.12,0.15,-0.61,-0.21,-0.78,-0.94,700000,700000,700000,700000,700000,100000,7,7,7,7,7
A226490,KODEX 코스피,20150824,,일반,코스피지수,1170960,1163470,1118769.75,1063296,1074869,83640,83105,79065,74880,75695,5.49,-0.64,-4.86,-5.29,1.09,83244.3,82862.18,78806.57,74592.14,75054.61,0.48,0.29,0.33,0.39,0.85,14000000,14000000,14150000,14200000,14200000,50000,280,280,283,284,284
A226980,KODEX 200 중소형,20150901,,일반,코스피 200 중소형주지수,21379.5,20947.5,20763,20025,19602,23755,23275,23070,22250,21780,-0.48,-2.02,-0.88,-3.55,-2.11,23646.29,23359.98,23210.77,22158.02,21945.17,0.46,-0.36,-0.61,0.42,-0.75,900000,900000,900000,900000,900000,100000,9,9,9,9,9
A227540,TIGER 200 헬스케어,20150923,,일반,코스피 200 헬스케어,31125,30129,30842.8,30070.9,29149.6,18750,18150,18580,18115,17560,1.19,-3.2,2.37,-2.5,-3.06,18761.01,18204.34,18524.17,18042.08,17562.43,-0.06,-0.3,0.3,0.4,-0.01,1660000,1660000,1660000,1660000,1660000,20000,83,83,83,83,83
A227550,TIGER 200 산업재,20150923,,일반,코스피 200 산업재,8401.8,8382,4129.3,3865.8,3802.9,12730,12700,12145,11370,11185,1.19,-0.24,-4.37,-6.38,-1.63,12809.71,12681.04,12293.31,11457.8,11271.07,-0.62,0.15,-1.21,-0.77,-0.76,660000,660000,340000,340000,340000,20000,33,33,17,17,17
A227560,TIGER 200 생활소비재,20150923,,일반,코스피 200 생활소비재,4554,2768.7,2885.3,2811.6,2667.5,12650,12585,13115,12780,12125,-0.82,-0.51,4.21,-2.55,-5.13,12669.65,12684.78,13143.98,12791.42,12241.48,-0.16,-0.79,-0.22,-0.09,-0.95,360000,220000,220000,220000,220000,20000,18,11,11,11,11
A227570,TIGER 우량가치,20150923,,일반,FnGuide 퀄리티 밸류 지수,9655.2,9672,7311.6,7147.8,7102.8,20115,20150,20310,19855,19730,0.78,0.17,0.79,-2.24,-0.63,20183.78,20274.24,20412.71,19980.58,19805.33,-0.34,-0.61,-0.5,-0.63,-0.38,480000,480000,360000,360000,360000,30000,16,16,12,12,12
A227830,PLUS 코스피,20150923,,일반,코스피지수,20805,20788.75,19662.5,18697.5,18822.5,83220,83155,78650,74790,75290,5.48,-0.08,-5.42,-4.91,0.67,83715.82,83340.9,79242.68,74990.85,75473.88,-0.59,-0.22,-0.75,-0.27,-0.24,250000,250000,250000,250000,250000,50000,5,5,5,5,5
A228790,TIGER 화장품,20151007,,일반,WISE 화장품 지수,262912.5,260824.5,274365,264798.6,250470,3750,3725,3900,3785,3630,-0.79,-0.67,4.7,-2.95,-4.1,3751.91,3743.56,3897.94,3776.6,3607.74,-0.05,-0.5,0.05,0.22,0.62,70110000,70020000,70350000,69960000,69000000,30000,2337,2334,2345,2332,2300
A228800,TIGER 여행레저,20151007,,일반,WISE 여행레저 지수,74052,74316,76167.45,73273.35,70905.45,2805,2815,2895,2785,2695,-1.41,0.36,2.84,-3.8,-3.23,2814.3,2821.57,2885.18,2796.94,2692.8,-0.33,-0.23,0.34,-0.43,0.08,26400000,26400000,26310000,26310000,26310000,30000,880,880,877,877,877
A228810,TIGER 미디어컨텐츠,20151007,,일반,WISE 미디어컨텐츠 지수,80714.7,81646.5,83803.8,81054,80800.65,3410,3445,3545,3420,3405,-2.57,1.03,2.9,-3.53,-0.44,3390.25,3437.51,3531.45,3432.93,3403.69,0.58,0.22,0.38,-0.38,0.04,23670000,23700000,23640000,23700000,23730000,30000,789,790,788,790,791
A228820,TIGER KTOP30,20151014,,일반,KTOP 30,25968,25950,25325,24050,23825,21640,21625,20260,19240,19060,5.13,-0.07,-6.31,-5.03,-0.94,21544.52,21569.16,20487.85,19355.12,19185.18,0.44,0.26,-1.11,-0.59,-0.65,1200000,1200000,1250000,1250000,1250000,50000,24,24,25,25,25
A229200,KODEX 코스닥150,20151001,,일반,코스닥 150,4584991.5,4446987,4453524,4171237.5,4228767,15230,14730,14535,13565,13770,-1.62,-3.28,-1.32,-6.67,1.51,15271.92,14784.82,14548.53,13583.32,13777.75,-0.27,-0.37,-0.09,-0.13,-0.06,301050000,301900000,306400000,307500000,307100000,50000,6021,6038,6128,6150,6142
A229720,KODEX KTOP30,20151014,,일반,KTOP 30,25800,25560,24531,23148,22899,43000,42600,40885,38580,38165,5.26,-0.93,-4.03,-5.64,-1.08,42831.4,42894.03,40695.76,38410.61,38072.9,0.39,-0.69,0.47,0.44,0.24,600000,600000,600000,600000,600000,100000,6,6,6,6,6
A232080,TIGER 코스닥150,20151112,,일반,코스닥 150,1333761,1291030.2,1281384,1212107.2,1255673.7,15545,15005,14800,13840,14055,-1.36,-3.47,-1.37,-6.49,1.55,15560.07,15064.32,14824.33,13843.91,14040.71,-0.1,-0.39,-0.16,-0.03,0.1,85800000,86040000,86580000,87580000,89340000,20000,4290,4302,4329,4379,4467
A233160,TIGER 코스닥150 레버리지,20151217,,레버리지,코스닥 150 레버리지지수,171810,158270,156670.5,139564.5,146510,9960,9310,9030,7885,8050,-2.5,-6.53,-3.01,-12.68,2.09,9903.76,9266.17,8966.06,7797.77,8071.14,0.57,0.47,0.71,1.12,-0.26,17250000,17000000,17350000,17700000,18200000,50000,345,340,347,354,364
A233740,KODEX 코스닥150레버리지,20151217,,레버리지,코스닥 150 레버리지지수,3149400,2915346,2959355,2676240,2793303.5,9050,8465,8225,7200,7345,-2.9,-6.46,-2.84,-12.46,2.01,9016.91,8441.63,8170.95,7105.27,7367.02,0.37,0.28,0.66,1.33,-0.3,348000000,344400000,359800000,371700000,380300000,100000,3480,3444,3598,3717,3803
A234310,RISE V&S셀렉트밸류,20160202,,일반,FnGuide 셀렉트밸류 지수,15097.5,15282.5,14857.5,14395,14115,30195,30565,29715,28790,28230,3.11,1.23,-2.78,-3.11,-1.95,30345.82,30669.96,29897.36,28737.07,28430.43,-0.5,-0.34,-0.61,0.18,-0.7,500000,500000,500000,500000,500000,100000,5,5,5,5,5
A237350,KODEX 코스피100,20160127,,일반,코스피 100,1140521.5,1135344,1091860,1032900,1040600,104635,104160,99260,93900,94600,5.32,-0.45,-4.7,-5.4,0.75,105231.15,104588.87,99069.02,93564.02,94740.43,-0.57,-0.41,0.19,0.36,-0.15,10900000,10900000,11000000,11000000,11000000,50000,218,218,220,220,220
A243880,TIGER 200IT레버리지,20160513,,레버리지,코스피 200 정보기술 레버리지지수,960400,889350,763000,662991,695086,686000,635250,545000,473565,496490,8.54,-7.4,-14.21,-13.11,4.84,690521,628854.52,543121.04,474193.13,500374.24,-0.65,1.02,0.35,-0.13,-0.78,1400000,1400000,1400000,1400000,1400000,25000,56,56,56,56,56
A243890,TIGER 200에너지화학레버리지,20160513,,레버리지,코스피 200 에너지/화학 레버리지지수,5575,5456.25,5293.75,4781.25,4875,8920,8730,8470,7650,7800,-0.56,-2.13,-2.98,-9.68,1.96,8867.1,8630.26,8392.9,7515.92,7692.28,0.6,1.16,0.92,1.78,1.4,625000,625000,625000,625000,625000,25000,25,25,25,25,25
A244580,KODEX 바이오,20160513,,일반,FnGuide 바이오 지수,225412.8,216580.4,220272,208915.2,214121.6,9060,8705,8825,8370,8470,-0.33,-3.92,1.38,-5.16,1.19,9042.12,8737.41,8857.19,8402.22,8333.8,0.2,-0.37,-0.36,-0.38,1.63,24880000,24880000,24960000,24960000,25280000,80000,311,311,312,312,316
A244620,KODEX 모멘텀Plus,20160513,,일반,FnGuide 모멘텀PLUS 지수,16751,16145.5,15477,14465.5,14742,23930,23065,22110,20665,21060,-1.32,-3.61,-4.14,-6.54,1.91,24088.15,23156.55,22246.5,20804.27,21043.71,-0.66,-0.4,-0.61,-0.67,0.08,700000,700000,700000,700000,700000,100000,7,7,7,7,7
A244660,KODEX 퀄리티Plus,20160513,,일반,FnGuide 퀄리티PLUS 지수,4642.5,4645,4685,4622.5,4490,9285,9290,9370,9245,8980,-0.96,0.05,0.86,-1.33,-2.87,9307.83,9304.94,9455.04,9281.67,9169.59,-0.25,-0.16,-0.9,-0.4,-2.07,500000,500000,500000,500000,500000,100000,5,5,5,5,5
A244670,KODEX 밸류Plus,20160513,,일반,FnGuide 밸류PLUS 지수,6966,7026,7170,6948,6756,11610,11710,11950,11580,11260,-1.36,0.86,2.05,-3.1,-2.76,11672.2,11783.52,11912.8,11555.58,11324.27,-0.53,-0.62,0.31,0.21,-0.57,600000,600000,600000,600000,600000,100000,6,6,6,6,6
A250780,TIGER 코스닥150선물인버스,20160810,,인버스 1X ,F-코스닥150 인버스지수,9457.5,9682.75,9453.5,10045.5,9897.5,2425,2515,2555,2715,2675,1.04,3.71,1.59,6.26,-1.47,2439.86,2516.35,2558.5,2721.26,2660.25,-0.61,-0.05,-0.14,-0.23,0.55,3900000,3850000,3700000,3700000,3700000,50000,78,77,74,74,74
A251340,KODEX 코스닥150선물인버스,20160810,,인버스 1X ,F-코스닥150 인버스지수,181500,190500,189111,194400,195078,2420,2500,2535,2700,2665,1.47,3.31,1.4,6.51,-1.3,2448.28,2525.3,2567.25,2732.2,2671.65,-1.16,-1,-1.26,-1.18,-0.25,75000000,76200000,74600000,72000000,73200000,100000,750,762,746,720,732
A251590,PLUS 고배당저변동50,20160811,,일반,FnGuide 고배당저변동50 지수,11753,11795,11889.5,11837,11550,16790,16850,16985,16910,16500,0.09,0.36,0.8,-0.44,-2.42,16829.92,16862.37,17036.95,16888.24,16733.85,-0.24,-0.07,-0.3,0.13,-1.4,700000,700000,700000,700000,700000,50000,14,14,14,14,14
A252000,TIGER 200동일가중,20160920,,일반,코스피 200 동일가중지수,11781,11703,11643,11238,11067,19635,19505,19405,18730,18445,0.46,-0.66,-0.51,-3.48,-1.52,19702.65,19668.55,19596.36,18904.3,18627,-0.34,-0.83,-0.98,-0.92,-0.98,600000,600000,600000,600000,600000,50000,12,12,12,12,12
A252400,RISE 200선물레버리지,20160912,,레버리지,코스피 200 선물레버리지지수,116273.5,114453.5,88497,79032,79872,166105,163505,147495,131720,133120,11.71,-1.57,-9.79,-10.7,1.06,166068.36,163890.05,149323.92,131158.51,133334,0.02,-0.23,-1.22,0.43,-0.16,700000,700000,600000,600000,600000,100000,7,7,6,6,6
A252410,RISE 200선물인버스,20160912,,인버스 1X ,코스피 200 선물인버스 지수,2400,2440,2552,2696,2680,1200,1220,1276,1348,1340,-3.69,1.67,4.59,5.64,-0.59,1207.98,1215.84,1268.77,1347.2,1335.99,-0.66,0.34,0.57,0.06,0.3,2000000,2000000,2000000,2000000,2000000,100000,20,20,20,20,20
A252420,RISE 200선물인버스2X,20160922,,인버스 2X ,코스피 200 선물인버스 -2X 지수,3792.4,3942.1,4341.3,4690.6,4640.7,76,79,87,94,93,-12.64,3.95,10.13,8.05,-1.06,76.49,77.65,84.53,94.67,93.11,-0.64,1.74,2.92,-0.71,-0.12,49900000,49900000,49900000,49900000,49900000,100000,499,499,499,499,499
A252650,KODEX 200동일가중,20160920,,일반,코스피 200 동일가중지수,15160,14988,11190,10836,10662,18950,18735,18650,18060,17770,0.32,-1.13,-0.45,-3.16,-1.61,18876.69,18843.95,18774.76,18110.84,17844.61,0.39,-0.58,-0.66,-0.28,-0.42,800000,800000,600000,600000,600000,100000,8,8,6,6,6
A252670,KODEX 200선물인버스2X,20160922,,인버스 2X ,코스피 200 선물인버스 -2X 지수,923917.5,898517.6,917968.8,1044503.6,1030824,75,76,84,92,90,-10.71,1.33,10.53,9.52,-2.17,74.61,75.56,82.22,92.39,90.83,0.52,0.58,2.16,-0.42,-0.91,12318900000,11822600000,10928200000,11353300000,11453600000,100000,123189,118226,109282,113533,114536
A252710,TIGER 200선물인버스2X,20160922,,인버스 2X ,코스피 200 선물인버스 -2X 지수,30100.2,30648,32287.2,35956.2,34704,78,80,88,98,96,-11.36,2.56,10,11.36,-2.04,79.56,80.7,87.86,98.84,97.06,-1.96,-0.87,0.16,-0.85,-1.09,385900000,383100000,366900000,366900000,361500000,100000,3859,3831,3669,3669,3615
A253150,PLUS 200선물레버리지,20160929,,레버리지,코스피 200 선물레버리지지수,83053.75,81622.5,73620,65605,66271.25,332215,326490,294480,262420,265085,12.13,-1.72,-9.8,-10.89,1.02,331740.1,327520.75,298199.6,261928.36,266431.55,0.14,-0.31,-1.25,0.19,-0.51,250000,250000,250000,250000,250000,50000,5,5,5,5,5
A253160,PLUS 200선물인버스2X,20160922,,인버스 2X ,코스피 200 선물인버스 -2X 지수,1732.8,1767,1820,1882.4,1913.6,152,155,175,181,184,-12.64,1.97,12.9,3.43,1.66,150.96,153.07,166.35,186.89,183.52,0.69,1.26,5.2,-3.15,0.26,11400000,11400000,10400000,10400000,10400000,50000,228,228,208,208,208
A253230,KIWOOM 200선물인버스2X,20160922,,인버스 2X ,코스피 200 선물인버스 -2X 지수,2767.6,2805,2902.8,3186,3115.2,74,75,82,90,88,-8.64,1.35,9.33,9.76,-2.22,73.03,73.97,80.54,90.55,88.97,1.33,1.39,1.81,-0.61,-1.09,37400000,37400000,35400000,35400000,35400000,10000,3740,3740,3540,3540,3540
A253240,KIWOOM 200선물인버스,20160912,,인버스 1X ,코스피 200 선물인버스 지수,1466.44,1474.98,1542.08,1638.46,1629.92,1202,1209,1264,1343,1336,-5.43,0.58,4.55,6.25,-0.52,1209.65,1217.4,1271.36,1348.77,1337.45,-0.63,-0.69,-0.58,-0.43,-0.11,1220000,1220000,1220000,1220000,1220000,10000,122,122,122,122,122
A253250,KIWOOM 200선물레버리지,20160912,,레버리지,코스피 200 선물레버리지지수,76168.2,75265.8,67621.25,56361.8,53496.8,162060,160140,143875,128095,130480,10.11,-1.18,-10.16,-10.97,1.86,162472.34,160464.8,146112.89,128239.19,130398.18,-0.25,-0.2,-1.53,-0.11,0.06,470000,470000,470000,440000,410000,10000,47,47,47,44,41
A253280,RISE 헬스케어,20160923,,일반,FnGuide 헬스케어 지수,8190,7923,8163,7785,7641,13650,13205,13605,12975,12735,-0.04,-3.26,3.03,-4.63,-1.85,13695.77,13279.37,13586.08,12974.74,12746.3,-0.33,-0.56,0.14,0,-0.09,600000,600000,600000,600000,600000,50000,12,12,12,12,12
A261060,TIGER 코스닥150IT,20161215,,일반,코스닥 150 정보기술,33761,32683.2,31026.6,28842,29746.2,25970,24760,23505,21850,22535,-0.21,-4.66,-5.07,-7.04,3.14,25864.22,24749.78,23444.13,21880.58,22626.95,0.41,0.04,0.26,-0.14,-0.41,1300000,1320000,1320000,1320000,1320000,20000,65,66,66,66,66
A261070,TIGER 코스닥150바이오테크,20161215,,일반,코스닥 150 생명기술,62955,60926.8,62466.4,58339,57960,13990,13420,13820,12850,12880,-1.69,-4.07,2.98,-7.02,0.23,13935.46,13472.88,13860.21,12898.63,12867.75,0.39,-0.39,-0.29,-0.38,0.1,4500000,4540000,4520000,4540000,4500000,20000,225,227,226,227,225
A261140,TIGER 우선주,20170106,,일반,코스피 우선주 지수,38276.1,38553,36365,34580,34041,26955,27150,25975,24700,24315,3.75,0.72,-4.33,-4.91,-1.56,26824.2,27204.29,25859.21,24842.51,24217.49,0.49,-0.2,0.45,-0.57,0.4,1420000,1420000,1400000,1400000,1400000,20000,71,71,70,70,70
A266160,RISE 고배당,20170414,,일반,FnGuide 고배당포커스 지수,243967,244348,235775.5,226695,228250.75,38420,38480,37130,35700,35945,6.43,0.16,-3.51,-3.85,0.69,38313.47,38492.09,37069.86,35607.96,35756.07,0.28,-0.03,0.16,0.26,0.53,6350000,6350000,6350000,6350000,6350000,50000,127,127,127,127,127
A266360,KODEX K콘텐츠,20170328,,일반,KRX K콘텐츠,33610.5,33726,34435.5,34023,32620.5,10185,10220,10435,10310,9885,-2.02,0.34,2.1,-1.2,-4.12,10138.07,10189.59,10425.23,10283.23,9955.62,0.46,0.3,0.09,0.26,-0.71,3300000,3300000,3300000,3300000,3300000,100000,33,33,33,33,33
A266370,KODEX IT,20170328,,일반,KRX 정보기술,135192,131768,130900,122459.5,125230.5,84495,82355,77000,72035,73665,4.44,-2.53,-6.5,-6.45,2.26,84804.34,82200.04,77119.72,71827.79,73715.73,-0.36,0.19,-0.16,0.29,-0.07,1600000,1600000,1700000,1700000,1700000,100000,16,16,17,17,17
A266390,KODEX 경기소비재,20170328,,일반,KRX 경기소비재,14836.5,14656.5,14917.5,14638.5,13963.5,16485,16285,16575,16265,15515,-0.63,-1.21,1.78,-1.87,-4.61,16534.52,16377.09,16662.3,16331.85,15611.56,-0.3,-0.56,-0.52,-0.41,-0.62,900000,900000,900000,900000,900000,100000,9,9,9,9,9
A266410,KODEX 필수소비재,20170328,,일반,KRX 필수소비재,12810,12761,13426,13062,12544,9150,9115,9590,9330,8960,-1.61,-0.38,5.21,-2.71,-3.97,9189.33,9153.46,9599.35,9371.66,8998.92,-0.43,-0.42,-0.1,-0.44,-0.43,1400000,1400000,1400000,1400000,1400000,200000,7,7,7,7,7
A266420,KODEX 헬스케어,20170328,,일반,KRX 헬스케어,73472,70889,72037,68962,68675,17920,17290,17570,16820,16750,0.9,-3.52,1.62,-4.27,-0.42,17844.58,17284.59,17638.69,16843.63,16604.6,0.42,0.03,-0.39,-0.14,0.88,4100000,4100000,4100000,4100000,4100000,100000,41,41,41,41,41
A266550,PLUS 중형주저변동50,20170328,,일반,FnGuide 중형주저변동50지수,9322.5,9365,4757.5,4616.25,4505,18645,18730,19030,18465,18020,-0.53,0.46,1.6,-2.97,-2.41,18774.36,18780.01,18964.19,18491.76,18178.7,-0.69,-0.27,0.35,-0.14,-0.87,500000,500000,250000,250000,250000,50000,10,10,5,5,5
A267770,TIGER 200선물레버리지,20170425,,레버리지,코스피 200 선물레버리지지수,302280,297440,268026,240009,243639,137400,135200,121830,109095,110745,11.82,-1.6,-9.89,-10.45,1.51,137469.57,135648.96,123594.38,108680.02,110463.83,-0.05,-0.33,-1.43,0.38,0.25,2200000,2200000,2200000,2200000,2200000,100000,22,22,22,22,22
A270800,RISE KQ고배당,20170707,,일반,FnGuide KQ고배당포커스지수,8698.25,8632.25,8428.75,8230.75,8153.75,15815,15695,15325,14965,14825,1.12,-0.76,-2.36,-2.35,-0.94,15909.99,15717.28,15464.76,14966.5,14892.11,-0.6,-0.14,-0.9,-0.01,-0.45,550000,550000,550000,550000,550000,50000,11,11,11,11,11
A270810,RISE 코스닥150,20170616,,일반,코스닥 150,347729.2,335027,329416.5,309150,314188,15145,14630,14385,13500,13720,-1.27,-3.4,-1.67,-6.15,1.63,15183.81,14700.7,14465.32,13508.43,13700.93,-0.26,-0.48,-0.56,-0.06,0.14,22960000,22900000,22900000,22900000,22900000,20000,1148,1145,1145,1145,1145
A275280,KODEX 모멘텀주,20170711,,일반,MSCI Korea IMI Momentum Capped,41804,41104,38808,36092,36960,52255,51380,48510,45115,46200,5.51,-1.67,-5.59,-7,2.4,52041.06,51286.74,48324.78,45389.76,45938.7,0.41,0.18,0.38,-0.61,0.57,800000,800000,800000,800000,800000,100000,8,8,8,8,8
A275290,KODEX 가치주,20170711,,일반,MSCI Korea IMI Enhanced Value Capped,36436.5,36004.5,34258.5,32706,33237,40485,40005,38065,36340,36930,4.61,-1.19,-4.85,-4.53,1.62,40317.56,40099.83,38244.65,36509.53,36782.68,0.42,-0.24,-0.47,-0.46,0.4,900000,900000,900000,900000,900000,100000,9,9,9,9,9
A275300,KODEX 우량주,20170711,,일반,MSCI Korea IMI Quality Capped,61676,60511.5,57273,54578.5,54672,36280,35595,33690,32105,32160,2.54,-1.89,-5.35,-4.7,0.17,36143.37,35658.05,33859.25,31981.69,32195.54,0.38,-0.18,-0.5,0.39,-0.11,1700000,1700000,1700000,1700000,1700000,100000,17,17,17,17,17
A275750,RISE 코스닥150선물인버스,20170801,,인버스 1X ,F-코스닥150 인버스지수,2223,2295,2326.5,2466,2416.5,2470,2550,2585,2740,2685,1.86,3.24,1.37,6,-2.01,2472.83,2550.34,2592.97,2758.2,2696.27,-0.11,-0.01,-0.31,-0.66,-0.42,900000,900000,900000,900000,900000,50000,18,18,18,18,18
A277630,TIGER 코스피,20170831,,일반,코스피지수,519213.75,512125.5,492922.5,463173,464118.5,84425,83955,80150,75930,76085,5.08,-0.56,-4.53,-5.27,0.2,84391.03,84007.84,79892.07,75618.04,76097.14,0.04,-0.06,0.32,0.41,-0.02,6150000,6100000,6150000,6100000,6100000,50000,123,122,123,122,122
A277640,TIGER 코스피대형주,20170831,,일반,코스피 대형주 지수,82963.25,82325,80028,76104.5,76579.5,44845,44500,42120,40055,40305,5.21,-0.77,-5.35,-4.9,0.62,44861.06,44653.17,42331.97,40003.54,40316.7,-0.04,-0.34,-0.5,0.13,-0.03,1850000,1850000,1900000,1900000,1900000,50000,37,37,38,38,38
A277650,TIGER 코스피중형주,20170831,,일반,코스피 중형주 지수,8556,8474,4213,4053,4023,21390,21185,21065,20265,20115,-1.2,-0.96,-0.57,-3.8,-0.74,21545.1,21419.44,21203.96,20405.67,20193.37,-0.72,-1.09,-0.66,-0.69,-0.39,400000,400000,200000,200000,200000,50000,8,8,4,4,4
A278240,RISE 코스닥150선물레버리지,20170831,,레버리지,F-코스닥150 레버리지지수,68681.25,65087,61799.1,54358.1,56085.4,10175,9700,9210,8065,8260,-3.19,-4.67,-5.05,-12.43,2.42,10121.93,9476.99,9160.1,7991.36,8325.16,0.52,2.35,0.54,0.92,-0.78,6750000,6710000,6710000,6740000,6790000,10000,675,671,671,674,679
A278530,KODEX 200TR,20171121,,일반,코스피 200 TR지수,8869687.5,8795145.75,8375625,7931965.5,7991634,47305,46945,44670,42270,42520,6.09,-0.76,-4.85,-5.37,0.59,47268.39,47041.38,44583.78,42139.03,42540.27,0.08,-0.2,0.19,0.31,-0.05,187500000,187350000,187500000,187650000,187950000,150000,1250,1249,1250,1251,1253
A278540,KODEX MSCI Korea TR,20171109,,일반,MSCI Korea TR Index,3072587.5,3064350,2890044.5,2588976,2623750,46625,46500,43855,41490,41980,6.18,-0.27,-5.69,-5.39,1.18,46602.9,46434.67,43884.67,41423.56,41871.03,0.05,0.14,-0.07,0.16,0.26,65900000,65900000,65900000,62400000,62500000,100000,659,659,659,624,625
A279530,KODEX 고배당주,20171017,,일반,FnGuide 고배당 Plus 지수,333830,334210,332860,324490,319060.5,17570,17590,17800,17540,17435,2.12,0.11,1.19,-1.46,-0.6,17596.72,17689,17844.23,17517.46,17577.89,-0.15,-0.56,-0.25,0.13,-0.81,19000000,19000000,18700000,18500000,18300000,100000,190,190,187,185,183
A279540,KODEX 최소변동성,20171017,,일반,KRX 최소변동성 지수,14052,13878,13569,12939,12684,23420,23130,22615,21565,21140,1.63,-1.24,-2.23,-4.64,-1.97,23574.1,23165.4,22626.06,21477.29,21482.12,-0.65,-0.15,-0.05,0.41,-1.59,600000,600000,600000,600000,600000,100000,6,6,6,6,6
A280920,PLUS 주도업종,20171017,,일반,FnGuide 주도업종 지수,14949,14514.5,14074.5,13282.5,12875.5,27180,26390,25590,24150,23410,3.66,-2.91,-3.03,-5.63,-3.06,27209.25,27129.21,25739.75,24240.31,23700.78,-0.11,-2.72,-0.58,-0.37,-1.23,550000,550000,550000,550000,550000,50000,11,11,11,11,11
A281990,RISE 중소형고배당,20171102,,일반,FnGuide 중소형고배당포커스지수(시장가격지수),9688.25,9685.5,9699.25,9597.5,9495.75,17615,17610,17635,17450,17265,0.34,-0.03,0.14,-1.05,-1.06,17649.16,17651.81,17753.33,17441.14,17365.52,-0.19,-0.24,-0.67,0.05,-0.58,550000,550000,550000,550000,550000,50000,11,11,11,11,11
A284980,RISE 200금융,20171208,,일반,코스피 200 금융,20794.5,21100.5,20961,20565,20025,23105,23445,23290,22850,22250,3.59,1.47,-0.66,-1.89,-2.63,23189.94,23498.05,23487.96,22806.94,22247.45,-0.37,-0.23,-0.84,0.19,0.01,900000,900000,900000,900000,900000,20000,45,45,45,45,45
A285690,FOCUS ESG리더스,20171213,,일반,KRX ESG Leaders 150,8111.25,8048.25,7777,7486.5,7465.5,23175,22995,22220,21390,21330,1.44,-0.78,-3.37,-3.74,-0.28,23135.9,22903.51,22384.46,21399.86,21130.56,0.17,0.4,-0.73,-0.05,0.94,350000,350000,350000,350000,350000,50000,7,7,7,7,7
A289040,KODEX MSCI KOREA ESG유니버설,20180207,,일반,MSCI Korea ESG Universal Capped Index,23676,23244,22158,21309,21339,39460,38740,36930,35515,35565,2.45,-1.82,-4.67,-3.83,0.14,39310.92,38950.06,37157.04,35180.8,35446.3,0.38,-0.54,-0.61,0.95,0.33,600000,600000,600000,600000,600000,100000,6,6,6,6,6
A289250,TIGER MSCI KOREA ESG유니버설,20180207,,일반,MSCI Korea ESG Universal Index,27218.4,28172.7,26696.1,25367.85,25385.1,41240,40830,38690,36765,36790,5.51,-0.99,-5.24,-4.98,0.07,41237.96,40812.74,38914.1,36866.28,37164.6,0,0.04,-0.58,-0.27,-1.01,660000,690000,690000,690000,690000,30000,22,23,23,23,23
A289260,TIGER MSCI KOREA ESG리더스,20180207,,일반,MSCI Korea Country ESG Leaders Capped Index,20466,19848,18828,18030,18096,34110,33080,31380,30050,30160,4.12,-3.02,-5.14,-4.24,0.37,34044.8,33050.71,31614.53,29955.81,30321.92,0.19,0.09,-0.74,0.31,-0.53,600000,600000,600000,600000,600000,30000,20,20,20,20,20
A289480,TIGER 200커버드콜,20180209,,일반,코스피 200 커버드콜 ATM 지수,28819,29118,28520,27991,28347.5,12530,12660,12400,12170,12325,5.69,1.04,-2.05,-1.85,1.27,12690.31,12717.39,12634.55,12255.64,12403.35,-1.26,-0.45,-1.86,-0.7,-0.63,2300000,2300000,2300000,2300000,2300000,100000,23,23,23,23,23
A290080,RISE 200고배당커버드콜ATM,20180227,,일반,코스피 200 고배당커버드콜 ATM 지수(시장가격지수),11243.75,11191.25,11506.25,11725,11646.25,6425,6395,6575,6700,6655,3.63,-0.47,2.81,1.9,-0.67,6423.3,6497.05,6806.39,6807.55,6732.56,0.03,-1.57,-3.4,-1.58,-1.15,1750000,1750000,1750000,1750000,1750000,50000,35,35,35,35,35
A290130,RISE ESG사회책임투자,20180227,,일반,KRX ESG 사회책임경영(S)지수,696420,717797.25,703134,683253,706226,58035,57195,53880,51180,52120,5.45,-1.45,-5.8,-5.01,1.84,57921.6,57237.42,54082.38,51054.19,51905.53,0.2,-0.07,-0.37,0.25,0.41,12000000,12550000,13050000,13350000,13550000,50000,240,251,261,267,271
A291620,KIWOOM 코스닥150선물인버스,20180316,,인버스 1X ,F-코스닥150 인버스지수,2610,2697,2733,2764.5,2713.2,4350,4495,4555,4850,4760,1.4,3.33,1.33,6.48,-1.86,4359.69,4496.05,4571.34,4864.37,4755.82,-0.22,-0.02,-0.36,-0.3,0.09,600000,600000,600000,570000,570000,10000,60,60,60,57,57
A291630,KIWOOM 코스닥150선물레버리지,20180316,,레버리지,F-코스닥150 레버리지지수,4854.8,4531.5,4404.3,3978.5,4121.6,4580,4275,4155,3650,3680,-4.58,-6.66,-2.81,-12.15,0.82,4521.87,4236.97,4099.11,3575.78,3731.65,1.29,0.9,1.36,2.08,-1.38,1060000,1060000,1060000,1090000,1120000,10000,106,106,106,109,112
A292050,RISE KRX300,20180326,,일반,KRX 300,20671,20552,19360.25,18480,18480,59060,58720,55315,52800,52800,5.96,-0.58,-5.8,-4.55,0,58998.73,58658.16,55664.89,52553.88,53111.88,0.1,0.11,-0.63,0.47,-0.59,350000,350000,350000,350000,350000,50000,7,7,7,7,7
A292150,TIGER 코리아TOP10,20180330,,일반,FnGuide TOP10 지수,2368756.5,2361088,2268696.75,2152012.5,2164162,46310,46115,43755,41625,41860,6.71,-0.42,-5.12,-4.87,0.56,46064.42,45867.74,43677.73,41489.05,41887.37,0.53,0.54,0.18,0.33,-0.07,51150000,51200000,51850000,51700000,51700000,50000,1023,1024,1037,1034,1034
A292160,TIGER KRX300,20180326,,일반,KRX 300,28935,28725,27085,25787.5,26137.5,57870,57450,54170,51575,52275,7.03,-0.73,-5.71,-4.79,1.36,57606.91,57276.53,54368.41,51354.26,51875.19,0.46,0.3,-0.36,0.43,0.77,500000,500000,500000,500000,500000,100000,5,5,5,5,5
A292190,KODEX KRX300,20180326,,일반,KRX 300,97308,96679,86256,81776,82576,57240,56870,53910,51110,51610,5.15,-0.65,-5.2,-5.19,0.98,57464.46,57137.39,54218.57,51195.67,51731.33,-0.39,-0.47,-0.57,-0.17,-0.23,1700000,1700000,1600000,1600000,1600000,100000,17,17,16,16,16
A292500,SOL KRX300,20180326,,일반,KRX 300,29482.5,29072.5,27562.5,26095,26135,58965,58145,55125,52190,52270,7.06,-1.39,-5.19,-5.32,0.15,58724.41,58380.32,55412.01,52334.94,52850.07,0.41,-0.4,-0.52,-0.28,-1.1,500000,500000,500000,500000,500000,100000,5,5,5,5,5
A293180,HANARO 200,20180330,,일반,코스피 200,596209.25,593138,564131.75,521050.5,524922,131035,130360,123985,117090,117960,5.69,-0.52,-4.89,-5.56,0.74,131018.69,130395.88,123619.77,116838.27,117978.66,0.01,-0.03,0.3,0.22,-0.02,4550000,4550000,4550000,4450000,4450000,50000,91,91,91,89,89
A294400,KIWOOM 200TR,20180423,,일반,코스피 200 TR지수,2178367.5,2156635.25,2048983.75,1943671.5,1960880,171525,170485,161975,153045,154400,5.81,-0.61,-4.99,-5.51,0.89,171200.02,170372.58,161477.83,152674.22,154152.76,0.19,0.07,0.31,0.24,0.16,12700000,12650000,12650000,12700000,12700000,50000,254,253,253,254,254
A295040,SOL 200TR,20180423,,일반,코스피 200 TR지수,976552.5,985871.25,953314.5,912917.25,917608.5,48950,48685,46390,43785,44010,5.81,-0.54,-4.71,-5.62,0.51,48949.49,48710.39,46191.11,43639.13,44065.61,0,-0.05,0.43,0.33,-0.13,19950000,20250000,20550000,20850000,20850000,150000,133,135,137,139,139
A300610,TIGER K게임,20180724,,일반,WISE K게임 테마 지수,13716,13560,13740,13704,12784,5715,5650,5725,5710,5440,-0.17,-1.14,1.33,-0.26,-4.73,5684.73,5664.5,5753.49,5706.87,5655.97,0.53,-0.26,-0.5,0.05,-3.82,2400000,2400000,2400000,2400000,2350000,50000,48,48,48,48,47
A300640,RISE 게임테마,20180724,,일반,WISE 게임 테마 지수 (시장가격지수),23063.25,23063.25,23563.5,23218.5,23097.75,6685,6685,6830,6730,6695,-2.05,0,2.17,-1.46,-0.52,6728.78,6718.81,6828.26,6765.48,6709.54,-0.65,-0.5,0.03,-0.52,-0.22,3450000,3450000,3450000,3450000,3450000,50000,69,69,69,69,69
A300950,KODEX 게임산업,20180724,,일반,FnGuide 게임 산업 지수,27278,27002,27554,26752.5,26460,5930,5870,5990,5945,5880,-1.5,-1.01,2.04,-0.75,-1.09,5906.06,5863.55,6001.77,5971.5,5872.38,0.41,0.11,-0.2,-0.44,0.13,4600000,4600000,4600000,4500000,4500000,100000,46,46,46,45,45
A301400,PLUS 코스닥150,20180705,,일반,코스닥 150,10766,10402,10279.5,9611,9716,15380,14860,14685,13730,13880,-1.13,-3.38,-1.18,-6.5,1.09,15429.67,14937.37,14697.71,13723.23,13918.44,-0.32,-0.52,-0.09,0.05,-0.28,700000,700000,700000,700000,700000,50000,14,14,14,14,14
A302450,RISE 코스피,20180724,,일반,코스피지수,248316.25,245027,234952.75,220925.5,220586.25,84175,83060,79645,74890,74775,2.46,-1.32,-4.11,-5.97,-0.15,83878.35,83498.1,79381.96,75100.89,75603.28,0.35,-0.52,0.33,-0.28,-1.1,2950000,2950000,2950000,2950000,2950000,50000,59,59,59,59,59
A304760,HANARO KRX300,20180814,,일반,KRX 300,22464,22558,21214,20238,20466,56160,56395,53035,50595,51165,1.65,0.42,-5.96,-4.6,1.13,56493.36,56165.56,53315.49,50368.82,50868.42,-0.59,0.41,-0.53,0.45,0.58,400000,400000,400000,400000,400000,50000,8,8,8,8,8
A304770,HANARO 코스닥150,20180814,,일반,코스닥 150,22199.3,21527.7,21191.9,19834.1,20067.7,15205,14745,14515,13585,13745,-0.91,-3.03,-1.56,-6.41,1.18,15287.53,14802.75,14567.13,13608.25,13801.63,-0.54,-0.39,-0.36,-0.17,-0.41,1460000,1460000,1460000,1460000,1460000,20000,73,73,73,73,73
A304780,HANARO 200선물레버리지,20180814,,레버리지,코스피 200 선물레버리지지수,90729,88425,80523,71988.75,72895.5,201620,196500,178940,159975,161990,11.81,-2.54,-8.94,-10.6,1.26,201494.19,198859.05,180961.63,159312.26,161883.63,0.06,-1.19,-1.12,0.42,0.07,450000,450000,450000,450000,450000,50000,9,9,9,9,9
A305050,ACE 코스피,20181005,,일반,코스피지수,50592,49959,47487,45321,45828,84320,83265,79145,75535,76380,5.53,-1.25,-4.95,-4.56,1.12,83952.74,83570.27,79467.72,75212.24,75685.73,0.44,-0.37,-0.41,0.43,0.92,600000,600000,600000,600000,600000,50000,12,12,12,12,12
A305540,TIGER 2차전지테마,20180912,,일반,WISE 2차전지 테마 지수,891000,875017.75,854122.5,808408.25,804578.25,18000,17695,17255,16315,16205,0.73,-1.69,-2.49,-5.45,-0.67,17925.93,17631.65,17235.33,16247.92,16112.87,0.41,0.36,0.11,0.41,0.57,49500000,49450000,49500000,49550000,49650000,50000,990,989,990,991,993
A305720,KODEX 2차전지산업,20180912,,일반,FnGuide 2차전지 산업 지수,1659743.5,1579760,1518561.5,1447875,1432775,14395,14105,13595,12870,12850,1.37,-2.01,-3.62,-5.33,-0.16,14328.94,14063.2,13696.95,12901.03,12796.72,0.46,0.3,-0.74,-0.24,0.42,115300000,112000000,111700000,112500000,111500000,100000,1153,1120,1117,1125,1115
A306520,HANARO 200선물인버스,20180918,,인버스 1X ,코스피 200 선물인버스 지수,1305,1323,1389,1452,1437,2175,2205,2315,2420,2395,-5.23,1.38,4.99,4.54,-1.03,2184.61,2198.67,2292.82,2422.77,2402.01,-0.44,0.29,0.97,-0.11,-0.29,600000,600000,600000,600000,600000,50000,12,12,12,12,12
A306530,HANARO 코스닥150선물레버리지,20180918,,레버리지,F-코스닥150 레버리지지수,3435.2,3207.2,3110.3,2872,2948,9040,8440,8185,7180,7370,-3.11,-6.64,-3.02,-12.28,2.65,9023.34,8457.27,8177.03,7133.9,7437.05,0.18,-0.2,0.1,0.65,-0.9,380000,380000,380000,400000,400000,20000,19,19,19,20,20
A306950,KODEX KRX300레버리지,20181016,,레버리지,KRX300레버리지,99904,98876,87760,79596,80448,124880,123595,109700,99495,100560,9.95,-1.03,-11.24,-9.3,1.07,125294.21,125803.4,110140.97,97909.04,99493.62,-0.33,-1.76,-0.4,1.62,1.07,800000,800000,800000,800000,800000,100000,8,8,8,8,8
A307510,TIGER 의료기기,20181108,,일반,FnGuide 의료기기 지수,6990,6750,5528,5278,5194,13980,13500,13820,13195,12985,-0.14,-3.43,2.37,-4.52,-1.59,13915.06,13588.95,13847.45,13305.86,13065.54,0.47,-0.65,-0.2,-0.83,-0.62,500000,500000,400000,400000,400000,50000,10,10,8,8,8
A307520,TIGER 지주회사,20181108,,일반,FnGuide 지주회사 지수,327323.5,322372.75,312645,298555,289219.25,22810,22465,21940,21025,20585,0.88,-1.51,-2.34,-4.17,-2.09,22758.16,22590.74,22047.49,21066.1,20622.28,0.23,-0.56,-0.49,-0.2,-0.18,14350000,14350000,14250000,14200000,14050000,50000,287,287,285,284,281
A310960,TIGER 200TR,20181120,,일반,코스피 200 TR지수,395876,394160,383110.5,362149,355784,76130,75800,72285,68330,68420,5.54,-0.43,-4.64,-5.47,0.13,76216.47,75856.38,71938.44,67927.51,68639.04,-0.11,-0.07,0.48,0.59,-0.32,5200000,5200000,5300000,5300000,5200000,100000,52,52,53,53,52
A310970,TIGER MSCI Korea TR,20181120,,일반,MSCI Korea TR Index,5319518,5286830,5024872,4692998,4767000,58585,58225,55340,51685,52500,6.36,-0.61,-4.96,-6.6,1.58,58531.06,58320.29,55117.89,52032.03,52591.07,0.09,-0.16,0.4,-0.67,-0.17,90800000,90800000,90800000,90800000,90800000,100000,908,908,908,908,908
A314700,HANARO 농업융복합산업,20181221,,일반,FnGuide 농업융복합산업지수(시장가격),6055.5,5964.75,6019.75,5846.5,5761.25,11010,10845,10945,10630,10475,-0.72,-1.5,0.92,-2.88,-1.46,11022.49,10901.72,11016.03,10683.56,10418.35,-0.11,-0.52,-0.64,-0.5,0.54,550000,550000,550000,550000,550000,50000,11,11,11,11,11
A315270,TIGER 200커뮤니케이션서비스,20190115,,일반,코스피 200 커뮤니케이션서비스,5128.5,5110.3,4830,4731.6,4674,19725,19655,20125,19715,19475,-1.18,-0.35,2.39,-2.04,-1.22,19690.08,19770.87,20055.41,19826.13,19679.16,0.18,-0.59,0.35,-0.56,-1.04,260000,260000,240000,240000,240000,20000,13,13,12,12,12
A315930,KODEX Top5PlusTR,20190122,,일반,FnGuide TOP 5 Plus Total Return 지수,1661676,1668136.5,1592800,1531200,1519962.5,93880,94245,90500,87000,86855,5.13,0.39,-3.97,-3.87,-0.17,94060.05,94578.84,90615.59,86914.74,86994.84,-0.19,-0.35,-0.13,0.1,-0.16,17700000,17700000,17600000,17600000,17500000,100000,177,177,176,176,175
A315960,RISE 대형고배당10TR,20190122,,일반,WISE 대형고배당10 TR 지수,635800,636174,606662,582250,585812,93500,93555,89215,85000,85520,6.11,0.06,-4.64,-4.72,0.61,93364.7,93839.42,89580.68,85406.72,85544.99,0.14,-0.3,-0.41,-0.48,-0.03,6800000,6800000,6800000,6850000,6850000,50000,136,136,136,137,137
A316670,KIWOOM 코스닥150,20190122,,일반,코스닥 150,41029.4,40489.2,40544,38453.6,39462.5,7570,7335,7240,6770,6875,-1.75,-3.1,-1.3,-6.49,1.55,7613.16,7371.46,7253.32,6773.2,6869.11,-0.57,-0.49,-0.18,-0.05,0.09,5420000,5520000,5600000,5680000,5740000,20000,271,276,280,284,287
A322400,HANARO e커머스,20190423,,일반,FnGuide E커머스 지수(시장가격),36535.5,36138.75,36259.5,35414.25,34569,10590,10475,10510,10265,10020,0.52,-1.09,0.33,-2.33,-2.39,10540.56,10555,10586.26,10262.92,10095.26,0.47,-0.76,-0.72,0.02,-0.75,3450000,3450000,3450000,3450000,3450000,50000,69,69,69,69,69
A322410,HANARO K고배당,20190423,,일반,FnGuide 고배당 알파 지수 (시장가격),43310.5,42411.25,42402,41717.5,41107,22795,22925,22920,22550,22220,1.72,0.57,-0.02,-1.61,-1.46,22753.67,22856.63,23032.35,22670.23,22492.72,0.18,0.3,-0.49,-0.53,-1.21,1900000,1850000,1850000,1850000,1850000,50000,38,37,37,37,37
A325010,KODEX 성장주,20190531,,일반,FnGuide 성장 지수(PR),166912,164016,154320,144640,146640,52160,51255,48225,45200,45825,1.61,-1.74,-5.91,-6.27,1.38,52050.42,51172.21,48399.3,45359.21,45992.6,0.21,0.16,-0.36,-0.35,-0.36,3200000,3200000,3200000,3200000,3200000,100000,32,32,32,32,32
A325020,KODEX 배당가치,20190531,,일반,FnGuide SLV 배당가치 지수,129297,130809,128940,124908,122640,30785,31145,30700,29740,29200,3.03,1.17,-1.43,-3.13,-1.82,30871.19,31235.36,30746.18,29810.48,29286.77,-0.28,-0.29,-0.15,-0.24,-0.3,4200000,4200000,4200000,4200000,4200000,100000,42,42,42,42,42
A326230,RISE 내수주플러스,20190620,,일반,FnGuide 내수주플러스 지수,7344,7289.6,7475.2,7312,6992,11475,11390,11680,11425,10925,-1.33,-0.74,2.55,-2.18,-4.38,11505.14,11428.78,11730.67,11447.23,11113.51,-0.26,-0.34,-0.43,-0.19,-1.7,640000,640000,640000,640000,640000,20000,32,32,32,32,32
A326240,RISE IT플러스,20190620,,일반,FnGuide IT플러스 지수,135139.6,132165.9,124083.2,117915.6,118918.8,51580,50445,47360,44665,45045,3.33,-2.2,-6.12,-5.69,0.85,51670.59,50444.94,47523.96,44529.93,45198.63,-0.18,0,-0.35,0.3,-0.34,2620000,2620000,2620000,2640000,2640000,20000,131,131,131,132,132
A328370,PLUS 코스피TR,20190625,,일반,코스피 TR,143419.5,142380,134442,128520,128772,45530,45200,42680,40800,40880,2.04,-0.72,-5.58,-4.4,0.2,45497.88,45305.98,43055.25,40743.18,41035.1,0.07,-0.23,-0.87,0.14,-0.38,3150000,3150000,3150000,3150000,3150000,50000,63,63,63,63,63
A332500,ACE 200TR,20190828,,일반,코스피 200 TR지수,193424,192071,182688,172876,173800,87920,87305,83040,78580,79000,5.74,-0.7,-4.89,-5.37,0.53,87820.69,87409.34,82827.51,78252.9,79057.15,0.11,-0.12,0.26,0.42,-0.07,2200000,2200000,2200000,2200000,2200000,100000,22,22,22,22,22
A332930,HANARO 200TR,20190828,,일반,코스피 200 TR지수,248428.5,247312,234624.5,222386.5,223097,171330,170560,161810,153370,153860,6.16,-0.45,-5.13,-5.22,0.32,171293.72,170472.77,161648.58,152752.7,154239.55,0.02,0.05,0.1,0.4,-0.25,1450000,1450000,1450000,1450000,1450000,50000,29,29,29,29,29
A332940,HANARO MSCI Korea TR,20190828,,일반,MSCI Korea TR Index,139152,139908,131124,124908,124596,57980,58295,54635,52045,51915,2.26,0.54,-6.28,-4.74,-0.25,58324.86,58116.09,54923.72,51847.26,52408.76,-0.59,0.31,-0.53,0.38,-0.94,2400000,2400000,2400000,2400000,2400000,100000,24,24,24,24,24
A337120,KODEX 멀티팩터,20191114,,일반,FnGuide 멀티팩터 지수,24849,24531,23439,22239,21960,41415,40885,39065,37065,36600,6.08,-1.28,-4.45,-5.12,-1.25,41231.1,41075.36,39086.01,36967.12,37238.02,0.45,-0.46,-0.05,0.26,-1.71,600000,600000,600000,600000,600000,100000,6,6,6,6,6
A337140,KODEX 코스피대형주,20191114,,일반,코스피 대형주 지수,91266,90709.5,85596,81627,82057.5,43460,43195,40760,38870,39075,5.55,-0.61,-5.64,-4.64,0.53,43422.98,43225.45,40973.11,38717.85,39018.57,0.09,-0.07,-0.52,0.39,0.14,2100000,2100000,2100000,2100000,2100000,100000,21,21,21,21,21
A337150,KODEX 200exTOP,20191114,,일반,코스피 200 초대형제외 지수,19558,19418,18641,17853.5,17514,27940,27740,26630,25505,25020,0.85,-0.72,-4,-4.22,-1.9,27920.78,27658.18,26849.69,25610.24,25169.37,0.07,0.3,-0.82,-0.41,-0.59,700000,700000,700000,700000,700000,100000,7,7,7,7,7
A337160,KODEX 200ESG,20191114,,일반,코스피 200 ESG 지수,218006,216676,211185,200109,202078.5,57370,57020,54150,51310,51815,6.29,-0.61,-5.03,-5.24,0.98,57202.11,56852.39,53982.92,51099.13,51598.79,0.29,0.29,0.31,0.41,0.42,3800000,3800000,3900000,3900000,3900000,100000,38,38,39,39,39
A354500,ACE 코스닥150,20200507,,일반,코스닥 150,144572,139684,140928,131808,133680,15380,14860,14680,13730,13925,-1.6,-3.38,-1.21,-6.47,1.42,15423.51,14933.51,14695.07,13725.24,13921.1,-0.28,-0.49,-0.1,0.03,0.03,9400000,9400000,9600000,9600000,9600000,100000,94,94,96,96,96
A359210,KODEX 코스피TR,20200721,,일반,코스피 TR,88410,87538.5,82950,79149,79275,42100,41685,39500,37690,37750,5.46,-0.99,-5.24,-4.58,0.16,41940.71,41750.23,39698.82,37570.57,37811.36,0.38,-0.16,-0.5,0.32,-0.16,2100000,2100000,2100000,2100000,2100000,100000,21,21,21,21,21
A360140,KODEX 200롱코스닥150숏선물,20200821,,일반,코스피 200 롱 100% 코스닥 150 숏 100% 선물지수,56320,57904,54549,56199,55902,25600,26320,24795,25545,25410,7.47,2.81,-5.79,3.02,-0.53,25653.97,26314.02,25478.32,25613.06,25285.95,-0.21,0.02,-2.68,-0.27,0.49,2200000,2200000,2200000,2200000,2200000,100000,22,22,22,22,22
A360150,KODEX 코스닥150롱코스피200숏선물,20200821,,일반,코스닥 150 롱 100% 코스피 200 숏 100% 선물지수,13630,13277.5,13818,13606.5,13724,2900,2825,2940,2895,2920,-7.05,-2.59,4.07,-1.53,0.86,2886.14,2813.02,2893.15,2887.3,2924.43,0.48,0.43,1.62,0.27,-0.15,4700000,4700000,4700000,4700000,4700000,100000,47,47,47,47,47
A361580,RISE 200TR,20200821,,일반,코스피 200 TR지수,557212.5,553875,533368,513980,521157,74295,73850,70180,66320,66815,5.59,-0.6,-4.97,-5.5,0.75,74232.64,73870.23,70019.84,66114.59,66841.84,0.08,-0.03,0.23,0.31,-0.04,7500000,7500000,7600000,7750000,7800000,50000,150,150,152,155,156
A363580,KODEX 200IT TR,20200925,,일반,코스피 200 정보기술 TR,319950,307575,286020,267795,274050,71100,68350,63560,59510,60900,4.1,-3.87,-7.01,-6.37,2.34,71010.5,68360.72,63768.86,59746.24,60922.11,0.13,-0.02,-0.33,-0.4,-0.04,4500000,4500000,4500000,4500000,4500000,100000,45,45,45,45,45
A364690,KODEX 혁신기술테마액티브,20200929,,일반,코스피지수,28398,28020,26508,25104,25062,47330,46700,44180,41840,41770,5.18,-1.33,-5.4,-5.3,-0.17,47434.92,46887.49,44381.68,41716.63,42013.49,-0.22,-0.4,-0.45,0.3,-0.58,600000,600000,600000,600000,600000,100000,6,6,6,6,6
A364960,TIGER BBIG,20201007,,일반,KRX BBIG 지수,80257.5,79150.5,79150.5,76690.5,74476.5,6525,6435,6435,6235,6055,-0.99,-1.38,0,-3.11,-2.89,6548.8,6414.69,6417.05,6223.74,6049.04,-0.36,0.32,0.28,0.18,0.1,12300000,12300000,12300000,12300000,12300000,50000,246,246,246,246,246
A364970,TIGER 바이오TOP10,20201007,,일반,KRX 바이오 TOP 10 지수,284769,279400,285200,271677.5,266656.25,7155,6985,7130,6775,6625,0.07,-2.38,2.08,-4.98,-2.21,7178.33,6993.67,7116.85,6785.03,6616.37,-0.33,-0.12,0.18,-0.15,0.13,39800000,40000000,40000000,40100000,40250000,50000,796,800,800,802,805
A364980,TIGER 2차전지TOP10,20201007,,일반,KRX 2차전지 TOP 10 지수,631148.5,612623.75,591360,561600,552981,9755,9535,9240,8775,8580,1.61,-2.26,-3.09,-5.03,-2.22,9729.99,9556.09,9302.12,8778.95,8646.54,0.26,-0.22,-0.67,-0.04,-0.77,64700000,64250000,64000000,64000000,64450000,50000,1294,1285,1280,1280,1289
A364990,TIGER 게임TOP10,20201007,,일반,KRX 게임 TOP 10 지수,24082.5,23655,24296.25,24462.5,23453,5070,4980,5115,5150,4990,-2.12,-1.78,2.71,0.68,-3.11,5059.57,5008.42,5135.79,5124.83,5007.44,0.21,-0.57,-0.4,0.49,-0.35,4750000,4750000,4750000,4750000,4700000,50000,95,95,95,95,94
A365000,TIGER 인터넷TOP10,20201007,,일반,KRX 인터넷 TOP 10,38456.75,37611,37063.75,36481.5,35275.5,3865,3780,3725,3630,3510,-1.02,-2.2,-1.46,-2.55,-3.31,3857.73,3782.5,3742.23,3622.56,3517.36,0.19,-0.07,-0.46,0.21,-0.21,9950000,9950000,9950000,10050000,10050000,50000,199,199,199,201,201
A365040,TIGER AI코리아그로스액티브,20200929,,일반,코스피지수,84930,84360,80520,79978.5,76130,42465,42180,40260,38085,38065,3.57,-0.67,-4.55,-5.4,-0.05,42269.48,42151.89,40107.45,37910.43,38144.68,0.46,0.07,0.38,0.46,-0.21,2000000,2000000,2000000,2100000,2000000,100000,20,20,20,21,20
A367740,HANARO Fn5G산업,20201029,,일반,FnGuide 5G 산업 지수,25531,24684,23845.25,22651.75,23573,46420,44880,43355,41185,42860,2.38,-3.32,-3.4,-5.01,4.07,46231.89,45035.87,43613.01,41302.75,42096.3,0.41,-0.35,-0.59,-0.29,1.81,550000,550000,550000,550000,550000,50000,11,11,11,11,11
A367760,RISE 네트워크인프라,20201029,,일반,FnGuide 네트워크 인프라 지수,925329,897039,835045.25,773110,789165,75230,72930,67615,62600,63900,4.09,-3.06,-7.29,-7.42,2.08,75072.35,72579.89,67869.64,62980.96,63993.79,0.21,0.48,-0.38,-0.6,-0.15,12300000,12300000,12350000,12350000,12350000,50000,246,246,247,247,247
A367770,RISE 수소경제테마,20201029,,일반,FnGuide 수소경제테마 지수,130147.5,128441.25,123558.75,115920,113190,24790,24465,23535,22080,21560,1.37,-1.31,-3.8,-6.18,-2.36,24713.65,24555.45,23563.26,22184.15,21554.03,0.31,-0.37,-0.12,-0.47,0.03,5250000,5250000,5250000,5250000,5250000,50000,105,105,105,105,105
A368190,HANARO Fn K-뉴딜디지털플러스,20201110,,일반,FnGuide K-뉴딜 디지털 플러스 지수,24752,23920,23888,23248,22480,7735,7475,7465,7265,7025,-0.51,-3.36,-0.13,-2.68,-3.3,7705.29,7566.59,7521.35,7231.62,7058.28,0.39,-1.21,-0.75,0.46,-0.47,3200000,3200000,3200000,3200000,3200000,50000,64,64,64,64,64
A368680,KODEX K-뉴딜디지털플러스,20201110,,일반,FnGuide K-뉴딜 디지털 플러스 지수,6997.5,6799.5,6853.5,6561,6408,7775,7555,7615,7290,7120,1.9,-2.83,0.79,-4.27,-2.33,7768.18,7627.9,7582.42,7289.26,7113.87,0.09,-0.96,0.43,0.01,0.09,900000,900000,900000,900000,900000,100000,9,9,9,9,9
A373490,KODEX 코리아혁신성장액티브,20201224,,일반,FnGuide K-이노베이션 지수,14500,14217.5,13577.5,12637.5,12100,29000,28435,27155,25275,24200,2.11,-1.95,-4.5,-6.92,-4.25,28933.93,28298.46,27060.23,25481.89,25316.41,0.23,0.48,0.35,-0.81,-4.41,500000,500000,500000,500000,500000,50000,10,10,10,10,10
A375760,HANARO 탄소효율그린뉴딜,20210205,,일반,KRX/S&P 탄소효율 그린뉴딜지수,25470,25663.5,24237,23139,22923,28300,28515,26930,25710,25470,3.82,0.76,-5.56,-4.53,-0.93,28576.86,28429.97,27090.87,25601.71,25774.93,-0.97,0.3,-0.59,0.42,-1.18,900000,900000,900000,900000,900000,100000,9,9,9,9,9
A375770,KODEX 탄소효율그린뉴딜,20210205,,일반,KRX/S&P 탄소효율 그린뉴딜지수,52281,51957,48834,46368,46224,29045,28865,27130,25760,25680,5.24,-0.62,-6.01,-5.05,-0.31,28932.64,28785.17,27439.91,25916.88,26098.49,0.39,0.28,-1.13,-0.61,-1.6,1800000,1800000,1800000,1800000,1800000,100000,18,18,18,18,18
A376410,TIGER 탄소효율그린뉴딜,20210205,,일반,KRX/S&P 탄소효율 그린뉴딜지수,25848,25546.5,24282,23175,23179.5,28720,28385,26980,25750,25755,6.94,-1.17,-4.95,-4.56,0.02,28590.64,28439,27127.36,25647.44,25804.12,0.45,-0.19,-0.54,0.4,-0.19,900000,900000,900000,900000,900000,100000,9,9,9,9,9
A377990,TIGER Fn신재생에너지,20210305,,일반,FnGuide 신재생에너지 지수,132177.5,125219.5,120491,110642,111720,26975,25555,24590,22580,22800,-3.02,-5.26,-3.78,-8.17,0.97,26861.93,25617.11,24597.97,22679.67,22887.99,0.42,-0.24,-0.03,-0.44,-0.38,4900000,4900000,4900000,4900000,4900000,50000,98,98,98,98,98
A380340,ACE 코리아AI테크핵심산업,20210402,,일반,FnGuide 코리아AI테크핵심산업지수 (Price Return),38856,37830,35994,33768,33468,32380,31525,29995,28140,27890,1.95,-2.64,-4.85,-6.18,-0.89,32345.27,31427.23,30200.17,28303.24,28091.52,0.11,0.31,-0.68,-0.58,-0.72,1200000,1200000,1200000,1200000,1200000,100000,12,12,12,12,12
A381560,HANARO Fn전기&수소차,20210402,,일반,FnGuide 전기&수소차 지수 (시장가격),26600,26453,25270,24458,23786,19000,18895,18050,17470,16990,1.58,-0.55,-4.47,-3.21,-2.75,18986.02,18835.11,18219.68,17504.92,16994.88,0.07,0.32,-0.93,-0.2,-0.03,1400000,1400000,1400000,1400000,1400000,50000,28,28,28,28,28
A381570,HANARO Fn친환경에너지,20210402,,일반,FnGuide 친환경에너지 지수 (시장가격),8742.25,8415,8194,7735,7718,10285,9900,9640,9100,9080,-1.01,-3.74,-2.63,-5.6,-0.22,10239.15,9962.73,9660.51,9102.42,9067.67,0.45,-0.63,-0.21,-0.03,0.14,850000,850000,850000,850000,850000,50000,17,17,17,17,17
A385510,KODEX 신재생에너지액티브,20210525,,일반,FnGuide K-신재생에너지플러스 지수,320182.5,310380,299670,279468,283668,38810,36950,35675,33270,33770,-1.28,-4.79,-3.45,-6.74,1.5,38642.68,36844.12,35902.42,33332.2,33439.28,0.43,0.29,-0.63,-0.19,0.99,8250000,8400000,8400000,8400000,8400000,50000,165,168,168,168,168
A385520,KODEX 자율주행액티브,20210525,,일반,FnGuide K-미래차 지수,37159.5,36267,35311.5,33432,33222,17695,17270,16815,15920,15820,1.96,-2.4,-2.63,-5.32,-0.63,17631.68,17381.3,16757.76,16018.04,15924.57,0.36,-0.64,0.34,-0.61,-0.66,2100000,2100000,2100000,2100000,2100000,50000,42,42,42,42,42
A385590,ACE ESG액티브,20210525,,일반,MSCI Korea Country ESG Leaders Custom Capped Price return Index,64020.5,62974,59374.5,56844.5,56465,27835,27380,25815,24715,24550,5.94,-1.63,-5.72,-4.26,-0.67,27789.8,27450.73,26124.83,24705.19,24897.63,0.16,-0.26,-1.19,0.04,-1.4,2300000,2300000,2300000,2300000,2300000,100000,23,23,23,23,23
A385600,ACE 2차전지&친환경차액티브,20210525,,일반,FnGuide 친환경자동차밸류체인 지수,18975,18607.5,18030,17512.5,16897.5,12650,12405,12020,11675,11265,0.88,-1.94,-3.1,-2.87,-3.51,12593.93,12474.86,12102.24,11655.29,11355.46,0.45,-0.56,-0.68,0.17,-0.8,1500000,1500000,1500000,1500000,1500000,100000,15,15,15,15,15
A385710,TIME K이노베이션액티브,20210525,,일반,KRX BBIG 지수,12155,11800,11425,10805,10615,12155,11800,11425,10805,10615,0.45,-2.92,-3.18,-5.43,-1.76,12205.17,11779.07,11405.64,10858.23,10699.25,-0.41,0.18,0.17,-0.49,-0.79,1000000,1000000,1000000,1000000,1000000,100000,10,10,10,10,10
A385720,TIME 코스피액티브,20210525,,일반,코스피지수,454524,445042.5,426684,408036,410346,30920,30275,28830,27570,27540,3.53,-2.09,-4.77,-4.37,-0.11,30778.73,30210.25,29096.93,27445.69,27492.6,0.46,0.21,-0.92,0.45,0.17,14700000,14700000,14800000,14800000,14900000,100000,147,147,148,148,149
A387280,TIGER 퓨처모빌리티액티브,20210525,,일반,FnGuide 퓨처모빌리티 지수,17493,17185,16443,15680,15435,12495,12275,11745,11200,11025,1.63,-1.76,-4.32,-4.64,-1.56,12541.43,12323.88,11827.27,11218.07,11106.79,-0.37,-0.4,-0.7,-0.16,-0.74,1400000,1400000,1400000,1400000,1400000,10000,140,140,140,140,140
A388280,RISE K엔터&여행레저,20210610,,일반,FnGuide K엔터&여행레저 지수,28779.3,28745.1,29377.8,28135,27183,8415,8405,8590,8275,7995,-1.35,-0.12,2.2,-3.67,-3.38,8392.37,8446.91,8640.26,8329.47,8047.23,0.27,-0.5,-0.58,-0.65,-0.65,3420000,3420000,3420000,3400000,3400000,20000,171,171,171,170,170
A388420,RISE 비메모리반도체액티브,20210610,,일반,iSelect 비메모리반도체 지수(시장가격지수),306465.9,295929.9,281127.8,265484.8,273844,34905,33705,31730,29630,30700,4.82,-3.44,-5.86,-6.62,3.61,34820.94,33753.54,31631.76,29631.3,30733.46,0.24,-0.14,0.31,0,-0.11,8780000,8780000,8860000,8960000,8920000,20000,439,439,443,448,446
A391670,HK 베스트일레븐액티브,20210706,,일반,코스피 200,22633,22571.25,21076.25,19763.25,20120.75,34820,34725,32425,30405,30955,4.08,-0.27,-6.62,-6.23,1.81,35245.58,34739.99,32622.65,30546.35,30880.59,-1.21,-0.04,-0.61,-0.46,0.24,650000,650000,650000,650000,650000,50000,13,13,13,13,13
A395150,KODEX 웹툰&드라마,20210730,,일반,FnGuide 웹툰&드라마 지수,9204,9188.4,9339.2,9178,9183.2,1770,1767,1796,1765,1766,-0.06,-0.17,1.64,-1.73,0.06,1772.93,1778.39,1802.96,1768.7,1781.81,-0.17,-0.64,-0.39,-0.21,-0.89,5200000,5200000,5200000,5200000,5200000,100000,52,52,52,52,52
A395160,KODEX AI반도체TOP2플러스,20210730,,일반,FnGuide AI반도체 TOP2+ 지수,4972616,4856757,4561110,4282191,4424231,53240,51070,46925,43965,45470,5.43,-4.08,-8.12,-6.31,3.42,53122.34,51194.59,47293.9,44024.14,45354.66,0.22,-0.24,-0.78,-0.13,0.25,93400000,95100000,97200000,97400000,97300000,100000,934,951,972,974,973
A395170,KODEX Top10동일가중,20210730,,일반,FnGuide TOP10 동일가중 지수,38790,38450,36130,33800,33680,19395,19225,18065,16900,16840,4.36,-0.88,-6.03,-6.45,-0.36,19419.89,19295.47,18069.97,16976.61,16842.65,-0.13,-0.37,-0.03,-0.45,-0.02,2000000,2000000,2000000,2000000,2000000,100000,20,20,20,20,20
A395270,HANARO Fn K-반도체,20210730,,일반,FnGuide K-반도체 지수 (시장가격),5260654.5,5007345,4643614.5,4166723.75,4239222.75,75045,72100,66290,61775,64085,5.73,-3.92,-8.06,-6.81,3.74,74700.92,72076.87,66657.01,62132.75,64039.44,0.46,0.03,-0.55,-0.58,0.07,70100000,69450000,70050000,67450000,66150000,50000,1402,1389,1401,1349,1323
A395280,HANARO Fn K-게임,20210730,,일반,FnGuide K-게임 지수 (시장가격),8928,8784,9000,9108,9192,3720,3660,3750,3795,3830,-1.98,-1.61,2.46,1.2,0.92,3730.78,3705.02,3796.8,3776.98,3705.01,-0.29,-1.22,-1.23,0.48,3.37,2400000,2400000,2400000,2400000,2400000,50000,48,48,48,48,48
A395290,HANARO Fn K-POP&미디어,20210730,,일반,FnGuide K-POP&미디어 지수 (시장가격),34437.5,34937,36394,35718.75,34562.5,5510,5635,5870,5715,5530,-3.67,2.27,4.17,-2.64,-3.24,5510.13,5638.74,5862.18,5705.92,5494.12,0,-0.07,0.13,0.16,0.65,6250000,6200000,6200000,6250000,6250000,50000,125,124,124,125,125
A395750,PLUS ESG가치주액티브,20210730,,일반,FnGuide 한화 ESG Value 지수,9672,9508,9114,8692,8788,24180,23770,22785,21730,21970,4.36,-1.7,-4.14,-4.63,1.1,24147.99,23987.47,22967.07,21811.04,21897.33,0.13,-0.91,-0.79,-0.37,0.33,400000,400000,400000,400000,400000,50000,8,8,8,8,8
A395760,PLUS ESG성장주액티브,20210730,,일반,FnGuide 한화 ESG Growth 지수,14901,14718,13764,13347,13395,24835,24530,22940,22245,22325,4.13,-1.23,-6.48,-3.03,0.36,24810.75,24663.92,23601.67,22302.43,22381.23,0.1,-0.54,-2.8,-0.26,-0.25,600000,600000,600000,600000,600000,50000,12,12,12,12,12
A396500,TIGER 반도체TOP10,20210810,,일반,FnGuide 반도체TOP10 지수,11166795,10895825,10234106.25,9599820,10046517,45700,44500,41375,38600,40170,4.23,-2.63,-7.02,-6.71,4.07,45601.1,44427.78,41410.87,38794.48,40246.66,0.22,0.16,-0.09,-0.5,-0.19,244350000,244850000,247350000,248700000,250100000,50000,4887,4897,4947,4974,5002
A400970,TIGER Fn메타버스,20211013,,일반,FnGuide 메타버스테마 지수,42978,43134,43758,43342,42042,8265,8295,8415,8335,8085,-1.96,0.36,1.45,-0.95,-3,8304.77,8288.78,8439.47,8321.03,8044.6,-0.48,0.08,-0.29,0.17,0.5,5200000,5200000,5200000,5200000,5200000,50000,104,104,104,104,104
A401170,RISE 메타버스,20211013,,일반,iSelect 메타버스 지수(시장가격지수),50306.4,50184,49651.6,48944.6,47369,12330,12300,12290,12115,11725,-1.95,-0.24,-0.08,-1.42,-3.22,12372.56,12269.55,12338.39,12078.86,11705.77,-0.34,0.25,-0.39,0.3,0.16,4080000,4080000,4040000,4040000,4040000,20000,204,204,202,202,202
A401470,KODEX 메타버스액티브,20211013,,일반,FnGuide K-메타버스 지수,62067.5,62220,62586,61213.5,61000,10175,10200,10260,10035,10000,2.26,0.25,0.59,-2.19,-0.35,10213.17,10246.26,10309.54,10039.44,9883.22,-0.37,-0.45,-0.48,-0.04,1.18,6100000,6100000,6100000,6100000,6100000,50000,122,122,122,122,122
A402460,HANARO Fn K-메타버스MZ,20211013,,일반,FnGuide K-메타버스 MZ 지수(시장가격),8648.75,8560.75,8475.5,8338,8145.5,15725,15565,15410,15160,14810,-0.47,-1.02,-1,-1.62,-2.31,15729.08,15521.2,15515.53,15213.96,15080.01,-0.03,0.28,-0.68,-0.35,-1.79,550000,550000,550000,550000,550000,50000,11,11,11,11,11
A403790,MIDAS 코스피액티브,20211013,,일반,코스피지수,197554.5,197086.5,189057.38,179200.13,179448.75,67540,67380,64635,61265,61350,5.01,-0.24,-4.07,-5.21,0.14,67581.81,67526.83,64339,61174.27,61440.87,-0.06,-0.22,0.46,0.15,-0.15,2925000,2925000,2925000,2925000,2925000,75000,39,39,39,39,39
A404120,TIME K신재생에너지액티브,20211029,,일반,KRX 기후변화 솔루션지수,19162.5,18875.5,17990,16884,16821,27375,26965,25700,24120,24030,-0.33,-1.5,-4.69,-6.15,-0.37,27543.48,27055.45,25822.14,24212.83,24210.54,-0.61,-0.33,-0.47,-0.38,-0.75,700000,700000,700000,700000,700000,100000,7,7,7,7,7
A404260,KODEX 기후변화솔루션,20211029,,일반,KRX 기후변화 솔루션지수,23530.5,23359.5,22266,20898,20466,26145,25955,24740,23220,22740,-0.53,-0.73,-4.68,-6.14,-2.07,26175.89,25901.42,24735.35,23385.45,23215.25,-0.12,0.21,0.02,-0.71,-2.05,900000,900000,900000,900000,900000,100000,9,9,9,9,9
A404540,TIGER KRX기후변화솔루션,20211029,,일반,KRX 기후변화 솔루션지수,14522.75,10376,9900,9360,9326,26405,25940,24750,23400,23315,1.11,-1.76,-4.59,-5.45,-0.36,26390,26111,24933.51,23567.83,23398.19,0.06,-0.65,-0.74,-0.71,-0.36,550000,400000,400000,400000,400000,50000,11,8,8,8,8
A404650,SOL KRX기후변화솔루션,20211029,,일반,KRX 기후변화 솔루션지수,15642,15555,14829,13965,13836,26070,25925,24715,23275,23060,-1.25,-0.56,-4.67,-5.83,-0.92,26172.36,25904.92,24734.73,23381.58,23212.78,-0.39,0.08,-0.08,-0.46,-0.66,600000,600000,600000,600000,600000,100000,6,6,6,6,6
A407300,HANARO Fn골프테마,20211124,,일반,FnGuide 골프 테마 지수(시장가격),6575.25,6547.75,6429.5,6270,6110.5,11955,11905,11690,11400,11110,0.8,-0.42,-1.81,-2.48,-2.54,12034.46,11981.34,11803.02,11279.39,11183.86,-0.66,-0.64,-0.96,1.07,-0.66,550000,550000,550000,550000,550000,50000,11,11,11,11,11
A407310,HANARO 200 TOP10,20211124,,일반,KOSPI 200 Top 10 지수(시장가격),23448,23430,22266,21108,20778,19540,19525,18555,17590,17315,3.14,-0.08,-4.97,-5.2,-1.56,19607.17,19489.43,18524.99,17565.01,17280.41,-0.34,0.18,0.16,0.14,0.2,1200000,1200000,1200000,1200000,1200000,50000,24,24,24,24,24
A407820,에셋플러스 코리아플랫폼액티브,20211116,,일반,FnGuide 플랫폼 지수(Price Return),12897,12672,12429,11853,11826,7165,7040,6905,6585,6570,1.34,-1.74,-1.92,-4.63,-0.23,7139.24,7020.29,6879.65,6561.19,6535.72,0.36,0.28,0.37,0.36,0.52,1800000,1800000,1800000,1800000,1800000,100000,18,18,18,18,18
A410870,TIME K컬처액티브,20211215,,일반,FnGuide K-컬처 지수,11665.5,11506,11880,11390.5,11055,10605,10460,10800,10355,10050,-3.11,-1.37,3.25,-4.12,-2.95,10539.1,10432.26,10794.3,10306.54,10033.9,0.63,0.27,0.05,0.47,0.16,1100000,1100000,1100000,1100000,1100000,100000,11,11,11,11,11
A411540,SOL 200 Top10,20211209,,일반,KOSPI 200 Top 10 지수(시장가격),28112,29940,28447.5,26970,26737.5,20080,19960,18965,17980,17825,3.59,-0.6,-4.98,-5.19,-0.86,20047.13,19926.28,18937.83,17954.92,17660.73,0.16,0.17,0.14,0.14,0.93,1400000,1500000,1500000,1500000,1500000,100000,14,15,15,15,15
A412560,TIGER BBIG레버리지,20211215,,레버리지,KRX BBIG 레버리지 지수,1171.3,1143.35,1129.7,1071.85,1004.25,1802,1759,1738,1649,1545,-1.85,-2.39,-1.19,-5.12,-6.31,1801.09,1743.7,1742.9,1644.24,1558.72,0.05,0.88,-0.28,0.29,-0.88,650000,650000,650000,650000,650000,50000,13,13,13,13,13
A412570,TIGER 2차전지TOP10레버리지,20211215,,레버리지,KRX 2차전지 TOP 10 레버리지 지수,158432.3,152574,142939.1,127414.35,127540.85,1222,1180,1097,973,971,1.83,-3.44,-7.03,-11.3,-0.21,1204.65,1156.78,1084.99,959.99,941.26,1.44,2.01,1.11,1.36,3.16,129650000,129300000,130300000,130950000,131350000,50000,2593,2586,2606,2619,2627
A413930,WON AI ESG액티브,20220105,,일반,MK-iSelect AI ESG 지수(시장가격지수),18447,18306.75,17215,16244.25,16442.25,33540,33285,31300,29535,29895,4.57,-0.76,-5.96,-5.64,1.22,33742.11,33375.31,31487.74,29603.22,29870.93,-0.6,-0.27,-0.6,-0.23,0.08,550000,550000,550000,550000,550000,50000,11,11,11,11,11
A417630,TIGER KEDI혁신기업ESG30,20220208,,일반,KEDI 혁신기업ESG30 지수(시장가격 지수),22176,21588,20863.5,19918.5,19498.5,21120,20560,19870,18970,18570,0.57,-2.65,-3.36,-4.53,-2.11,21029.22,20627.94,20025.03,18894.45,18636.18,0.43,-0.33,-0.77,0.4,-0.36,1050000,1050000,1050000,1050000,1050000,50000,21,21,21,21,21
A421320,PLUS 우주항공,20220329,,일반,iSelect 우주항공UAM지수,207157.5,209216.25,191919,176358,177488.5,30690,30995,28860,26520,26690,2.37,0.99,-6.89,-8.11,0.64,30760.6,30945.46,29029.64,26578.55,26647.61,-0.23,0.16,-0.58,-0.22,0.16,6750000,6750000,6650000,6650000,6650000,50000,135,135,133,133,133
A422420,RISE 2차전지액티브,20220408,,일반,iSelect 2차전지 지수 (시장가격지수),212568.5,206458.2,201111,186934.8,188160,6835,6630,6450,5980,6000,-1.09,-3,-2.71,-7.29,0.33,6804.09,6639.31,6457.44,6002.78,5996.25,0.45,-0.14,-0.12,-0.38,0.06,31100000,31140000,31180000,31260000,31360000,20000,1555,1557,1559,1563,1568
A427120,RISE AI플랫폼,20220517,,일반,FnGuide AI 플랫폼 지수,3316.5,3296.7,3190.4,3078.4,3004.8,5025,4995,4985,4810,4695,0.6,-0.6,-0.2,-3.51,-2.39,5031.49,4997.5,4960.18,4794.93,4708.77,-0.13,-0.05,0.5,0.31,-0.29,660000,660000,640000,640000,640000,20000,33,33,32,32,32
A433250,UNICORN R&D 액티브,20220706,,일반,코스피 200,10932,10790,10410,9914,10052,27330,26975,26025,24785,25130,3.94,-1.3,-3.52,-4.76,1.39,27370.4,27117.58,25928.87,24686.23,24530.25,-0.15,-0.53,0.37,0.4,2.44,400000,400000,400000,400000,400000,50000,8,8,8,8,8
A433500,ACE 원자력TOP10,20220628,,일반,DeepSearch 원자력 TOP 10 지수 (시장가격지수),244627,241853.5,225351,209580,206115,56890,56245,53655,49900,49075,-0.35,-1.13,-4.6,-7,-1.65,56985.29,56603.25,53801.66,49830.91,49320.62,-0.17,-0.63,-0.27,0.14,-0.5,4300000,4300000,4200000,4200000,4200000,100000,43,43,42,42,42
A434730,HANARO 원자력iSelect,20220628,,일반,iSelect 원자력지수 (시장가격),783480,765657,731929,669735,670763.5,65290,63540,60490,55350,55435,-1.33,-2.68,-4.8,-8.5,0.15,65023.26,63633.16,60644.03,55591.18,55656.89,0.41,-0.15,-0.25,-0.43,-0.4,12000000,12050000,12100000,12100000,12100000,50000,240,241,242,242,242
A434960,DAISHIN343 K200,20220628,,일반,코스피 200,92228.5,91770,87419.5,82460,83086.5,131755,131100,124885,117800,118695,5.75,-0.5,-4.74,-5.67,0.76,131769.92,131160.23,124246.54,117341.05,118571.57,-0.01,-0.05,0.51,0.39,0.1,700000,700000,700000,700000,700000,50000,14,14,14,14,14
A438740,MIDAS 중소형액티브,20220817,,일반,코스피 중형주 지수,8448.75,8222.63,8055,7683.75,7561.57,37550,36545,35800,34150,33607,0.39,-2.68,-2.04,-4.61,-1.59,37663.33,36736.87,35988.91,34116.58,33767.81,-0.3,-0.52,-0.52,0.1,-0.48,225000,225000,225000,225000,225000,75000,3,3,3,3,3
A438900,HANARO Fn K-푸드,20220817,,일반,FnGuide K-푸드 지수 (시장가격),13343.75,13343.75,14397.5,14072.5,13741,10675,10675,11075,10825,10570,-2.2,0,3.75,-2.26,-2.36,10705.95,10732.11,11086.38,10899.26,10634.51,-0.29,-0.53,-0.1,-0.68,-0.61,1250000,1250000,1300000,1300000,1300000,50000,25,25,26,26,26
A441540,HANARO Fn조선해운,20220915,,일반,FnGuide 조선해운지수,80458,81928,76594,73514,71190,28735,29260,27355,26255,25425,0.74,1.83,-6.51,-4.02,-3.16,28736.42,29214.9,27413.95,26179.22,25390.9,0,0.15,-0.22,0.29,0.13,2800000,2800000,2800000,2800000,2800000,50000,56,56,56,56,56
A441800,TIME Korea플러스배당액티브,20220927,,일반,코스피 200,919208.6,917185.1,880852,842836.8,842697,34070,33995,32600,31170,31050,4.29,-0.22,-4.1,-4.39,-0.39,34093.92,34024.4,32780.63,31203.16,31051.16,-0.07,-0.09,-0.55,-0.11,0,26980000,26980000,27020000,27040000,27140000,20000,1349,1349,1351,1352,1357
A442090,에셋플러스 코리아대장장이액티브,20220920,,일반,FnGuide 대장장이 지수(Price Return),49320,48510,46792.5,44535,45525,32880,32340,31195,29690,30350,2.24,-1.64,-3.54,-4.82,2.22,33081.89,32515.3,31170.23,29564.87,30007.52,-0.61,-0.54,0.08,0.42,1.14,1500000,1500000,1500000,1500000,1500000,100000,15,15,15,15,15
A442260,마이티 다이나믹퀀트액티브,20221025,,일반,코스피 200,58918.4,58304,54668.8,52454.4,53088,46030,45550,42710,40980,41475,6.22,-1.04,-6.24,-4.05,1.21,45890.93,45611.68,43152.75,40846.99,41419.26,0.3,-0.14,-1.03,0.33,0.13,1280000,1280000,1280000,1280000,1280000,40000,32,32,32,32,32
A444200,SOL 코리아메가테크액티브,20221018,,일반,KEDI 메가테크지수(PR),630257.5,628608.75,601188.75,567231.25,577566.5,54805,54425,51165,48275,48535,4.37,-0.69,-5.99,-5.65,0.54,54544.36,54173.58,51482.86,48357.45,48292.22,0.48,0.46,-0.62,-0.17,0.5,11500000,11550000,11750000,11750000,11900000,50000,230,231,235,235,238
A445150,KODEX 친환경조선해운액티브,20221115,,일반,FnGuide K-친환경선박 지수,57541.5,57969,55100,52212,50977,30285,30510,29000,27480,26830,0.65,0.74,-4.95,-5.24,-2.37,30353.95,30616.1,29031.48,27582.46,26886.56,-0.23,-0.35,-0.11,-0.37,-0.21,1900000,1900000,1900000,1900000,1900000,50000,38,38,38,38,38
A445290,KODEX 로봇액티브,20221115,,일반,iSelect K-로봇테마 지수,1170924.25,1161655.25,1120479.5,1062945,1059390,32845,32585,31430,29900,29800,1.47,-0.79,-3.54,-4.87,-0.33,32807.36,32688.6,31600.94,29989.94,29790.79,0.11,-0.32,-0.54,-0.3,0.03,35650000,35650000,35650000,35550000,35550000,50000,713,713,713,711,711
A445690,BNK 주주가치액티브,20221027,,일반,FnGuide 주주가치 지수,22256,22252.75,21482.5,20614.75,20543.25,34240,34235,33050,31715,31605,2.15,-0.01,-3.46,-4.04,-0.35,34056.06,34123.43,32899.77,31588.46,31535.67,0.54,0.33,0.46,0.4,0.22,650000,650000,650000,650000,650000,50000,13,13,13,13,13
A445910,TIGER MKF배당귀족,20221018,,일반,MKF 배당귀족 지수(시장가격지수),20390,20510,20730,20195,20325,20390,20510,20730,20195,20325,0.1,0.59,1.07,-2.58,0.64,20510.91,20660.22,20831.23,20341.58,20121.71,-0.59,-0.73,-0.49,-0.72,1.01,1000000,1000000,1000000,1000000,1000000,50000,20,20,20,20,20
A446700,RISE 배터리 리사이클링,20221101,,일반,iSelect 배터리 리사이클링 지수,11711.5,11499.1,11410.6,10785.2,10596.4,9925,9745,9670,9140,8980,1.12,-1.81,-0.77,-5.48,-1.75,9864.66,9803.64,9619.51,9117.99,9011.9,0.61,-0.6,0.52,0.24,-0.35,1180000,1180000,1180000,1180000,1180000,20000,59,59,59,59,59
A447430,ACE 주주환원가치주액티브,20221115,,일반,FnGuide 올라운드 가치주 시장가격지수,46545,47804.75,47509.75,46801.75,45474.25,16050,16205,16105,15865,15415,0.94,0.97,-0.62,-1.49,-2.84,16084.39,16186.08,16195.02,15842.55,15596.06,-0.21,0.12,-0.56,0.14,-1.16,2900000,2950000,2950000,2950000,2950000,50000,58,59,59,59,59
A448100,WON 200,20221216,,일반,코스피 200,138103.38,137303.88,140222.5,132308,133160.5,134735,133955,127475,120280,121055,5.96,-0.58,-4.84,-5.64,0.64,134629.54,133994.32,126938.82,119908.1,121148.12,0.08,-0.03,0.42,0.31,-0.08,1025000,1025000,1100000,1100000,1100000,25000,41,41,44,44,44
A448570,FOCUS AI코리아액티브,20221115,,일반,코스피지수,46977,47054,43679.25,42113.25,41566.5,33555,33610,32355,31195,30790,4.27,0.16,-3.73,-3.59,-1.3,33762.56,33727.36,32755.57,31221.27,30907.14,-0.61,-0.35,-1.22,-0.08,-0.38,1400000,1400000,1350000,1350000,1350000,50000,28,28,27,27,27
A449450,PLUS K방산,20230105,,일반,FnGuide K-방위산업 지수,1290903.6,1307262.6,1207608.75,1092855.75,1054962,63560,64620,59635,54075,52200,3.03,1.67,-7.71,-9.32,-3.47,63439.17,64865.66,59855.98,54444.98,52705.93,0.19,-0.38,-0.37,-0.68,-0.96,20310000,20230000,20250000,20210000,20210000,50000,406.2,404.6,405,404.2,404.2
A450910,SOL 코스닥150,20230131,,일반,코스닥 150,35187.6,33200.5,32671.5,30567,31004,14910,14435,14205,13290,13480,-1.49,-3.19,-1.59,-6.44,1.43,14951.5,14475.96,14244.41,13303.4,13493.36,-0.28,-0.28,-0.28,-0.1,-0.1,2360000,2300000,2300000,2300000,2300000,20000,118,115,115,115,115
A451060,1Q 200액티브,20230131,,일반,코스피 200,485562,481404,463963.5,444078.75,457508.25,42040,41680,39655,37475,37655,6.36,-0.86,-4.86,-5.5,0.48,41930.64,41738.06,39554.49,37347.81,37770.28,0.26,-0.14,0.25,0.34,-0.31,11550000,11550000,11700000,11850000,12150000,150000,77,77,78,79,81
A454320,HANARO CAPEX설비투자iSelect,20230418,,일반,iSelect CAPEX 설비투자 지수(시장가격),111475,108137.5,104862.5,97187.5,99832.5,44590,43255,41945,38875,39150,-1.51,-2.99,-3.03,-7.32,0.71,44511.5,43428.02,41960.89,39020.31,39314.09,0.18,-0.4,-0.04,-0.37,-0.42,2500000,2500000,2500000,2500000,2550000,50000,50,50,50,50,51
A455850,SOL AI반도체소부장,20230425,,일반,FnGuide AI 반도체 소부장 지수,1137752.5,1079716,1024632,981245,1020025.5,27025,25465,23940,22150,23530,-1.04,-5.77,-5.99,-7.48,6.23,26911.97,25414.27,24041.38,22309.01,23537.33,0.42,0.2,-0.42,-0.71,-0.03,42100000,42400000,42800000,44300000,43350000,50000,842,848,856,886,867
A455860,SOL 2차전지소부장Fn,20230425,,일반,FnGuide 2차전지 소부장 지수(PR),107406,106875,104043,96552.25,97290,4590,4500,4390,4135,4140,0.44,-1.96,-2.44,-5.81,0.12,4580.07,4512.63,4406.45,4140.65,4132.77,0.22,-0.28,-0.37,-0.14,0.17,23400000,23750000,23700000,23350000,23500000,50000,468,475,474,467,470
A457930,BNK 미래전략기술액티브,20230620,,일반,iSelect 미래전략기술 지수 (PR),9054,9042,8776.5,8308.5,8413.5,30180,30140,29255,27695,28045,3.18,-0.13,-2.94,-5.33,1.26,30372.84,30313.93,29140.15,27601.79,27605.64,-0.63,-0.57,0.39,0.34,1.59,300000,300000,300000,300000,300000,50000,6,6,6,6,6
A457990,PLUS 태양광&ESS,20230620,,일반,FnGuide 태양광&ESS 지수,113744,109931.25,107786.25,101788.5,103950,35545,33825,33165,30845,31500,-4.11,-4.84,-1.95,-7,2.12,35623.47,33958.21,33335,31073.77,31485.51,-0.22,-0.39,-0.51,-0.74,0.05,3200000,3250000,3250000,3300000,3300000,50000,64,65,65,66,66
A461450,KODEX 코스닥글로벌,20230629,,일반,코스닥 글로벌 지수,24780,23857.5,23505,21907.5,21960,16520,15905,15670,14605,14640,-1.87,-3.72,-1.48,-6.8,0.24,16491.76,15855.17,15714.92,14642.91,14750.87,0.17,0.31,-0.29,-0.26,-0.75,1500000,1500000,1500000,1500000,1500000,100000,15,15,15,15,15
A461580,TIGER 코스닥글로벌,20230629,,일반,코스닥 글로벌 지수,11833.5,11329.5,11263,9685,11265,16905,16185,16090,14900,15020,-1.6,-4.26,-0.59,-7.4,0.81,16832.13,16185.72,16043.02,14953.74,15063.29,0.43,0,0.29,-0.36,-0.29,700000,700000,700000,650000,750000,50000,14,14,14,13,15
A461950,KODEX 2차전지핵심소재10,20230704,,일반,FnGuide 2차전지핵심소재10 지수,164668.5,162361.25,158957.5,149187,146686.5,4945,4825,4745,4460,4405,0.41,-2.43,-1.66,-6.01,-1.23,4919.9,4847.16,4739.25,4440.82,4426.65,0.51,-0.46,0.12,0.43,-0.49,33300000,33650000,33500000,33450000,33300000,50000,666,673,670,669,666
A462010,TIGER 2차전지소재Fn,20230713,,일반,FnGuide 2차전지소재 (Price Return) 지수,520326.25,509667.75,500781,470418,472281.25,4925,4815,4740,4440,4445,0.1,-2.23,-1.56,-6.33,0.11,4903.34,4834.85,4742.88,4442.27,4436.45,0.44,-0.41,-0.06,-0.05,0.19,105650000,105850000,105650000,105950000,106250000,50000,2113,2117,2113,2119,2125
A462330,KODEX 2차전지산업레버리지,20230704,,레버리지,FnGuide 2차전지 산업 레버리지(2x) 지수,615846,594297,567399.6,504718.2,505938,1085,1035,982,861,860,0.65,-4.61,-5.12,-12.32,-0.12,1077.59,1034.97,978.26,863.67,854.6,0.69,0,0.38,-0.31,0.63,567600000,574200000,577800000,586200000,588300000,100000,5676,5742,5778,5862,5883
A462900,KoAct 바이오헬스케어액티브,20230803,,일반,iSelect 바이오헬스케어 PR 지수,476836,449901.5,464610.5,433650,429792,16330,15355,15830,14700,14520,-2.3,-5.97,3.09,-7.14,-1.22,16275.56,15391,15786.81,14710.73,14511.54,0.33,-0.23,0.27,-0.07,0.06,29200000,29300000,29350000,29500000,29600000,50000,584,586,587,590,592
A463050,TIME K바이오액티브,20230817,,일반,KRX 헬스케어,282292.5,268300,273181.25,257883,252567,14150,13415,13625,12830,12660,-0.81,-5.19,1.57,-5.83,-1.33,14071.59,13436.79,13731.19,12936.53,12739.64,0.56,-0.16,-0.77,-0.82,-0.63,19950000,20000000,20050000,20100000,19950000,50000,399,400,401,402,399
A463250,TIGER K방산&우주,20230725,,일반,iSelect K방산&우주,673465,677621.25,645628.75,587422.5,571007.5,39850,40455,38545,35070,34090,3.24,1.52,-4.72,-9.02,-2.79,40013.5,40394.44,38782.12,35211.91,34380.8,-0.41,0.15,-0.61,-0.4,-0.85,16900000,16750000,16750000,16750000,16750000,50000,338,335,335,335,335
A464600,SOL 자동차소부장Fn,20230822,,일반,FnGuide 자동차소부장지수(PR),27594,25660,24675,24690.75,23060,26280,25660,24675,23515,23060,1.37,-2.36,-3.84,-4.7,-1.93,26268.43,25770.71,24775.21,23600.99,23197.43,0.04,-0.43,-0.4,-0.36,-0.59,1050000,1000000,1000000,1050000,1000000,50000,21,20,20,21,20
A464610,SOL 의료기기소부장Fn,20230822,,일반,FnGuide 의료기기소부장지수(PR),15318,14874,16038.75,15570.75,15249,8280,8040,8225,7985,7820,-1.31,-2.9,2.3,-2.92,-2.07,8282.87,8035.66,8217.31,8005.67,7838.85,-0.03,0.05,0.09,-0.26,-0.24,1850000,1850000,1950000,1950000,1950000,50000,37,37,39,39,39
A465330,RISE 2차전지TOP10,20230912,,일반,iSelect 2차전지 TOP10 지수(PR),62211,62627.25,61129.38,56047.75,55389.38,10680,10570,10405,9790,9675,0.8,-1.03,-1.56,-5.91,-1.17,10685.88,10532.77,10365.99,9748.35,9683.67,-0.06,0.35,0.38,0.43,-0.09,5825000,5925000,5875000,5725000,5725000,25000,233,237,235,229,229
A465350,RISE 2차전지TOP10인버스(합성),20230912,,인버스 1X ,iSelect 2차전지 TOP10 인버스 지수(PR),41830,42297.25,43276.25,40500,40660,18800,19010,19450,20250,20330,0.19,1.12,2.31,4.11,0.4,18761.33,19036.33,19343.56,20524.46,20665.14,0.21,-0.14,0.55,-1.34,-1.62,2225000,2225000,2225000,2000000,2000000,25000,89,89,89,80,80
A466810,BNK 2차전지양극재,20231019,,일반,iSelect 2차전지양극재 지수,7854,7770,7644,7161,7344.25,5610,5550,5460,5115,5065,0.81,-1.07,-1.62,-6.32,-0.98,5586.13,5529.97,5438.79,5092.49,5093.96,0.43,0.36,0.39,0.44,-0.57,1400000,1400000,1400000,1400000,1450000,50000,28,28,28,28,29
A466920,SOL 조선TOP3플러스,20231005,,일반,FnGuide 조선TOP3플러스지수(PR),1669910,1713901.75,1558500,1452002.5,1422060,32300,33055,30000,27950,27400,0.59,2.34,-9.24,-6.83,-1.97,32269.36,33205.96,29990.63,28032.79,27299.89,0.09,-0.45,0.03,-0.3,0.37,51700000,51850000,51950000,51950000,51900000,50000,1034,1037,1039,1039,1038
A466930,SOL 자동차TOP3플러스,20231005,,일반,FnGuide 자동차TOP3플러스지수(PR),342898.5,344925.25,324952.5,320346,302714.75,30345,30935,29275,28860,27395,2.76,1.94,-5.37,-1.42,-5.08,30301.19,30889.16,29429.38,28816.95,27481.57,0.14,0.15,-0.52,0.15,-0.32,11300000,11150000,11100000,11100000,11050000,50000,226,223,222,222,221
A466940,TIGER 은행고배당플러스TOP10,20231017,,일반,FnGuide 은행고배당플러스TOP10 지수(시장가격 지수),821117.25,823683.5,830432.25,819802.5,798761.25,26445,26485,26745,26150,25725,4.34,0.15,0.98,-2.22,-1.63,26406.3,26577.47,26884.33,26199.01,25663.97,0.15,-0.35,-0.52,-0.19,0.24,31050000,31100000,31050000,31350000,31050000,50000,621,622,621,627,621
A469070,RISE AI&로봇,20231024,,일반,iSelect AI&로봇 지수(시장가격),358475,354306.75,343728,326639.25,326978,11030,10885,10560,10035,10030,0,-1.31,-2.99,-4.97,-0.05,11039.39,10935.03,10617.72,10083.81,10047.72,-0.09,-0.46,-0.54,-0.48,-0.18,32500000,32550000,32550000,32550000,32600000,50000,650,651,651,651,652
A469150,ACE AI반도체TOP3+,20231017,,일반,FnGuide AI 반도체 TOP3+ 지수,1347233,1323177,1248881.5,1103217.75,1150885,69445,68205,63395,59795,62210,5.95,-1.79,-7.05,-5.68,4.04,69474.88,68187.38,63836.8,59773.14,62367.31,-0.04,0.03,-0.69,0.04,-0.25,19400000,19400000,19700000,18450000,18500000,50000,388,388,394,369,370
A469170,ACE 포스코그룹포커스,20231017,,일반,FnGuide 포스코그룹포커스 지수(시장가격),103037,103957.75,102249,97403,97410,5510,5515,5410,5140,5100,-1.43,0.09,-1.9,-4.99,-0.78,5509.73,5494.56,5406.1,5148.34,5123.15,0,0.37,0.07,-0.16,-0.45,18700000,18850000,18900000,18950000,19100000,50000,374,377,378,379,382
A469790,KIWOOM 코리아테크TOP10,20231031,,일반,Solactive K-TechTOP10 Index(PR),52070,51140,48210,36752,36944,52070,51140,48210,45940,46180,5.27,-1.79,-5.73,-4.71,0.52,51962.77,51036.82,48478.7,45831.79,46249.77,0.21,0.2,-0.55,0.24,-0.15,1000000,1000000,1000000,800000,800000,100000,10,10,10,8,8
A470310,UNICORN 생성형AI강소기업액티브,20231121,,일반,iSelect AI 지수,5128.5,5062.5,5053.5,4837.5,4770,17095,16875,16845,16125,15900,1.7,-1.29,-0.18,-4.27,-1.4,17167.96,16851.85,16722.74,16181.32,15844.49,-0.42,0.14,0.73,-0.35,0.35,300000,300000,300000,300000,300000,50000,6,6,6,6,6
A471760,TIGER AI반도체핵심공정,20231121,,일반,iSelect AI반도체핵심공정지수,146850,140175,134799.75,125749.75,131541.75,16500,15750,14895,13895,14535,2.61,-4.55,-5.43,-6.71,4.61,16498.56,15754.72,14940.25,13947.89,14523.02,0.01,-0.03,-0.3,-0.38,0.08,8900000,8900000,9050000,9050000,9050000,50000,178,178,181,181,181
A471780,TIGER 코리아테크액티브,20231128,,일반,KRX 정보기술,319680,311315,287716.25,269736.25,278824,44400,42940,39685,37205,38300,4.52,-3.29,-7.58,-6.25,2.94,44292.72,42724.96,39908.08,37367.78,38305.73,0.24,0.5,-0.56,-0.44,-0.01,7200000,7250000,7250000,7250000,7280000,10000,720,725,725,725,728
A471990,KODEX AI반도체핵심장비,20231121,,일반,iSelect AI 반도체핵심장비 지수,416670,402882,382049,349320,372921.5,25800,24270,23015,21300,22670,-2.48,-5.93,-5.17,-7.45,6.43,25693.35,24366.6,23118.91,21376.74,22709.38,0.42,-0.4,-0.45,-0.36,-0.17,16150000,16600000,16600000,16400000,16450000,50000,323,332,332,328,329
A472150,TIGER 배당커버드콜액티브,20231212,,일반,코스피 200 커버드콜 5% OTM 지수(PR 지수),2409422.4,2392374.6,2297244.9,2177265.6,2205815.85,25440,25260,23865,22560,22785,5.85,-0.71,-5.52,-5.47,1,25415.42,25284.82,23938.76,22541.48,22782.68,0.1,-0.1,-0.31,0.08,0.01,94710000,94710000,96260000,96510000,96810000,10000,9471,9471,9626,9651,9681
A472720,TRUSTON 주주가치액티브,20231214,,일반,코스피 200,15220.4,15111.2,14487.2,13868.4,13954.2,29270,29060,27860,26670,26835,4.55,-0.72,-4.13,-4.27,0.62,29101.63,28948.28,27983.32,26794.27,26699.12,0.58,0.39,-0.44,-0.46,0.51,520000,520000,520000,520000,520000,20000,26,26,26,26,26
A472840,IBK 200,20231221,,일반,코스피 200,48931.88,48545.63,45590.63,43492.5,43794.38,130485,129455,121575,115980,116785,6.6,-0.79,-6.09,-4.6,0.69,130025.35,129409.76,122671.63,115927.83,117075.6,0.35,0.03,-0.89,0.05,-0.25,375000,375000,375000,375000,375000,25000,15,15,15,15,15
A474590,WON 반도체밸류체인액티브,20240116,,일반,FnGuide 반도체 밸류체인 (Price Return) 지수,429826.75,418209.75,412136.5,392713.75,409587.75,54755,52605,49655,46475,47905,3.95,-3.93,-5.61,-6.4,3.08,54646.83,52847.89,49554.79,46667.63,48203.93,0.2,-0.46,0.2,-0.41,-0.62,7850000,7950000,8300000,8450000,8550000,50000,157,159,166,169,171
A475050,ACE KPOP포커스,20240130,,일반,iSelect K-POP 포커스지수(시장가격),106506.5,108999.5,114738.75,112189.25,106807.5,7690,7870,8225,7985,7575,-3.75,2.34,4.51,-2.92,-5.13,7683.8,7889.37,8207.02,7954.38,7571.71,0.08,-0.25,0.22,0.38,0.04,13850000,13850000,13950000,14050000,14100000,50000,277,277,279,281,282
A475300,SOL 반도체전공정,20240214,,일반,FnGuide 반도체 전공정 지수(PR),304725,328522,319962.5,296725,300268,25500,23720,22375,20750,21680,-2.04,-6.98,-5.67,-7.26,4.48,25412.96,23833.6,22439.21,20870.17,21838.37,0.34,-0.48,-0.29,-0.58,-0.73,11950000,13850000,14300000,14300000,13850000,50000,239,277,286,286,277
A475310,SOL 반도체후공정,20240214,,일반,FnGuide 반도체 후공정 지수(PR),79156,78474,72632.25,67245.75,67265,28270,27060,25485,23595,24460,-0.34,-4.28,-5.82,-7.42,3.67,28181.03,26986.2,25551.06,23693.15,24591.4,0.32,0.27,-0.26,-0.41,-0.53,2800000,2900000,2850000,2850000,2750000,50000,56,58,57,57,55
A475720,RISE 200위클리커버드콜,20240305,,일반,코스피 200 위클리 커버드콜 ATM 지수,926445.75,916285.5,895442.5,853008,858312,14835,14755,14270,13670,13755,4.11,-0.54,-3.29,-4.2,0.62,14779.02,14836.23,14289.48,13616.36,13758.43,0.38,-0.55,-0.14,0.39,-0.02,62450000,62100000,62750000,62400000,62400000,50000,1249,1242,1255,1248,1248
A476000,UNICORN 포스트IPO액티브,20240227,,일반,iSelect 포스트 IPO 지수,3553,3520,3478.75,3212,3124,6460,6400,6325,5840,5680,-2.05,-0.93,-1.17,-7.67,-2.74,6526.97,6356.85,6288.04,5825.98,5750.54,-1.03,0.68,0.59,0.24,-1.23,550000,550000,550000,550000,550000,50000,11,11,11,11,11
A476260,HANARO 반도체핵심공정주도주,20240227,,일반,FnGuide 반도체 핵심공정 주도주 지수,53733.75,61740,58522.5,53078.5,53300,15575,14700,13770,12790,13325,0.97,-5.62,-6.33,-7.12,4.18,15550.6,14685.43,13763.07,12840.05,13232.8,0.16,0.1,0.05,-0.39,0.7,3450000,4200000,4250000,4150000,4000000,50000,69,84,85,83,80
A476850,KoAct 배당성장액티브,20240227,,일반,코스피지수,113590.75,113499.75,108472,103330.5,103376,24965,24945,23840,22710,22720,4.41,-0.08,-4.43,-4.74,0.04,25024.76,24865.05,23937.75,22718.36,22700.78,-0.24,0.32,-0.41,-0.04,0.08,4550000,4550000,4550000,4550000,4550000,50000,91,91,91,91,91
A479850,HANARO K-뷰티,20240416,,일반,FnGuide K-뷰티 지수,26240,25148.75,25365,24517.5,23400,16400,16225,16910,16345,15600,-1.32,-1.07,4.22,-3.34,-4.56,16376.04,16296.22,17012.3,16452.13,15656.77,0.15,-0.44,-0.6,-0.65,-0.36,1600000,1550000,1500000,1500000,1500000,50000,32,31,30,30,30
A482030,KoAct 반도체&2차전지핵심소재액티브,20240514,,일반,iSelect 반도체&2차전지핵심소재 지수,10069.5,9780.75,9350.25,8688.75,8804.25,9590,9315,8905,8275,8385,1.16,-2.87,-4.4,-7.07,1.33,9567.74,9258.45,8939.53,8328.92,8459.98,0.23,0.61,-0.39,-0.65,-0.89,1050000,1050000,1050000,1050000,1050000,50000,21,21,21,21,21
A483020,KIWOOM 의료AI,20240528,,일반,FnGuide 의료AI 지수,5880,5721,5802,5583,5493,9800,9535,9670,9305,9155,1.24,-2.7,1.42,-3.77,-1.61,9776.01,9557.18,9640.98,9328.01,9122.86,0.25,-0.23,0.3,-0.25,0.35,600000,600000,600000,600000,600000,50000,12,12,12,12,12
A484880,SOL 금융지주플러스고배당,20240625,,일반,FnGuide 금융지주플러스고배당 지수(PR),348864.25,351075,353032.5,341998,335704.5,22435,22650,22850,22280,21870,4.52,0.96,0.88,-2.49,-1.84,22477.22,22640.67,22843.69,22267.45,21905.94,-0.19,0.04,0.03,0.06,-0.16,15550000,15500000,15450000,15350000,15350000,50000,311,310,309,307,307
A486240,DAISHIN343 AI반도체&인프라액티브,20240618,,일반,FnGuide AI반도체&인프라 지수,110416,108960,101344,94800,102986,34505,34050,31670,29625,30290,4.4,-1.32,-6.99,-6.46,2.24,34358.04,33514.39,31529.57,29514.91,30160.58,0.43,1.6,0.45,0.37,0.43,3200000,3200000,3200000,3200000,3400000,100000,32,32,32,32,34
A487130,KoAct AI인프라액티브,20240709,,일반,Solactive AI인프라 지수,76762.5,73370,68781.5,64469,65619,33375,31900,29905,28030,28530,-0.73,-4.42,-6.25,-6.27,1.78,33223.12,31974.31,30002.83,28035.49,28744.39,0.46,-0.23,-0.33,-0.02,-0.75,2300000,2300000,2300000,2300000,2300000,50000,46,46,46,46,46
A487240,KODEX AI전력핵심설비,20240709,,일반,iSelect AI 전력핵심설비 지수(Price Return),3504847.5,3394365,3239595,2961840,3018724,42075,40170,37890,34400,35020,-2.84,-4.53,-5.68,-9.21,1.8,41878.08,40134.75,37998.49,34565.29,35066.95,0.47,0.09,-0.29,-0.48,-0.13,83300000,84500000,85500000,86100000,86200000,100000,833,845,855,861,862
A487750,BNK 온디바이스AI,20240723,,일반,FnGuide 온디바이스AI 지수,14800,14416,13484,12694,13090,37000,36040,33710,31735,32725,4.28,-2.59,-6.47,-5.86,3.12,37234,36124.83,33906.63,31791.57,32881.51,-0.63,-0.23,-0.58,-0.18,-0.48,400000,400000,400000,400000,400000,50000,8,8,8,8,8
A488080,TIGER 반도체TOP10레버리지,20240723,,레버리지,FnGuide 반도체TOP10레버리지(2x) 지수(PR),730240,688856,606850,532380,573004.75,65200,61505,53000,46700,50485,8.41,-5.67,-13.83,-11.89,8.1,64675.49,61748.39,53565.25,47130.09,50366.44,0.81,-0.39,-1.06,-0.91,0.24,11200000,11200000,11450000,11400000,11350000,50000,224,224,229,228,227
A488200,KIWOOM K-2차전지북미공급망,20240723,,일반,Solactive K-Battery North America Supply Chain 지수,10184,10040,9176.25,8655,8343.75,12730,12550,12235,11540,11125,-0.47,-1.41,-2.51,-5.68,-3.6,12818.27,12556.44,12287.89,11551.33,11284.66,-0.69,-0.05,-0.43,-0.1,-1.41,800000,800000,750000,750000,750000,50000,16,16,15,15,15
A488210,KIWOOM K-반도체북미공급망,20240723,,일반,Solactive K-Semiconductor North America Supply Chain 지수,5328,5043,4817,4508,4638,26640,25215,24085,22540,23190,3.9,-5.35,-4.48,-6.41,2.88,26639.56,25231.41,24115.42,22446.35,23335.49,0,-0.07,-0.13,0.42,-0.62,200000,200000,200000,200000,200000,50000,4,4,4,4,4
A489030,PLUS 고배당주위클리커버드콜,20240813,,일반,코스피 고배당 위클리 콜매도 ATM 지수,283768,290054,293783.75,292422,284797.5,6320,6460,6565,6520,6350,0.32,2.22,1.63,-0.69,-2.61,6326.86,6456.11,6588.42,6517.73,6396.86,-0.11,0.06,-0.36,0.03,-0.73,44900000,44900000,44750000,44850000,44850000,50000,898,898,895,897,897
A490480,SOL K방산,20241002,,일반,KEDI K방산 지수(PR),96512,96700.5,91872,83911.5,82836,33280,33930,31680,28935,28080,2.46,1.95,-6.63,-8.66,-2.95,33305.62,34003.9,31720.49,29055.52,28246.49,-0.08,-0.22,-0.13,-0.41,-0.59,2900000,2850000,2900000,2900000,2950000,50000,58,57,58,58,59
A491220,PLUS 200TR,20240910,,일반,코스피 200 TR지수,61936,61684,65097,62259.75,62653.5,154840,154210,144660,138355,139230,6.61,-0.41,-6.19,-4.36,0.63,154992.71,154297.44,146231.35,138079.91,139609.72,-0.1,-0.06,-1.07,0.2,-0.27,400000,400000,450000,450000,450000,50000,8,8,9,9,9
A491510,파워 K-주주가치액티브,20240924,,일반,FnGuide K-주주가치 지수,16290,16465.5,16443,16096.5,15732,18100,18295,18270,17885,17480,2.58,1.08,-0.14,-2.11,-2.26,18217.75,18380.92,18406.96,18013,17605.46,-0.65,-0.47,-0.74,-0.71,-0.71,900000,900000,900000,900000,900000,50000,18,18,18,18,18
A491700,HK 200,20240910,,일반,코스피 200,78297,78288,74049,71121,70599,130495,130480,123415,118535,117665,4.46,-0.01,-5.41,-3.95,-0.73,131625.58,130999.34,124171.37,117351.65,118503.68,-0.86,-0.4,-0.61,1.01,-0.71,600000,600000,600000,600000,600000,50000,12,12,12,12,12
A491820,HANARO 전력설비투자,20240924,,일반,iSelect 전력설비투자 지수,180936,172116,166184.5,150453,157275,50260,47810,45530,41220,41940,-2.91,-4.87,-4.77,-9.47,1.75,50088.89,48000.12,45466.29,41379.7,41971.12,0.34,-0.4,0.14,-0.39,-0.07,3600000,3600000,3650000,3650000,3750000,50000,72,72,73,73,75
A494220,UNICORN SK하이닉스밸류체인액티브,20241107,,일반,FnGuide SK하이닉스밸류체인 지수,219687.5,209050,193547,181910.5,187978.5,59375,56500,52310,49165,50805,3.49,-4.84,-7.42,-6.01,3.34,59355.25,56466.21,52599.51,49292.65,50879.89,0.03,0.06,-0.55,-0.26,-0.15,3700000,3700000,3700000,3700000,3700000,50000,74,74,74,74,74
A494310,KODEX 반도체레버리지,20241022,,레버리지,KRX 반도체 레버리지 지수,1582840,1503824,1341482,1191382.5,1291617.25,141325,134270,117160,103150,112805,11.73,-4.99,-12.74,-11.96,9.36,141758.4,134272.52,118092.6,103898.57,111955.68,-0.31,0,-0.79,-0.72,0.76,11200000,11200000,11450000,11550000,11450000,50000,224,224,229,231,229
A494330,ACE 라이프자산주주가치액티브,20241015,,일반,FnGuide 기업가치 지수(시장가격),145266,145288,145136.75,140709,138395,33015,33020,32615,31620,31100,1.8,0.02,-1.23,-3.05,-1.64,32975.49,33063.29,32547.43,31566.72,31253.43,0.12,-0.13,0.21,0.17,-0.49,4400000,4400000,4450000,4450000,4450000,50000,88,88,89,89,89
A494670,TIGER 조선TOP10,20241022,,일반,iSelect 조선TOP10 Index(PR),637045.5,650481,598995,556600,542938,25130,25660,23490,22000,21460,0.14,2.11,-8.46,-6.34,-2.45,25122.63,25752.58,23443.83,21960.75,21326.26,0.03,-0.36,0.2,0.18,0.63,25350000,25350000,25500000,25300000,25300000,50000,507,507,510,506,506
A494890,KODEX 200액티브,20241029,,일반,코스피 200,1229637.5,1228857,1172108,1114477,1122090,37835,37695,35735,33670,33900,5.76,-0.37,-5.2,-5.78,0.68,37819.1,37624.26,35649.42,33628.59,34009.64,0.04,0.19,0.24,0.12,-0.32,32500000,32600000,32800000,33100000,33100000,100000,325,326,328,331,331
A495040,PLUS 코리아밸류업,20241104,,일반,코리아 밸류업 지수,105518,104958,99302,95438,95760,37685,37485,35465,34085,34200,5.71,-0.53,-5.39,-3.89,0.34,37621.2,37401.2,35893.64,34206.74,34317.03,0.17,0.22,-1.19,-0.36,-0.34,2800000,2800000,2800000,2800000,2800000,50000,56,56,56,56,56
A495050,RISE 코리아밸류업,20241104,,일반,코리아 밸류업 지수,1110872,1106242,1063150.5,1020352.75,1021620.5,38240,37885,36285,34765,34690,4.98,-0.93,-4.22,-4.19,-0.22,38175.09,37951.44,36419.24,34704.29,34815.13,0.17,-0.18,-0.37,0.17,-0.36,29050000,29200000,29300000,29350000,29450000,50000,581,584,586,587,589
A495060,TIME 코리아밸류업액티브,20241104,,일반,코리아 밸류업 지수,284812.5,278225,264081.25,247555,251433,36750,35900,34075,32150,32235,3.8,-2.31,-5.08,-5.65,0.26,36756.76,35951.96,34097.65,32104.56,32281.57,-0.02,-0.14,-0.07,0.14,-0.14,7750000,7750000,7750000,7700000,7800000,50000,155,155,155,154,156
A495230,KoAct 코리아밸류업액티브,20241104,,일반,코리아 밸류업 지수,324045,318573,302926.5,286980.75,291110,37900,37260,35430,33565,33850,4.08,-1.69,-4.91,-5.26,0.85,37773.96,37179.41,35377.76,33479.41,33821.93,0.33,0.22,0.15,0.26,0.08,8550000,8550000,8550000,8550000,8600000,50000,171,171,171,171,172
A495330,1Q 코리아밸류업,20241104,,일반,코리아 밸류업 지수,162540,161465,154370,146522.5,148715.5,37800,37550,35900,34075,34585,4.84,-0.66,-4.39,-5.08,1.5,37732.27,37519.04,35993.69,34271.17,34421.38,0.18,0.08,-0.26,-0.57,0.48,4300000,4300000,4300000,4300000,4300000,100000,43,43,43,43,43
A495550,SOL 코리아밸류업TR,20241104,,일반,코리아 밸류업 TR 지수,233070,231150,221700,211320,212970,38845,38525,36950,35220,35495,5.64,-0.82,-4.09,-4.68,0.78,38671.05,38444.31,36895.4,35177.61,35270.54,0.45,0.21,0.15,0.12,0.64,6000000,6000000,6000000,6000000,6000000,50000,120,120,120,120,120
A495750,HANARO 코리아밸류업,20241104,,일반,코리아 밸류업 지수,90348,90564,86388,82836,82200,37645,37735,35995,34515,34250,1.4,0.24,-4.61,-4.11,-0.77,37874.11,37652.76,36143.04,34451.97,34543.17,-0.6,0.22,-0.41,0.18,-0.85,2400000,2400000,2400000,2400000,2400000,50000,48,48,48,48,48
A495850,KODEX 코리아밸류업,20241104,,일반,코리아 밸류업 지수,837258.5,832396.5,800443.75,767387.25,771075,37885,37665,35975,34335,34500,4.6,-0.58,-4.49,-4.56,0.48,37903.51,37681.28,36151.67,34458.44,34557.16,-0.05,-0.04,-0.49,-0.36,-0.17,22100000,22100000,22250000,22350000,22350000,50000,442,442,445,447,447
A496080,TIGER 코리아밸류업,20241104,,일반,코리아 밸류업 지수,594794.5,591183.5,565671,542809,549981,37885,37655,36030,34355,34590,4.25,-0.61,-4.32,-4.65,0.68,37891.51,37670.19,36157.27,34480.81,34570.68,-0.02,-0.04,-0.35,-0.36,0.06,15700000,15700000,15700000,15800000,15900000,50000,314,314,314,316,318
A496090,KIWOOM 코리아밸류업,20241104,,일반,코리아 밸류업 지수,123402.5,122573.75,116951.25,112173.75,111393.75,37970,37715,35985,34515,34275,4.6,-0.67,-4.59,-4.09,-0.7,37929.44,37703.93,36169.83,34474.28,34593.05,0.11,0.03,-0.51,0.12,-0.92,3250000,3250000,3250000,3250000,3250000,50000,65,65,65,65,65
A496120,ACE 코리아밸류업,20241104,,일반,코리아 밸류업 지수,31580,31340,29744,28696,28652,39475,39175,37180,35870,35815,4.96,-0.76,-5.09,-3.52,-0.15,39383.51,39154.62,37598.91,35805.17,35944.65,0.23,0.05,-1.11,0.18,-0.36,800000,800000,800000,800000,800000,50000,16,16,16,16,16
A496130,TRUSTON 코리아밸류업액티브,20241104,,일반,코리아 밸류업 지수,15070,14952.5,14322.5,13762.5,13570,30140,29905,28645,27525,27140,6.18,-0.78,-4.21,-3.91,-1.4,30043.22,30067.97,28830.01,27406.66,27425.74,0.32,-0.54,-0.64,0.43,-1.04,500000,500000,500000,500000,500000,20000,25,25,25,25,25
A498050,HANARO 바이오코리아액티브,20241126,,일반,iSelect K-바이오헬스케어,12430,11755,12205,11370,11240,12430,11755,12205,11370,11240,-1.31,-5.43,3.83,-6.84,-1.14,12406.95,11819.52,12164.39,11447.08,11250.13,0.19,-0.55,0.33,-0.67,-0.09,1000000,1000000,1000000,1000000,1000000,50000,20,20,20,20,20
A498400,KODEX 200타겟위클리커버드콜,20241203,,일반,코스피 200 타겟 15% 위클리 커버드콜 지수,6362916,6391971.5,6220800,5925039,5962845,25320,25195,24000,22710,22890,5,-0.49,-4.74,-5.38,0.79,25292.82,25188.48,23910.17,22613,22829.2,0.11,0.03,0.38,0.43,0.27,251300000,253700000,259200000,260900000,260500000,100000,2513,2537,2592,2609,2605
A498410,KODEX 금융고배당TOP10타겟위클리커버드콜,20241217,,일반,코스피 200 금융 고배당 TOP 10 타겟 15% 분배 위클리 커버드콜 지수,861762,872420,869362.5,849027.5,821104,11870,12050,12125,11975,11680,3.04,1.52,0.62,-1.24,-2.46,11874.85,12090.36,12199.11,11969.48,11674.71,-0.04,-0.33,-0.61,0.05,0.05,72600000,72400000,71700000,70900000,70300000,100000,726,724,717,709,703
A498860,RISE 코리아금융고배당,20241210,,일반,iSelect 코리아 금융 고배당 지수,41535,42153.75,41231.25,40027.5,38733.75,18460,18735,18325,17790,17215,5.85,1.49,-2.19,-2.92,-3.23,18427.68,18789.55,18341.44,17797.56,17166.7,0.18,-0.29,-0.09,-0.04,0.28,2250000,2250000,2250000,2250000,2250000,50000,45,45,45,45,45
,,20241210,,일반,iSelect 코리아 금융 고배당 지수,40950,40297.5,,,,18200,17910,,,,5.72,-1.59,,,,18228.22,17954.43,,,,-0.15,-0.25,,,,2250000,2250000,,,,50000,45,45,0,0,0
