,Account,W200300,R102300,W202100,W200100,S102100,S102100,S102100,S102100,S102100,S100100,S100100,S100100,S100100,S100100,S100500,S100500,S100500,S100500,S100500,W201100,W201100,W201100,W201100,W201100,W201200,W201200,W201200,W201200,W201200,S101500,S101500,S101500,S101500,S101500,W402600,,,,,
,Period, ,,, ,20260626,20260629,20260630,20260701,20260702,20260626,20260629,20260630,20260701,20260702,20260626,20260629,20260630,20260701,20260702,20260626,20260629,20260630,20260701,20260702,20260626,20260629,20260630,20260701,20260702,20260626,20260629,20260630,20260701,20260702,20260626,num_cu_20260626,num_cu_20260629,num_cu_20260630,num_cu_20260701,num_cu_20260702
,Unit,Txt,Txt,Txt,Txt,Local mn,Local mn,Local mn,Local mn,Local mn,Local/Shares,Local/Shares,Local/Shares,Local/Shares,Local/Shares,%,%,%,%,%,Local/Shares,Local/Shares,Local/Shares,Local/Shares,Local/Shares,%,%,%,%,%,Shares,Shares,Shares,Shares,Shares,X,,,,,
,Base Date,,,,,,,,,,,,,,,,,,,,,,,,,,,,,,,,,,,,,,,,
Code,Name,상장일,상장폐지일,"ETF레버리지,인버스구분",ETF기초지수명,시가총액,시가총액,시가총액,시가총액,시가총액,종가,종가,종가,종가,종가,수정주가수익률,수정주가수익률,수정주가수익률,수정주가수익률,수정주가수익률,ETF순자산가치(NAV),ETF순자산가치(NAV),ETF순자산가치(NAV),ETF순자산가치(NAV),ETF순자산가치(NAV),ETF괴리율,ETF괴리율,ETF괴리율,ETF괴리율,ETF괴리율,상장주식수,상장주식수,상장주식수,상장주식수,상장주식수,CU구성좌수,,,,,
A0000J0,PLUS 한화그룹주,20241224,,일반,FnGuide 한화그룹주 지수,109200,114229.5,110803,116327.75,115211.25,28000,29670,28780,30215,29925,-7.07,5.96,-3,4.99,-0.96,28053.66,29788.54,28745.04,30198.78,29848.66,-0.19,-0.4,0.12,0.05,0.26,3900000,3850000,3850000,3850000,3850000,50000,78,77,77,77,77
A0000Z0,RISE 바이오TOP10액티브,20241224,,일반,KRX 바이오 TOP 10 지수,57165,66220,62048,62964.75,61839.25,10300,11825,11080,11345,10945,-6.36,14.81,-6.3,2.39,-3.53,10304.73,11769.83,11040.27,11301.7,10903.93,-0.05,0.47,0.36,0.38,0.38,5550000,5600000,5600000,5550000,5650000,50000,111,112,112,111,113
A0001P0,마이티 바이오시밀러&CDMO액티브,20241224,,일반,FnGuide 바이오시밀러&CDMO 지수,10309.6,11580.8,11088,11149.6,10976,9205,10340,9900,9955,9800,-5.83,12.33,-4.26,0.56,-1.56,9288.81,10292.58,9858.44,9976.78,9792.33,-0.9,0.46,0.42,-0.22,0.08,1120000,1120000,1120000,1120000,1120000,40000,28,28,28,28,28
A0005D0,SOL 전고체배터리&실리콘음극재,20250107,,일반,FnGuide 전고체배터리&실리콘음극재 지수(PR),138473.5,156426,149776.5,146057.5,139245.75,14810,16820,16105,15790,14735,-5.79,13.57,-4.25,-1.96,-6.68,14808.46,16752.63,16044.75,15731.93,14767.63,0.01,0.4,0.38,0.37,-0.22,9350000,9300000,9300000,9250000,9450000,50000,187,186,186,185,189
A0005G0,IBK K-AI반도체코어테크,20250121,,일반,FnGuide K-AI반도체 코어테크 지수,231815,231744,238222.75,237104.5,206521.25,65300,65280,67105,66790,58175,-4.51,-0.03,2.8,-0.47,-12.9,65340.23,64980.39,67228.61,66506.52,58536.79,-0.06,0.46,-0.18,0.43,-0.62,3550000,3550000,3550000,3550000,3550000,50000,71,71,71,71,71
A0007N0,아이엠에셋 200,20250211,,일반,코스피 200,124654.5,123619.5,125496,121918.5,112266,138505,137355,139440,135465,124740,-5.92,-0.83,1.52,-2.85,-7.92,138046.95,136681.04,138518.52,134936.05,123269.81,0.33,0.49,0.67,0.39,1.19,900000,900000,900000,900000,900000,50000,18,18,18,18,18
A0008T0,SOL 화장품TOP3플러스,20250121,,일반,FnGuide 화장품TOP3 플러스 지수(PR),59127.25,64170,63365,68080,68678,12995,13950,13775,14800,14930,-2.07,7.35,-1.25,7.44,0.88,13050.83,14036.84,13748.43,14820.02,14903.92,-0.43,-0.62,0.19,-0.14,0.17,4550000,4600000,4600000,4600000,4600000,50000,91,92,92,92,92
A0018C0,PLUS 고배당주위클리고정커버드콜,20250305,,일반,코스피 고배당 위클리 고정 커버드콜 지수,74325,76362.5,75924,77293,77526,9910,10250,10260,10445,10620,-1.98,3.43,0.1,1.8,1.68,9917.05,10284.18,10222.45,10490.8,10614.1,-0.07,-0.33,0.37,-0.44,0.06,7500000,7450000,7400000,7400000,7300000,50000,150,149,148,148,146
A0052D0,TIGER 코리아배당다우존스,20250520,,일반,Dow Jones Korea Dividend 30 지수 (Price Return),327520,345575,341435,343102.5,346998,14240,15025,14845,14950,15320,-3.26,5.51,-1.2,0.71,2.47,14331.31,15019.82,14818.42,15094.2,15430.84,-0.64,0.03,0.18,-0.96,-0.72,23000000,23000000,23000000,22950000,22650000,50000,460,460,460,459,453
A0053M0,더제이 중소형포커스액티브,20250722,,일반,코스피 200 중소형주지수,6167.25,6502.5,6687,6887.25,6520.5,13705,14450,14860,15305,14490,-3.08,5.44,2.84,2.99,-5.33,13710.11,14452.82,14796.34,15358.21,14544.02,-0.04,-0.02,0.43,-0.35,-0.37,450000,450000,450000,450000,450000,50000,9,9,9,9,9
A0074K0,KoAct K수출핵심기업TOP30액티브,20250708,,일반,KEDI K수출핵심기업TOP30 지수(PR),157981.25,161831.5,164517.5,164952,152667.5,20125,20485,20825,20880,19325,-5.69,1.79,1.66,0.26,-7.45,20080.16,20458.97,20735.18,20898.7,19157.45,0.22,0.13,0.43,-0.09,0.87,7850000,7900000,7900000,7900000,7900000,50000,157,158,158,158,158
A0080G0,KODEX 방산TOP10,20250715,,일반,iSelect 방산 TOP10 지수(Price Return),365885,386580,372031,400653,396312,10825,11370,10910,11715,11760,-4.88,5.03,-4.05,7.38,0.38,10809.74,11321.4,10874.99,11674.68,11731.6,0.14,0.43,0.32,0.35,0.24,33800000,34000000,34100000,34200000,33700000,100000,338,340,341,342,337
A0080Y0,SOL 조선TOP3플러스레버리지,20250715,,레버리지,FnGuide 조선 TOP3 플러스레버리지(2x) 지수,125186,147578,148828,152424,145464,11810,13060,12830,13140,12540,-9.92,10.58,-1.76,2.42,-4.57,11652.85,13125.46,12431.17,13024.78,12621.23,1.35,-0.5,3.21,0.88,-0.64,10600000,11300000,11600000,11600000,11600000,100000,106,113,116,116,116
A0088N0,WON K-글로벌수급상위,20250812,,일반,DeepSearch 외인수급 Top20 지수,17302.5,18255,18210,18592.5,17095.5,11535,12170,12140,12395,11790,-2.7,5.5,-0.25,2.1,-4.88,11520.47,12146.98,12123.15,12446.72,11785.72,0.13,0.19,0.14,-0.42,0.04,1500000,1500000,1500000,1500000,1450000,50000,30,30,30,30,29
A0089D0,KODEX 금융고배당TOP10,20250812,,일반,코스피 200 금융 고배당 TOP 10 지수,210281.5,224458,225793,227128,231400,12155,12610,12685,12760,13000,-3.84,3.74,0.59,0.59,1.88,12176.64,12589.76,12661.16,12808.94,13019.1,-0.18,0.16,0.19,-0.38,-0.15,17300000,17800000,17800000,17800000,17800000,100000,173,178,178,178,178
A0090B0,PLUS K방산소부장,20250826,,일반,Akros K방산소부장 지수(PR),11720,13695,13010.25,13810.5,13084.5,7325,8300,7885,8370,7930,-7.4,13.31,-5,6.15,-5.26,7379.24,8266.53,7878.62,8367.38,7990.58,-0.74,0.4,0.08,0.03,-0.76,1600000,1650000,1650000,1650000,1650000,50000,32,33,33,33,33
A0091P0,TIGER 코리아원자력,20250819,,일반,iSelect 코리아 원자력 지수 (Price Return),549692.5,601125,585016.25,603060,564549,15550,17175,16835,17480,16580,-7.88,10.45,-1.98,3.83,-5.15,15644.26,17192.76,16776.32,17414.01,16631.19,-0.6,-0.1,0.35,0.38,-0.31,35350000,35000000,34750000,34500000,34050000,50000,707,700,695,690,681
A0092B0,SOL 한국원자력SMR,20250819,,일반,FnGuide 한국원자력 SMR 지수(PR),124373.25,134643.75,131429,135687.5,129759,14895,16125,15740,16250,15540,-6.67,8.26,-2.39,3.24,-4.37,14821.69,16101.48,15701.78,16259.39,15537.59,0.49,0.15,0.24,-0.06,0.02,8350000,8350000,8350000,8350000,8350000,50000,167,167,167,167,167
A0093A0,RISE AI반도체TOP10,20250826,,일반,FnGuide AI반도체TOP10 지수,206712,206250,212400,213664.5,186636,41760,41250,42480,41895,36240,-4.09,-1.22,2.98,-1.38,-13.5,41733.29,41189.61,42431.31,41808.81,36025.89,0.06,0.15,0.11,0.21,0.59,4950000,5000000,5000000,5100000,5150000,50000,99,100,100,102,103
A0094M0,RISE 코리아밸류업위클리고정커버드콜,20250902,,일반,코리아 밸류업 위클리 커버드콜 30% 지수,157059.5,156128.75,155548.25,155262.25,150380,21515,21535,21755,21715,20600,-4.82,0.09,1.02,-0.18,-5.13,21466.39,21459.53,21668.6,21599.89,20343.09,0.23,0.35,0.4,0.53,1.26,7300000,7250000,7150000,7150000,7300000,50000,146,145,143,143,146
A0098F0,KODEX 원자력SMR,20250916,,일반,iSelect 원자력SMR 지수(Price Return),223924,233475,228975,231700,219522.5,15130,16500,16125,16550,15850,-7.01,9.05,-2.27,2.64,-4.23,15196.32,16480.34,16092.42,16569.41,15865.74,-0.44,0.12,0.2,-0.12,-0.1,14800000,14150000,14200000,14000000,13850000,50000,296,283,284,280,277
A0098N0,PLUS 자사주매입고배당주,20250916,,일반,FnGuide 고배당주 플러스 자사주 지수 (PR),72954,76835,76771.5,77406.5,79152.75,11580,12100,12090,12190,12465,-2.44,4.49,-0.08,0.83,2.26,11615.4,12130.53,12061.1,12232.17,12505.63,-0.3,-0.25,0.24,-0.34,-0.32,6300000,6350000,6350000,6350000,6350000,50000,126,127,127,127,127
A0098Z0,FOCUS 200,20250923,,일반,코스피 200,69120,70158,71043,69114,62973,115200,116930,118405,115190,104955,-8.29,1.5,1.26,-2.72,-8.89,117388.82,116378.76,117878.36,114699.68,105085.45,-1.86,0.47,0.45,0.43,-0.12,600000,600000,600000,600000,600000,50000,12,12,12,12,12
A0100K0,KODEX 방산TOP10레버리지,20250916,,레버리지,iSelect 방산 TOP10 레버리지 지수,42120,46332,42606,49140,49194,7800,8580,7890,9100,9110,-9.93,10,-8.04,15.34,0.11,7877.99,8490.05,7945.1,9051.31,9247.22,-0.99,1.06,-0.69,0.54,-1.48,5400000,5400000,5400000,5400000,5400000,100000,54,54,54,54,54
A0101N0,RISE AI전력인프라,20250923,,일반,KRX-Akros AI 전력인프라 지수,584671.5,633730.5,667440,737077.5,699716.25,18830,20410,21600,23970,22755,-4.92,8.39,5.83,10.97,-5.07,18926.7,20421.11,21553.34,24091.98,22676.22,-0.51,-0.05,0.22,-0.51,0.35,31050000,31050000,30900000,30750000,30750000,50000,621,621,618,615,615
A0103T0,1Q K소버린AI,20250930,,일반,iSelect K소버린AI 지수,23445,24915,24480,24390,24570,7815,8305,8160,8130,8190,-3.46,6.27,-1.75,-0.37,0.74,7825.18,8340.22,8138.14,8163.38,8183.59,-0.13,-0.42,0.27,-0.41,0.08,3000000,3000000,3000000,3000000,3000000,50000,60,60,60,60,60
A0104G0,PLUS K방산레버리지,20250930,,레버리지,FnGuide K-방위산업 레버리지 (2x) 지수,18635.5,20680,18894,21855,21561.25,7930,8800,8040,9300,9175,-12.18,10.97,-8.64,15.67,-1.34,7923.88,8714.25,7976.06,9038.39,9334.55,0.08,0.98,0.8,2.89,-1.71,2350000,2350000,2350000,2350000,2350000,50000,47,47,47,47,47
A0104N0,TIGER 200타겟위클리커버드콜,20250923,,일반,코스피 200 타겟 7% 위클리 커버드콜 지수(Price Return),269250,271690,267300,268056,249363,26925,26900,27000,26280,24210,-6.51,-0.09,0.37,-2.67,-7.88,26829.23,26549.24,26915.61,26213.72,23938.83,0.36,1.32,0.31,0.25,1.13,10000000,10100000,9900000,10200000,10300000,100000,100,101,99,102,103
A0104P0,TIGER 코리아배당다우존스위클리커버드콜,20250923,,일반,KRX 다우존스 코리아 배당 30 타겟 7% 위클리 커버드콜 지수,21850.5,22711.5,22354.5,22680,19854,10405,10815,10645,10800,11030,-2.48,4.95,-1.57,1.46,2.13,10278.02,10773.5,10629.11,10831.79,11079.28,1.24,0.39,0.15,-0.29,-0.44,2100000,2100000,2100000,2100000,1800000,100000,21,21,21,21,18
A0105D0,SOL 한국AI소프트웨어,20250923,,일반,KEDI 한국AI소프트웨어 지수(PR),17608.5,18183,17812.5,17831.5,17879,9030,9570,9375,9385,9410,-3.83,5.98,-2.04,0.11,0.27,9054.66,9575.31,9361.95,9370.65,9403.69,-0.27,-0.06,0.14,0.15,0.07,1950000,1900000,1900000,1900000,1900000,50000,39,38,38,38,38
A0105E0,SOL 코리아고배당,20250923,,일반,FnGuide 코리아 고배당 지수(PR),512493,528346.25,530248,534876,539301,12290,12655,12640,12720,12810,-3.65,2.97,-0.12,0.63,0.71,12307.12,12670.6,12616.08,12743.22,12894.67,-0.14,-0.12,0.19,-0.18,-0.66,41700000,41750000,41950000,42050000,42100000,50000,834,835,839,841,842
A0111J0,HANARO 증권고배당TOP3플러스,20251028,,일반,FnGuide 증권 고배당 TOP3 플러스 지수,62585.25,67431,67704,68841.5,65997.75,13755,14820,14880,15130,14505,-6.62,8.06,0.4,1.68,-4.13,13774.84,14760.18,14833.12,15155.06,14484.73,-0.14,0.41,0.32,-0.17,0.14,4550000,4550000,4550000,4550000,4550000,50000,91,91,91,91,91
A0112X0,마이티 200TR,20251028,,일반,코스피 200 TR지수,38827.5,38392.5,39090,37740,34732.5,51770,51190,52120,50320,46310,-5.97,-1.12,1.82,-3.45,-7.97,51601.95,51081.23,51766.84,50427.24,46046.81,0.33,0.21,0.68,-0.21,0.57,750000,750000,750000,750000,750000,50000,15,15,15,15,15
A0115D0,KODEX 조선TOP10,20251028,,일반,KRX 조선 TOP10 지수,194311.5,206758.5,203728.75,210015,207298,8430,8970,8725,8975,8840,-5.17,6.41,-2.73,2.87,-1.5,8412.38,8967.44,8675.73,8984.95,8809.92,0.21,0.03,0.57,-0.11,0.34,23050000,23050000,23350000,23400000,23450000,50000,461,461,467,468,469
A0115E0,KODEX 코리아소버린AI,20251021,,일반,KRX 코리아 소버린 AI 지수,70600,73900,74300,74349,70859.25,14120,14780,14860,15020,14315,-3.58,4.67,0.54,1.08,-4.69,14169.13,14753.03,14833.3,14997.24,14464.39,-0.35,0.18,0.18,0.15,-1.03,5000000,5000000,5000000,4950000,4950000,50000,100,100,100,99,99
A0117V0,TIGER 코리아AI전력기기TOP3플러스,20251021,,일반,KEDI 코리아AI전력기기TOP3플러스 지수,989267.5,1073425.5,1123220,1213026.5,1127244.5,19825,21490,22600,24605,22865,-6.95,8.4,5.17,8.87,-7.07,19923.63,21395.46,22527.21,24551.49,22799.54,-0.5,0.44,0.32,0.22,0.29,49900000,49950000,49700000,49300000,49300000,50000,998,999,994,986,986
A0120J0,BNK 카카오그룹포커스,20251202,,일반,FnGuide 카카오그룹 포커스 지수,9262.5,9997,9912.5,10010,10283,7125,7690,7625,7700,7910,-4.55,7.93,-0.85,0.98,2.73,7137.22,7749.47,7589.8,7673.44,7876.35,-0.17,-0.77,0.46,0.35,0.43,1300000,1300000,1300000,1300000,1300000,50000,26,26,26,26,26
A0138D0,RISE 동학개미,20251216,,일반,FnGuide 동학개미 지수,11452,12008,12252,12484,11420,14315,15010,15315,15605,14275,-6.1,4.86,2.03,1.89,-8.52,14265.08,15104.88,15221.8,15637.33,14347.13,0.35,-0.63,0.61,-0.21,-0.5,800000,800000,800000,800000,800000,50000,16,16,16,16,16
A0139P0,ACE 고배당주,20251216,,일반,KRX-Akros 고배당주 20 지수,50000,52140,51600,52300,52900,12500,13035,12900,13075,13225,-2.46,4.7,-1.04,1.36,1.15,12430.29,13027.67,12887.53,13125.13,13281.14,0.56,0.06,0.1,-0.38,-0.42,4000000,4000000,4000000,4000000,4000000,50000,80,80,80,80,80
A0141S0,SOL 조선기자재,20251216,,일반,FnGuide 조선기자재 지수(PR),63828,69228,69094.5,72890.5,69350,8865,9615,9465,9985,9500,-6.83,8.46,-1.56,5.49,-4.86,8915.64,9609.41,9427.59,9983.43,9481.72,-0.57,0.06,0.4,0.02,0.19,7200000,7200000,7300000,7300000,7300000,50000,144,144,146,146,146
A0148J0,TIGER 코리아휴머노이드로봇산업,20260106,,일반,KEDI 코리아 휴머노이드로봇산업 지수 (PR),557123.5,614131.5,617863.75,609940.5,576114,9395,10210,10255,10090,9460,-7.16,8.67,0.44,-1.61,-6.24,9391.08,10181.36,10214.07,10058.07,9419.39,0.04,0.28,0.4,0.32,0.43,59300000,60150000,60250000,60450000,60900000,50000,1186,1203,1205,1209,1218
A0150K0,KoAct 수소전력ESS인프라액티브,20260113,,일반,FnGuide 수소전력ESS인프라 지수(PR),26620,29700,29273.75,31528.75,28201.5,9680,10800,10645,11465,10445,-7.41,11.57,-1.44,7.7,-8.9,9656.94,10800.25,10623.38,11358.28,10401.65,0.24,0,0.2,0.94,0.42,2750000,2750000,2750000,2750000,2700000,50000,55,55,55,55,54
A0151P0,RISE 코리아전략산업액티브,20260120,,일반,KAP 코리아전략산업지수,211775,208810.5,216720,216236.25,196560,19700,19515,20160,20115,18200,-4.44,-0.94,3.31,-0.22,-9.52,19631.86,19423.62,20089.49,20017.37,17890.38,0.35,0.47,0.35,0.49,1.73,10750000,10700000,10750000,10750000,10800000,50000,215,214,215,215,216
A0152E0,SOL 배당성향탑픽액티브,20260113,,일반,FnGuide 배당성향탑픽 지수(PR),28822.5,29497.5,29605.5,29835,29943,10675,10925,10965,11050,11090,-2.6,2.82,0.37,0.78,0.36,10615.21,10968.67,10929.48,11088.43,11131.52,0.56,-0.4,0.32,-0.35,-0.37,2700000,2700000,2700000,2700000,2700000,50000,54,54,54,54,54
A0153K0,KODEX 주주환원고배당주,20260120,,일반,Akros 주주환원 고배당 지수 (Price Return),151510,159433,158079,158976,164151,10900,11470,11455,11520,11895,-2.64,5.23,-0.13,0.57,3.26,10948.94,11459.51,11426.27,11553.76,11926.78,-0.45,0.09,0.25,-0.29,-0.27,13900000,13900000,13800000,13800000,13800000,100000,139,139,138,138,138
A0154F0,WON 초대형IB&금융지주,20260120,,일반,iSelect 초대형IB&금융지주 지수,35910,38004.75,38430,38745,38918.25,11400,12065,12200,12300,12355,-4.2,5.83,1.12,0.82,0.45,11414.48,12040.85,12147.02,12301.57,12360.47,-0.13,0.2,0.44,-0.01,-0.04,3150000,3150000,3150000,3150000,3150000,50000,63,63,63,63,63
A0155N0,HANARO K휴머노이드테마TOP10,20260226,,일반,iSelect K휴머노이드테마TOP10 지수,29431,31331,31781.75,32700,31400,7745,8245,8255,8175,7850,-6.63,6.46,0.12,-0.97,-3.98,7731.67,8232.55,8240.99,8160.72,7818.3,0.17,0.15,0.17,0.17,0.41,3800000,3800000,3850000,4000000,4000000,50000,76,76,77,80,80
A0162Y0,TIME 코스닥액티브,20260310,,일반,코스닥지수,328963.25,345759.75,360234,373297.75,336437.5,8855,9135,9530,9785,8750,-1.17,3.16,4.32,2.68,-10.58,8814.92,9140.47,9570.8,9816.1,8730.2,0.45,-0.06,-0.43,-0.32,0.23,37150000,37850000,37800000,38150000,38450000,50000,743,757,756,763,769
A0163Y0,KoAct 코스닥액티브,20260310,,일반,코스닥지수,526080.75,556053.75,575162.5,592849.5,536335.5,10245,10745,11125,11390,10110,-2.43,4.88,3.54,2.38,-11.24,10240.39,10774.34,11109.11,11378.71,10086.93,0.05,-0.27,0.14,0.1,0.23,51350000,51750000,51700000,52050000,53050000,50000,1027,1035,1034,1041,1061
A0166N0,PLUS 코스닥150액티브,20260317,,일반,코스닥 150,34049,36379.5,37801.5,38907.5,35700,8620,9210,9570,9850,8925,-3.63,6.84,3.91,2.93,-9.39,8629.61,9241.68,9530.42,9857.44,8880.29,-0.11,-0.34,0.42,-0.08,0.5,3950000,3950000,3950000,3950000,4000000,50000,79,79,79,79,80
A0166S0,PLUS K제조업핵심기업액티브,20260324,,일반,Akros K제조업 50 지수,73990.5,74873.25,74980.25,74391.75,67734,13830,13995,14015,13905,12780,-6.33,1.19,0.14,-0.78,-8.09,13890.11,13936.26,14070.89,13902.74,12666.13,-0.43,0.42,-0.4,0.02,0.9,5350000,5350000,5350000,5350000,5300000,50000,107,107,107,107,106
A0167A0,SOL AI반도체TOP2플러스,20260317,,일반,FnGuide AI반도체 TOP2 플러스 지수(PR),7759353.75,7830051,8185023,8180234.25,7343575,26025,25530,26670,26265,23350,-5.48,-1.9,4.47,-1.52,-11.1,25962.82,25536.59,26540.47,26255.06,23112.64,0.24,-0.03,0.49,0.04,1.03,298150000,306700000,306900000,311450000,314500000,50000,5963,6134,6138,6229,6290
A0167B0,SOL 200타겟위클리커버드콜,20260317,,일반,코스피 200 타겟 15% 위클리 커버드콜 지수,815344,856434,859536,842334,782176.5,15560,15185,15240,14935,13795,-5.3,-1.01,0.36,-2,-7.63,15244.72,15101.58,15303.46,14916.8,13645.35,2.07,0.55,-0.41,0.12,1.1,52400000,56400000,56400000,56400000,56700000,100000,524,564,564,564,567
A0168K0,TIGER 기술이전바이오액티브,20260317,,일반,KRX 기술이전바이오 지수 (PR),149109,173916.05,167272.65,165665.25,162398.25,6900,7945,7545,7575,7365,-5.74,15.14,-5.03,0.4,-2.77,6877.17,7907.81,7455.52,7596.43,7332.15,0.33,0.47,1.2,-0.28,0.45,21610000,21890000,22170000,21870000,22050000,10000,2161,2189,2217,2187,2205
A0172Y0,ACE K수출핵심TOP10산업액티브,20260331,,일반,iSelect K수출핵심산업 지수 (시장가격),10678,10811,10830,10682.75,10250.5,11240,11380,11400,11245,10790,-5.03,1.25,0.18,-1.36,-4.05,11224.93,11326.73,11380.65,11214.36,10620.49,0.13,0.47,0.17,0.27,1.6,950000,950000,950000,950000,950000,50000,19,19,19,19,19
A0176P0,FOCUS AI반도체위클리고정커버드콜,20260407,,일반,AI 반도체 위클리 고정 30% 커버드콜 지수,8500,8387.5,8800,8677.5,7675,17000,16775,17600,17355,15350,-5,0.6,4.92,-1.39,-11.55,16780.38,16674.18,17524.92,17335.61,15282.71,1.31,0.6,0.43,0.11,0.44,500000,500000,500000,500000,500000,50000,10,10,10,10,10
A0177A0,WON 두산그룹포커스,20260331,,일반,iSelect 두산그룹 포커스 지수,27005,28558.75,28393.75,29150,25194,9820,10385,10325,10600,9880,-6.21,5.75,-0.58,2.66,-6.79,9795.78,10365.23,10305.33,10559.39,9937.6,0.25,0.19,0.19,0.38,-0.58,2750000,2750000,2750000,2750000,2550000,50000,55,55,55,55,51
A0177R0,TIGER 반도체TOP10커버드콜액티브,20260421,,일반,FnGuide 반도체 TOP10 Capped 지수(Price Return),934416,944415.5,961640,939020,861400,16480,16255,16580,16190,14600,-5.15,-1.37,2,-2.35,-9.82,16473.51,16091.47,16562.46,16172.49,14290.13,0.04,1.02,0.11,0.11,2.17,56700000,58100000,58000000,58000000,59000000,100000,567,581,580,580,590
A0177X0,ACE K휴머노이드로봇산업TOP2+,20260407,,일반,Akros K-휴머노이드 로봇 TOP2+ 지수 (시장가격),101587.5,108951.25,109865,108360,102555,9450,10135,10220,10080,9540,-7.08,7.25,0.84,-1.37,-5.36,9487.03,10171.56,10200.21,10098.1,9530.03,-0.39,-0.36,0.19,-0.18,0.1,10750000,10750000,10750000,10750000,10750000,50000,215,215,215,215,215
A0182R0,1Q K반도체TOP2+,20260414,,일반,NICE K반도체 TOP2 MAX+ 지수,264193,268801.25,272874,271590.5,252296,15140,14975,15330,15005,13420,-5.26,-1.09,2.37,-2.12,-10.56,15211,14905.55,15213.47,14970.7,13162.69,-0.47,0.47,0.77,0.23,1.95,17450000,17950000,17800000,18100000,18800000,50000,349,359,356,362,376
A0184V0,UNICORN K바이오액티브,20260512,,일반,FnGuide K-바이오 밸런스드 지수,7889,9194.25,8338,8448,8052,6860,7995,7580,7680,7320,-5.38,16.55,-5.19,1.32,-4.69,6837.33,7960.4,7535.67,7655.32,7286.15,0.33,0.43,0.59,0.32,0.46,1150000,1150000,1100000,1100000,1100000,50000,23,23,22,22,22
A0189Z0,DAISHIN343 금융&지주고배당,20260609,,일반,KRX-Akros 금융&지주고배당 지수,9355,9655,9700,9795,9940,9355,9655,9700,9795,9940,-1.99,3.21,0.47,0.98,1.48,9352.6,9704.49,9711.79,9797.39,9937.23,0.03,-0.51,-0.12,-0.02,0.03,1000000,1000000,1000000,1000000,1000000,50000,20,20,20,20,20
A0190C0,RISE 현대차고정피지컬AI,20260512,,일반,KEDI 현대차고정피지컬AI 지수,577619,601699,589348,569560,563764.25,9595,9995,10040,9820,9695,-4.62,4.17,0.45,-2.19,-1.27,9605.5,9960.18,10017.85,9852.42,9675.25,-0.11,0.35,0.22,-0.33,0.2,60200000,60200000,58700000,58000000,58150000,50000,1204,1204,1174,1160,1163
A0190G0,KODEX 반도체타겟위클리커버드콜,20260512,,일반,KRX 반도체 타겟9% 분배 위클리 커버드콜 지수,212849,214230,220150,214877.5,185185,11695,11580,11900,11615,10175,-6.03,-0.3,2.76,-2.4,-12.4,11748.96,11557.77,11844.17,11651.27,10205.74,-0.46,0.19,0.47,-0.31,-0.3,18200000,18500000,18500000,18500000,18200000,100000,182,185,185,185,182
A0191B0,MIDAS 코스닥액티브,20260519,,일반,코스닥지수,6813,7067,7460,7712,6755,34065,35335,37300,38560,33775,-0.67,3.73,5.56,3.38,-12.41,33920.09,35590.26,37142.77,38234.04,34172.13,0.43,-0.72,0.42,0.85,-1.16,200000,200000,200000,200000,200000,25000,8,8,8,8,8
A0191S0,IBK 코스닥150,20260519,,일반,코스닥 150,11388.6,12417.2,12328.4,12428.3,11529.2,15390,16780,16660,16795,15580,-3.9,9.03,-0.72,0.81,-7.23,15432.62,16747.79,16645.94,16759.66,15484.42,-0.28,0.19,0.08,0.21,0.62,740000,740000,740000,740000,740000,20000,37,37,37,37,37
A0192L0,RISE SK하이닉스단일종목레버리지,20260527,,레버리지,KRX SK하이닉스 레버리지 지수,147106.5,145178.5,154588.25,151172,99326.25,29130,28190,28895,26995,18225,-17.54,-3.23,2.5,-6.58,-32.49,29388.22,28243.75,28974.07,26819.12,18855.87,-0.88,-0.19,-0.27,0.66,-3.35,5050000,5150000,5350000,5600000,5450000,25000,202,206,214,224,218
A0192M0,RISE 삼성전자단일종목레버리지,20260527,,레버리지,KRX 삼성전자 레버리지 지수,99734.5,97012.88,108177.63,101000,78285.63,23060,21205,22655,20000,16225,-11.46,-8.04,6.84,-11.72,-18.88,23459.6,21065.43,22537.13,19872.85,16122.7,-1.7,0.66,0.52,0.64,0.63,4325000,4575000,4775000,5050000,4825000,25000,173,183,191,202,193
A0192T0,SOL 코스닥TOP10,20260519,,일반,코스닥TOP10지수(PR),30571,34091.75,33110,31589.25,30296.5,8045,8855,8600,8205,7670,-5.41,10.07,-2.88,-4.59,-6.52,8048.91,8841.54,8561.86,8203.92,7637.18,-0.05,0.15,0.45,0.01,0.43,3800000,3850000,3850000,3850000,3950000,50000,76,77,77,77,79
A0193G0,KoAct 코스피액티브,20260519,,일반,코스피지수,30394,30114,31682.5,31727.25,29715,10855,10755,10925,10755,9905,-5.24,-0.92,1.58,-1.56,-7.9,10848.05,10740.49,10933.43,10727.2,9779.21,0.06,0.14,-0.08,0.26,1.29,2800000,2800000,2900000,2950000,3000000,50000,56,56,58,59,60
A0193K0,PLUS 삼성전자단일종목레버리지,20260527,,레버리지,KRX 삼성전자 레버리지 지수,27720,25678.13,27337.5,24131.25,19816.88,24640,22825,24300,21450,17615,-12.2,-7.37,6.46,-11.73,-17.88,25193.33,22631.27,24208.21,21375.55,17382.3,-2.2,0.86,0.38,0.35,1.34,1125000,1125000,1125000,1125000,1125000,25000,45,45,45,45,45
A0193L0,PLUS 삼성전자선물단일종목인버스2X,20260527,,인버스 2X ,KRX 삼성전자 선물 인버스 -2X 지수,47470.8,59869.5,46354.1,45150,46562.5,11635,12525,11765,13125,15625,10.65,7.65,-6.07,11.56,19.05,11377.39,12752.42,11824.96,13244.23,15817.04,2.26,-1.78,-0.51,-0.9,-1.21,4080000,4780000,3940000,3440000,2980000,20000,204,239,197,172,149
A0193T0,KODEX SK하이닉스단일종목레버리지,20260527,,레버리지,KRX SK하이닉스 레버리지 지수,5580744.75,5680125,5817543,5583703.13,4031854.13,34545,33660,34505,31875,22035,-17.33,-2.56,2.51,-7.62,-30.87,34941.91,33478.96,34312.91,31759.5,22253.03,-1.14,0.54,0.56,0.36,-0.98,161550000,168750000,168600000,175175000,182975000,25000,6462,6750,6744,7007,7319
A0193W0,KODEX 삼성전자단일종목레버리지,20260527,,레버리지,KRX 삼성전자 레버리지 지수,3229245.25,3322801.88,3483412.5,3188898,2674760,24970,23055,24445,21605,17600,-11.7,-7.67,6.03,-11.62,-18.54,25507.66,22757.94,24379.78,21460.87,17392.3,-2.11,1.31,0.27,0.67,1.19,129325000,144125000,142500000,147600000,151975000,25000,5173,5765,5700,5904,6079
A0194M0,ACE 삼성전자단일종목레버리지,20260527,,레버리지,KRX 삼성전자 레버리지 지수,123050,103855.5,110470.5,98049,77378.88,23000,21195,22545,20010,16205,-11.56,-7.85,6.37,-11.24,-19.02,23423.63,21023.89,22519.09,19843.3,16076.74,-1.81,0.81,0.12,0.84,0.8,5350000,4900000,4900000,4900000,4775000,25000,214,196,196,196,191
A0194N0,KIWOOM 삼성전자선물단일종목레버리지,20260527,,레버리지,KRX 삼성전자 선물 레버리지 지수,18962.63,17457,18463.5,16302,13059.75,22985,21160,22380,19760,15830,-10.89,-7.84,5.77,-11.71,-19.89,23492.11,20762.98,22299.35,19584.59,15781.55,-2.16,1.91,0.36,0.9,0.31,825000,825000,825000,825000,825000,25000,33,33,33,33,33
A0194R0,KIWOOM SK하이닉스선물단일종목레버리지,20260527,,레버리지,KRX SK하이닉스 선물 레버리지 지수,29673,28985.25,28225,28941,19167.5,28260,27605,28225,26310,17425,-18.12,-2.32,2.25,-6.78,-33.77,28908.93,27550.96,28413.65,26167.92,18106.6,-2.24,0.2,-0.66,0.54,-3.76,1050000,1050000,1000000,1100000,1100000,25000,42,42,40,44,44
A0194T0,ACE SK하이닉스단일종목레버리지,20260527,,레버리지,KRX SK하이닉스 레버리지 지수,131338.13,135816,138648,121745.13,87562.75,29025,28295,28885,26905,18730,-18.24,-2.52,2.09,-6.85,-30.38,29357.14,28187.65,28911.92,26805.76,18629.94,-1.13,0.38,-0.09,0.37,0.54,4525000,4800000,4800000,4525000,4675000,25000,181,192,192,181,187
A0195R0,TIGER 삼성전자단일종목레버리지,20260527,,레버리지,KRX 삼성전자 레버리지 지수,1776193.38,1701115.25,1798164,1708217.88,1411020,23045,21145,22590,19985,16200,-11.42,-8.24,6.83,-11.53,-18.94,23466.82,20965.82,22468.99,19761.48,15999,-1.8,0.85,0.54,1.13,1.26,77075000,80450000,79600000,85475000,87100000,25000,3083,3218,3184,3419,3484
A0195S0,TIGER SK하이닉스단일종목레버리지,20260527,,레버리지,KRX SK하이닉스 레버리지 지수,3322151.88,3361918.5,3310304,3369965.25,2417813.5,29225,28515,29140,27030,18845,-18.16,-2.43,2.19,-7.24,-30.28,29623.89,28350.15,29084.1,26901.73,18861.27,-1.35,0.58,0.19,0.48,-0.09,113675000,117900000,113600000,124675000,128300000,25000,4547,4716,4544,4987,5132
A0197W0,SOL SK하이닉스단일종목레버리지,20260527,,레버리지,KRX SK하이닉스 레버리지 지수,103287.25,102565,98842.5,99252.63,71513.75,29095,28100,28650,26645,18575,-17.01,-3.42,1.96,-7,-30.29,29248.97,28063.82,28742.02,26622.41,18657.89,-0.53,0.13,-0.32,0.08,-0.44,3550000,3650000,3450000,3725000,3850000,25000,142,146,138,149,154
A0197X0,SOL SK하이닉스선물단일종목인버스2X,20260527,,인버스 2X ,KRX SK하이닉스 선물 인버스 -2X 지수,202191,152975.13,220007,152293.5,189282.75,7260,7435,7285,7830,10545,17.48,2.41,-2.02,7.48,34.67,7184.49,7547.26,7307.32,7888.66,10249.75,1.05,-1.49,-0.31,-0.74,2.88,27850000,20575000,30200000,19450000,17950000,25000,1114,823,1208,778,718
A0198B0,1Q 삼성전자선물단일종목레버리지,20260527,,레버리지,KRX 삼성전자 선물 레버리지 지수,35101.4,33150,35175,32178,27576.6,23960,22100,23450,20760,16815,-11.37,-7.76,6.11,-11.47,-19,24631.98,21853.99,23444.07,20621.37,16637.11,-2.73,1.13,0.03,0.67,1.07,1465000,1500000,1500000,1550000,1640000,5000,293,300,300,310,328
A0198D0,1Q SK하이닉스선물단일종목레버리지,20260527,,레버리지,KRX SK하이닉스 선물 레버리지 지수,43636.45,44760.3,45922.5,43914,30138.77,30515,29940,30615,28150,19015,-18.09,-1.88,2.25,-8.05,-32.45,31217.44,29858.31,30719.48,28336.19,19757.5,-2.25,0.27,-0.34,-0.66,-3.76,1430000,1495000,1500000,1560000,1585000,5000,286,299,300,312,317
A0199C0,ACE 고배당주Plus커버드콜액티브,20260602,,일반,KRX-Akros 고배당주 20 위클리 고정 30% 커버드콜 지수,120125,120812.5,121125,121187.5,120750,9610,9665,9690,9695,9660,-3.42,2.33,0.26,0.05,-0.36,9418.79,9646.86,9675.06,9702.67,9604,2.03,0.19,0.15,-0.08,0.58,12500000,12500000,12500000,12500000,12500000,50000,250,250,250,250,250
A0204S0,TIGER 코스닥액티브,20260602,,일반,코스닥지수,33675.6,35821.5,36635,36795.4,33553.75,7980,8350,8500,8740,7895,-3.27,4.64,1.8,2.82,-9.67,7942.21,8325.19,8528.45,8758.94,7837.55,0.48,0.3,-0.33,-0.22,0.73,4220000,4290000,4310000,4210000,4250000,10000,422,429,431,421,425
A0207G0,SOL 우주항공밸류체인,20260616,,일반,Akros 우주항공밸류체인 지수(PR),10284.25,11712,11160,11790,10642.5,6635,7320,7440,7860,7095,-6.68,10.32,1.64,5.65,-9.73,6668.4,7315.12,7465.38,7834.07,7072.16,-0.5,0.07,-0.34,0.33,0.32,1550000,1600000,1500000,1500000,1500000,50000,31,32,30,30,30
A0208N0,IBK 코스피액티브,20260623,,일반,코스피지수,15120.25,14911,15236.5,14918.75,13531.5,9755,9620,9830,9625,8730,-5.57,-1.38,2.18,-2.09,-9.3,9729.23,9601.67,9770.95,9614.96,8756.66,0.26,0.19,0.6,0.1,-0.3,1550000,1550000,1550000,1550000,1550000,50000,31,31,31,31,31
A0209D0,KODEX 전고체배터리ESS TOP2플러스,20260623,,일반,Akros 한국 전고체 배터리 ESS TOP2 플러스 지수(Price Return),78400,89545.5,87720,88560,87715,7840,8910,8600,8640,8275,-6.22,13.65,-3.48,0.47,-4.22,7822.76,8893.82,8567.06,8635.12,8236.33,0.22,0.18,0.38,0.06,0.47,10000000,10050000,10200000,10250000,10600000,50000,200,201,204,205,212
A0209Z0,ACE 코리아AI전력TOP10,20260623,,일반,Akros 코리아 AI전력 TOP 10 지수 (시장가격),15410,16580,17496.75,18839.5,16662.75,7705,8290,8535,9190,8545,-7.56,7.59,2.96,7.67,-7.02,7685.07,8276.42,8532.35,9173.09,8517.74,0.26,0.16,0.03,0.18,0.32,2000000,2000000,2050000,2050000,1950000,50000,40,40,41,41,39
A0210A0,ACE K반도체TOP2+,20260623,,일반,KRX K-AI 반도체TOP2+지수 (시장가격),269824,289800,370477.5,448671,396735.5,10240,10080,10510,10410,9205,-5.67,-1.56,4.27,-0.95,-11.58,10222.39,10039.7,10499.26,10402.32,9086.63,0.17,0.4,0.1,0.07,1.3,26350000,28750000,35250000,43100000,43100000,50000,527,575,705,862,862
A0210E0,PLUS 200커버드콜액티브,20260623,,일반,코스피 200 위클리 고정 30% 커버드콜 지수,27286,31828.5,33082,40850,38588,9745,9645,9730,9500,8770,-5.48,-1.03,0.88,-2.36,-7.68,9721.84,9579.09,9726.83,9491.01,8675.93,0.24,0.69,0.03,0.09,1.08,2800000,3300000,3400000,4300000,4400000,100000,28,33,34,43,44
A069500,KODEX 200,20021014,,일반,코스피 200,29495486,28715357.5,29053297,28102272.5,25651004.5,137380,136415,138580,134525,123530,-5.79,-0.7,1.59,-2.93,-8.17,137505.43,136164.08,137984.1,134413.86,122805.42,-0.09,0.18,0.43,0.08,0.59,214700000,210500000,209650000,208900000,207650000,50000,4294,4210,4193,4178,4153
A069660,KIWOOM 200,20021014,,일반,코스피 200,928530,923062.5,955098,926325,860375.25,137560,136750,138420,134250,123795,-5.49,-0.59,1.22,-3.01,-7.79,137381.22,135960.64,137809.59,134231.66,122582.49,0.13,0.58,0.44,0.01,0.99,6750000,6750000,6900000,6900000,6950000,50000,135,135,138,138,139
A091160,KODEX 반도체,20060627,,일반,KRX 반도체,7082418.75,7119320.5,7154812.5,7154799,6388114,171695,169105,173450,169545,149255,-5.76,-1.51,2.57,-2.25,-11.97,171327.02,168374.06,172977.84,168819.23,147515.87,0.21,0.43,0.27,0.43,1.18,41250000,42100000,41250000,42200000,42800000,50000,825,842,825,844,856
A091170,KODEX 은행,20060627,,일반,KRX 은행,405828.5,429381,432620.5,432473.25,432386.5,13970,14580,14690,14685,15470,-3.15,4.78,0.75,-0.03,5.35,13957.91,14561.25,14620.29,14722.95,15351.39,0.09,0.13,0.48,-0.26,0.77,29050000,29450000,29450000,29450000,27950000,50000,581,589,589,589,559
A091180,KODEX 자동차,20060627,,일반,KRX 자동차,444000,461825.5,455195,450391.25,453990,29600,30995,30550,30535,30675,-3.24,4.71,-1.44,-0.05,0.46,29539.63,30867.22,30401.49,30428.75,30604.03,0.2,0.41,0.49,0.35,0.23,15000000,14900000,14900000,14750000,14800000,50000,300,298,298,295,296
A091220,TIGER 은행,20060627,,일반,KRX 은행,18882.5,19656,19870.5,19929,22449,14525,15120,15285,15330,16035,-3.3,4.1,1.09,0.29,4.6,14587.96,15213.03,15274.74,15381.17,16027.04,-0.43,-0.61,0.07,-0.33,0.05,1300000,1300000,1300000,1300000,1400000,20000,65,65,65,65,70
A091230,TIGER 반도체,20060627,,일반,KRX 반도체,1652078.7,1675684.8,1735977.6,1684445,1495872,179965,176760,183120,177310,155820,-4.26,-1.78,3.6,-3.17,-12.12,179394.27,175934.97,180981.92,176394.16,154591.98,0.32,0.47,1.18,0.52,0.79,9180000,9480000,9480000,9500000,9600000,20000,459,474,474,475,480
A100910,KIWOOM KRX100,20080123,,일반,KRX 100,59116.5,58536,58684.5,57712.5,53163,21895,21680,21735,21375,19690,-6.11,-0.98,0.25,-1.66,-7.88,21829.19,21579.51,21869.48,21259.9,19350.17,0.3,0.47,-0.61,0.54,1.76,2700000,2700000,2700000,2700000,2700000,300000,9,9,9,9,9
A102110,TIGER 200,20080403,,일반,코스피 200,12005348.25,11847654.5,11974154.5,11610235,10709697,137755,136730,138670,134300,123740,-5.65,-0.74,1.42,-3.15,-7.86,137594.89,136230.74,138067.54,134500.66,122837.06,0.12,0.37,0.44,-0.15,0.74,87150000,86650000,86350000,86450000,86550000,50000,1743,1733,1727,1729,1731
A102780,KODEX 삼성그룹,20080521,,일반,MKF 삼성그룹지수,4204746,4244161.5,4295328,4198975.5,3913140,31710,31935,32320,31595,29400,-3.18,0.71,1.21,-2.24,-6.95,31818.08,31799.75,32271.69,31623.87,29287.87,-0.34,0.43,0.15,-0.09,0.38,132600000,132900000,132900000,132900000,133100000,100000,1326,1329,1329,1329,1331
A102960,KODEX 기계장비,20080529,,일반,KRX 기계장비,19021.2,19019.8,18788,19446.8,18160.2,14410,15590,15400,15940,15390,-5.2,8.19,-1.22,3.51,-3.45,14340.79,15688.27,15421.35,15877.91,15324.86,0.48,-0.63,-0.14,0.39,0.43,1320000,1220000,1220000,1220000,1180000,20000,66,61,61,61,59
A102970,KODEX 증권,20080529,,일반,KRX 증권,762671,819975,817500,834750,790817.5,20230,21750,21800,22260,21230,-7.52,7.51,0.23,2.11,-4.63,20306.39,21771.95,21782.51,22278.62,21222.06,-0.38,-0.1,0.08,-0.08,0.04,37700000,37700000,37500000,37500000,37250000,50000,754,754,750,750,745
A104520,KIWOOM 블루칩,20080729,,일반,MKF 블루칩,16280,17050,16610,16802.5,16720,14800,15500,15100,15275,15200,-4.02,4.73,-2.58,1.16,-0.49,14740.24,15451.08,15198.19,15307.07,15177,0.41,0.32,-0.65,-0.21,0.15,1100000,1100000,1100000,1100000,1100000,100000,11,11,11,11,11
A104530,KIWOOM 코리아고배당,20080729,,일반,MKF 웰스 고배당 20,35131,36980,36926.25,37453,37560.5,16340,17200,17175,17420,17470,-2.59,5.26,-0.15,1.43,0.29,16433.98,17244.45,17077.16,17512.43,17469.38,-0.57,-0.26,0.57,-0.53,0,2150000,2150000,2150000,2150000,2150000,50000,43,43,43,43,43
A105190,ACE 200,20080925,,일반,코스피 200,2187379.25,2491125,2597056,2623902.25,2367915,138005,136875,138880,134905,124300,-5.8,-0.82,1.46,-2.86,-7.86,137907.48,136528.89,138374.14,134788.53,123105.58,0.07,0.25,0.37,0.09,0.97,15850000,18200000,18700000,19450000,19050000,50000,317,364,374,389,381
A105780,RISE 5대그룹주,20081022,,일반,MKF 5대그룹주,41600,41880,41790,41380,38970,20800,20940,20895,20690,19485,-4.61,0.67,-0.21,-0.98,-5.82,20711.81,20837.22,20995.56,20811.87,19377.39,0.43,0.49,-0.48,-0.59,0.56,2000000,2000000,2000000,2000000,2000000,200000,10,10,10,10,10
A108450,ACE 삼성그룹섹터가중,20090203,,일반,MKF SAMs SW,104385.5,106057.6,106950,105432,100015.5,45385,46112,46500,45840,43485,-4.02,1.6,0.84,-1.42,-5.14,45519.41,46087.94,46403.09,45788.71,43031.09,-0.3,0.05,0.21,0.11,1.05,2300000,2300000,2300000,2300000,2300000,100000,23,23,23,23,23
A108590,TREX 200,20090123,,일반,코스피 200,27443,27246,27639,26866,24682,137215,136230,138195,134330,123410,-5.68,-0.72,1.44,-2.8,-8.13,137110.26,135618.43,137511.93,133918.02,122246.63,0.08,0.45,0.5,0.31,0.95,200000,200000,200000,200000,200000,50000,4,4,4,4,4
A114800,KODEX 인버스,20090916,,인버스 1X ,코스피 200 선물인버스 지수,932486.7,921849.6,892889.8,922179.6,956755.8,907,912,902,927,1001,6.08,0.55,-1.1,2.77,7.98,902.79,915.62,903.28,930.51,1001.08,0.47,-0.4,-0.14,-0.38,-0.01,1028100000,1010800000,989900000,994800000,955800000,100000,10281,10108,9899,9948,9558
A117460,KODEX 에너지화학,20091012,,일반,KRX 에너지화학,24480.4,26538.4,25960.2,26479.6,25734.8,12490,13540,13245,13510,13130,-5.2,8.41,-2.18,2,-2.81,12462.13,13629.14,13214.32,13542.64,13129.7,0.22,-0.65,0.23,-0.24,0,1960000,1960000,1960000,1960000,1960000,70000,28,28,28,28,28
A117680,KODEX 철강,20091030,,일반,KRX 철강,22879.5,24780,24013.5,24265.5,23656.5,10895,11800,11435,11555,11265,-4.68,8.31,-3.09,1.05,-2.51,10883.54,11800.06,11380.59,11501.13,11298.98,0.11,0,0.48,0.47,-0.3,2100000,2100000,2100000,2100000,2100000,70000,30,30,30,30,30
A117700,KODEX 건설,20091030,,일반,KRX 건설,186756,207711,205015,214210,209475,5910,6615,6550,6910,6650,-6.26,11.93,-0.98,5.5,-3.76,5952.12,6630.35,6521.19,6913.17,6624.96,-0.71,-0.23,0.44,-0.05,0.38,31600000,31400000,31300000,31000000,31500000,100000,316,314,313,310,315
A122090,PLUS 코스피50,20100107,,일반,코스피 50,227175.15,224970.6,230958,227760,209845.5,106655,105620,106925,104000,94525,-6.03,-0.97,1.24,-2.74,-9.11,106579.7,105127.26,106592.02,103494.7,93753.07,0.07,0.47,0.31,0.49,0.82,2130000,2130000,2160000,2190000,2220000,30000,71,71,72,73,74
A122630,KODEX 레버리지,20100222,,레버리지,코스피 200 레버리지지수,8989550.5,9011045,8651958.75,8514978.25,7226598.5,199990,198700,202385,190705,160235,-12.04,-0.65,1.85,-5.77,-15.98,201407.89,196796.18,202024.6,190578.73,159809.9,-0.7,0.97,0.18,0.07,0.27,44950000,45350000,42750000,44650000,45100000,50000,899,907,855,893,902
A123310,TIGER 인버스,20100329,,인버스 1X ,코스피 200 선물인버스 지수,57505.6,58241.4,57335.8,58920.6,64071.2,1016,1029,1013,1041,1132,6.05,1.28,-1.55,2.76,8.74,1013.22,1027.58,1013.81,1044.44,1123.64,0.27,0.14,-0.08,-0.33,0.74,56600000,56600000,56600000,56600000,56600000,100000,566,566,566,566,566
A123320,TIGER 레버리지,20100409,,레버리지,코스피 200 레버리지지수,420336,395670,405180,382330,336462,200160,197835,202590,191165,160220,-11.68,-1.16,2.4,-5.64,-16.19,201541.3,196721.44,202045.71,190426.76,159718.92,-0.69,0.57,0.27,0.39,0.31,2100000,2000000,2000000,2000000,2100000,100000,21,20,20,20,21
A131890,ACE 삼성그룹동일가중,20100917,,일반,MKF SAMs EW Index,16994,17432,17262,17218,16892,42485,43580,43155,43045,42230,-2.18,2.58,-0.98,-0.25,-1.89,42315.79,43610.05,43054.42,43084.6,42084.29,0.4,-0.07,0.23,-0.09,0.35,400000,400000,400000,400000,400000,100000,4,4,4,4,4
A138520,TIGER 삼성그룹,20110307,,일반,MKF SAMs FW,179182.4,183696,183600,178891.2,168696,42260,42720,42500,41410,39050,-5.09,1.09,-0.52,-2.56,-5.7,42572.21,42501.52,42510,41390.08,38948.46,-0.73,0.51,-0.02,0.05,0.26,4240000,4300000,4320000,4320000,4320000,20000,212,215,216,216,216
A138530,TIGER LG그룹플러스,20110310,,일반,MKF LG그룹+ FW,96304,96127.8,93809.1,92601.4,92202,11575,12230,11935,11995,12100,-3.14,5.66,-2.41,0.5,0.88,11555.36,12228.61,11951.39,12018.49,12060.09,0.17,0.01,-0.14,-0.2,0.33,8320000,7860000,7860000,7720000,7620000,20000,416,393,393,386,381
A138540,TIGER 현대차그룹플러스,20110310,,일반,MKF 현대차그룹+ FW,725771.2,755956,747116,750410.4,746415,52745,55585,54935,55340,55290,-4.67,5.38,-1.17,0.74,-0.09,52834.19,55464.1,54666.18,55438.08,55402,-0.17,0.22,0.49,-0.18,-0.2,13760000,13600000,13600000,13560000,13500000,20000,688,680,680,678,675
A139220,TIGER 200 건설,20110406,,일반,코스피 200 건설,139327.2,145265.4,143616,144715.2,136938,7845,8235,8160,8260,7870,-4.97,4.97,-0.91,1.23,-4.72,7814.23,8245.09,8119.18,8226.01,7841.5,0.39,-0.12,0.5,0.41,0.36,17760000,17640000,17600000,17520000,17400000,20000,888,882,880,876,870
A139230,TIGER 200 중공업,20110406,,일반,코스피 200 중공업,292726,313540,309736.4,324942.8,314980.9,14210,15250,15065,15820,15335,-7.37,7.32,-1.21,5.01,-3.07,14310.91,15227.06,15102.74,15749.21,15263.85,-0.71,0.15,-0.25,0.45,0.47,20600000,20560000,20560000,20540000,20540000,20000,1030,1028,1028,1027,1027
A139240,TIGER 200 철강소재,20110406,,일반,코스피 200 철강/소재,5518.7,6003,5776.8,5808.7,5718.8,9515,10350,9960,10015,9860,-5.32,8.78,-3.77,0.55,-1.55,9561.96,10351.11,9940.2,10033.6,9920.05,-0.49,-0.01,0.2,-0.19,-0.61,580000,580000,580000,580000,580000,20000,29,29,29,29,29
A139250,TIGER 200 에너지화학,20110406,,일반,코스피 200 에너지/화학,27705.6,28860,28241.6,27232,25944.4,17760,18500,18580,18400,17530,-4.9,4.17,0.43,-0.97,-4.73,17682.33,18637.91,18538.72,18435.13,17588.15,0.44,-0.74,0.22,-0.19,-0.33,1560000,1560000,1520000,1480000,1480000,20000,78,78,76,74,74
A139260,TIGER 200 IT,20110406,,일반,코스피 200 정보기술,3438095,3494161.2,3642337.5,3665298,3328818.6,189950,187455,193125,191100,170185,-6.22,-1.31,3.02,-1.05,-10.94,189509.64,186673.04,192018.46,190213.01,168705.53,0.23,0.42,0.58,0.47,0.88,18100000,18640000,18860000,19180000,19560000,20000,905,932,943,959,978
A139270,TIGER 200 금융,20110406,,일반,코스피 200 금융,29201.9,30671.4,30522.6,31903.3,32378.6,16045,16490,16410,16445,16690,-3.31,2.77,-0.49,0.21,1.49,15979.47,16421.96,16448.97,16499.81,16742.45,0.41,0.41,-0.24,-0.33,-0.31,1820000,1860000,1860000,1940000,1940000,20000,91,93,93,97,97
A139280,TIGER 경기방어,20110406,,일반,코스피 200 경기방어소비재,38977.8,41349.2,40180.2,40547.6,41315.8,11670,12380,12030,12140,12370,-2.91,6.08,-2.83,0.91,1.89,11700.08,12383.98,12024.08,12203.53,12347.43,-0.26,-0.03,0.05,-0.52,0.18,3340000,3340000,3340000,3340000,3340000,20000,167,167,167,167,167
A139290,TIGER 200 경기소비재,20110406,,일반,코스피 200 경기소비재,6534,6793.2,6748.8,6804,6860.4,27225,28305,28120,28350,28585,-3.46,3.97,-0.65,0.82,0.83,27395.34,28393.4,28112.55,28426.76,28671.9,-0.62,-0.31,0.03,-0.27,-0.3,240000,240000,240000,240000,240000,20000,12,12,12,12,12
A140570,RISE 수출주,20110415,,일반,MKF 수출주 지수,10424,11066,11000,11212,10908,26060,27665,27500,28030,27270,-4.77,6.16,-0.6,1.93,-2.71,26227.15,27736.63,27655.67,28189.46,27167.93,-0.64,-0.26,-0.56,-0.57,0.38,400000,400000,400000,400000,400000,100000,4,4,4,4,4
A140580,RISE 우량업종대표주,20110415,,일반,MKF 우량업종대표주 지수,13040,13487.5,13510,13425,13095,26080,26975,27020,26850,26190,-3.35,3.43,0.17,-0.63,-2.46,26188.5,27138.71,26894.43,27019.91,26228.76,-0.41,-0.6,0.47,-0.63,-0.15,500000,500000,500000,500000,500000,100000,5,5,5,5,5
A140700,KODEX 보험,20110426,,일반,KRX 보험,55810.5,55143.5,53200,52388,52864,19245,19015,19000,18710,18880,-3.12,-1.2,-0.08,-1.53,0.91,19158.69,19082.15,19005.67,18754.76,18867.59,0.45,-0.35,-0.03,-0.24,0.07,2900000,2900000,2800000,2800000,2800000,100000,29,29,28,28,28
A140710,KODEX 운송,20110426,,일반,KRX 운송,10737,11169,10818,11088,11277,5965,6205,6010,6160,6265,-2.61,4.02,-3.14,2.5,1.7,5942.23,6177.46,5998.12,6187,6248.91,0.38,0.45,0.2,-0.44,0.26,1800000,1800000,1800000,1800000,1800000,100000,18,18,18,18,18
A140950,파워 코스피100,20110503,,일반,코스피 100,61213.6,60566.8,61423.6,59609.2,54919.2,109310,108155,109685,106445,98070,-5.32,-1.06,1.41,-2.95,-7.87,108980.79,107842.74,109267.95,106425.25,96959.36,0.3,0.29,0.38,0.02,1.15,560000,560000,560000,560000,560000,40000,14,14,14,14,14
A143860,TIGER 헬스케어,20110718,,일반,KRX 헬스케어,148215.2,164274.5,157926.4,159200,156692.6,37240,41275,39680,40000,39370,-5.07,10.84,-3.86,0.81,-1.57,37227.66,41289.63,39607.73,39842.92,39210.98,0.03,-0.04,0.18,0.39,0.41,3980000,3980000,3980000,3980000,3980000,20000,199,199,199,199,199
A145670,ACE 인버스,20110908,,인버스 1X ,코스피 200 선물인버스 지수,3512.3,3555.7,3503,3592.9,3613.4,1133,1147,1130,1159,1246,4.91,1.24,-1.48,2.57,7.51,1133.16,1149.08,1133.85,1167.84,1257.03,-0.01,-0.18,-0.34,-0.76,-0.88,3100000,3100000,3100000,3100000,2900000,100000,31,31,31,31,29
A145850,TREX 펀더멘탈 200,20110923,,일반,FnGuide-RAFI 코리아200 지수,31887.5,32251.25,32286.25,31942.5,31002.5,127550,129005,129145,127770,124010,-3.91,1.14,0.11,-1.06,-2.94,126183.25,127810.43,128068.28,126538.55,122489.95,1.08,0.93,0.84,0.97,1.24,250000,250000,250000,250000,250000,50000,5,5,5,5,5
A147970,TIGER 모멘텀,20111026,,일반,FnGuide 모멘텀 지수,44544,45645.6,46934.4,47160,44728.8,92800,95095,97780,98250,93185,-5.55,2.47,2.82,0.48,-5.16,93285.14,95243.51,97383.16,98559.61,91867.65,-0.52,-0.16,0.41,-0.31,1.43,480000,480000,480000,480000,480000,20000,24,24,24,24,24
A148020,RISE 200,20111020,,일반,코스피 200,5089739.5,5118150,5146443,5058812.5,4674750,138685,137400,139470,135625,124660,-5.55,-0.93,1.51,-2.76,-8.08,138435.83,137046.81,138909.94,135310.64,123569.31,0.18,0.26,0.4,0.23,0.88,36700000,37250000,36900000,37300000,37500000,50000,734,745,738,746,750
A150460,TIGER 중국소비테마,20111216,,일반,FnGuide 중국내수테마 지수,53015.7,57220.8,56356.2,57472.2,58764.15,6745,7280,7170,7340,7505,-1.82,7.93,-1.51,2.37,2.25,6772.98,7332.56,7157.3,7372.16,7521.33,-0.41,-0.72,0.18,-0.44,-0.22,7860000,7860000,7860000,7830000,7830000,30000,262,262,262,261,261
A152100,PLUS 200,20120110,,일반,코스피 200,1844172,1822261.25,1845536.75,1770210,1627600,139710,138575,140345,136170,125200,-5.48,-0.81,1.28,-2.97,-8.06,139739.24,138248.44,140145.33,136481.26,124602.49,-0.02,0.24,0.14,-0.23,0.48,13200000,13150000,13150000,13000000,13000000,50000,264,263,263,260,260
A152500,ACE 레버리지,20120127,,레버리지,코스피 200 레버리지지수,81430,80455,82455,78110,65165,81430,80455,82455,78110,65165,-12.16,-1.2,2.49,-5.27,-16.57,82111.99,80347.79,82423.42,77715.08,65205.58,-0.83,0.13,0.04,0.51,-0.06,1000000,1000000,1000000,1000000,1000000,100000,10,10,10,10,10
A152870,파워 200,20120213,,일반,코스피 200,176936.5,178535.5,181785.5,176085,162305,136105,137335,139835,135450,124850,-7.47,0.9,1.82,-3.14,-7.83,138644.17,137265.06,139110.69,135510.44,123797.98,-1.83,0.05,0.52,-0.04,0.85,1300000,1300000,1300000,1300000,1300000,50000,26,26,26,26,26
A153270,KIWOOM 코스피100,20120228,,일반,코스피 100,45007.2,46200,45120.6,43959.3,40416.6,107160,110000,107430,104665,96230,-6.16,2.65,-2.34,-2.57,-8.06,107100.55,105946.94,107337.01,104530.25,95112.06,0.06,3.83,0.09,0.13,1.18,420000,420000,420000,420000,420000,20000,21,21,21,21,21
A156080,KODEX MSCI Korea,20120430,,일반,MSCI Korea Index,39771,39243,39774,38625,36420,66285,65405,66290,64375,60700,-5.31,-1.33,1.35,-2.89,-5.71,66033.15,65113.99,66032.32,64107.91,58341.35,0.38,0.45,0.39,0.42,4.04,600000,600000,600000,600000,600000,100000,6,6,6,6,6
A157490,TIGER 소프트웨어,20120516,,일반,FnGuide 소프트웨어 지수,74589.2,79682.4,78540,78825.6,80063.2,7835,8370,8250,8280,8410,-2.61,6.83,-1.43,0.36,1.57,7864.45,8377.28,8245.12,8306.76,8389.42,-0.37,-0.09,0.06,-0.32,0.25,9520000,9520000,9520000,9520000,9520000,20000,476,476,476,476,476
A157500,TIGER 증권,20120516,,일반,FnGuide 증권 지수,282686,303205.2,307135,314202.6,294218.4,14050,15130,15250,15570,14770,-7.51,7.69,0.79,2.1,-5.14,14145.31,15168.96,15204.89,15555.29,14857.68,-0.67,-0.26,0.3,0.09,-0.59,20120000,20040000,20140000,20180000,19920000,20000,1006,1002,1007,1009,996
A159800,마이티 코스피100,20120705,,일반,코스피 100,30801.4,30532.6,31015.6,30000.6,27473.6,110005,109045,110770,107145,98120,-5.84,-0.87,1.58,-3.27,-8.42,110078.61,108912.59,110372.66,107480.55,97861.99,-0.07,0.12,0.36,-0.31,0.26,280000,280000,280000,280000,280000,40000,7,7,7,7,7
A161510,PLUS 고배당주,20120829,,일반,FnGuide 배당주 지수,2168736,2261963.4,2258667.45,2284564.2,2319799.5,23200,24020,23985,24260,24705,-2.95,3.92,-0.15,1.15,1.83,23120.91,24052.67,23941.02,24291.87,24572.13,0.34,-0.14,0.18,-0.13,0.54,93480000,94170000,94170000,94170000,93900000,30000,3116,3139,3139,3139,3130
A166400,TIGER 200커버드콜OTM,20121025,,일반,코스피 200 커버드콜 5% OTM 지수(PR 지수),12097.5,12087.5,12240,12170,11450,24195,24175,24480,24340,22900,-2.95,0.33,1.26,-0.57,-5.92,24868.79,24603.51,25174.17,24459.21,23578.29,-2.71,-1.74,-2.76,-0.49,-2.88,500000,500000,500000,500000,500000,100000,5,5,5,5,5
A174350,TIGER 로우볼,20130620,,일반,FnGuide 로우볼 지수,9007.2,9345.6,9312,9388.8,9609.6,18765,19470,19400,19560,20020,-1.37,3.76,-0.36,0.82,2.35,18808.27,19599.01,19353.7,19661.16,20162.83,-0.23,-0.66,0.24,-0.51,-0.71,480000,480000,480000,480000,480000,20000,24,24,24,24,24
A192720,파워 고배당저변동성,20140220,,일반,코스피 200 고배당지수,30626.1,31825.95,31475.4,31848.75,32849.1,53730,55835,55220,55875,57630,-1.25,3.92,-1.1,1.19,3.14,53653.18,56099.12,55180.96,56108.89,57543.09,0.14,-0.47,0.07,-0.42,0.15,570000,570000,570000,570000,570000,30000,19,19,19,19,19
A210780,TIGER 코스피고배당,20141205,,일반,코스피 고배당 50,71145.45,74042.55,73593,74741.85,74745,21365,22235,22100,22445,22650,-2.53,4.07,-0.61,1.56,0.91,21439.45,22344.83,22163.7,22532.11,22691.86,-0.35,-0.49,-0.29,-0.39,-0.18,3330000,3330000,3330000,3330000,3300000,30000,111,111,111,111,110
A211560,TIGER 배당성장,20141217,,일반,코스피 배당성장 50,73715.4,75093.15,74422.2,74997.3,75615,33660,35255,34940,35210,35500,-2.39,4.74,-0.89,0.77,0.82,33515.91,35109.63,34814.67,35336.8,35657.07,0.43,0.41,0.36,-0.36,-0.44,2190000,2130000,2130000,2130000,2130000,30000,73,71,71,71,71
A211900,KODEX 코리아배당성장,20141217,,일반,코스피 배당성장 50,86726.25,90788.75,90496.25,91308.75,90672,26685,27935,27845,28095,28335,-2.61,4.76,-0.32,0.9,0.85,26748.96,28025.53,27789.43,28208.26,28464.24,-0.24,-0.32,0.2,-0.4,-0.45,3250000,3250000,3250000,3250000,3200000,50000,65,65,65,65,64
A213610,KODEX 삼성그룹밸류,20150108,,일반,WISE 삼성그룹밸류 인덱스,290950,292675,294112.5,288420,275425,25300,25450,25575,25080,23950,-3.08,0.59,0.49,-1.94,-4.51,25196.74,25454.86,25482.14,25128.22,23955.82,0.41,-0.02,0.36,-0.19,-0.02,11500000,11500000,11500000,11500000,11500000,100000,115,115,115,115,115
A215620,HK S&P코리아로우볼,20150325,,일반,S&P Korea 저변동성 지수,7916.4,8253.9,8208,8275.5,8499.6,14660,15285,15200,15325,15740,-3.52,4.26,-0.56,0.82,2.71,14818.87,15434.73,15176.36,15454.69,15609.37,-1.07,-0.97,0.16,-0.84,0.84,540000,540000,540000,540000,540000,30000,18,18,18,18,18
A223190,KODEX 200가치저변동,20150626,,일반,코스피 200 가치저변동성 지수,29560,30075,30085,29800,29205,29560,30075,30085,29800,29205,-4.07,1.74,0.03,-0.95,-2,29519.37,30035.58,30078.73,29754.48,29005.93,0.14,0.13,0.02,0.15,0.69,1000000,1000000,1000000,1000000,1000000,100000,10,10,10,10,10
A226380,ACE Fn성장소비주도주,20150819,,일반,FnGuide 성장소비주도 지수,3650.5,4007.5,3899,3972.5,4063.5,5215,5725,5570,5675,5805,-2.71,9.78,-2.71,1.88,2.29,5253.29,5700.91,5540.87,5697.6,5781.83,-0.73,0.42,0.53,-0.4,0.4,700000,700000,700000,700000,700000,100000,7,7,7,7,7
A226490,KODEX 코스피,20150824,,일반,코스피지수,1179633,1192596,1199914.5,1172241,1106025.75,86420,86420,87585,84945,79285,-6.31,0,1.35,-3.01,-6.66,86557.1,86411.11,87246.44,85435.35,78702.84,-0.16,0.01,0.39,-0.57,0.74,13650000,13800000,13700000,13800000,13950000,50000,273,276,274,276,279
A226980,KODEX 200 중소형,20150901,,일반,코스피 200 중소형주지수,20304,21510,21267,21942,21483,22560,23900,23630,24380,23870,-2.65,5.94,-1.13,3.17,-2.09,22465.59,23823,23635.87,24371.56,23866.9,0.42,0.32,-0.02,0.03,0.01,900000,900000,900000,900000,900000,100000,9,9,9,9,9
A227540,TIGER 200 헬스케어,20150923,,일반,코스피 200 헬스케어,29089.2,31614.7,30319.9,30568.9,30759.8,17315,19045,18265,18415,18530,-5.12,9.99,-4.1,0.82,0.62,17359.15,19171.96,18201.48,18344.5,18496.4,-0.25,-0.66,0.35,0.38,0.18,1680000,1660000,1660000,1660000,1660000,20000,84,83,83,83,83
A227550,TIGER 200 산업재,20150923,,일반,코스피 200 산업재,3964.4,4287.4,8061.9,8461.2,8302.8,11660,12610,12215,12820,12580,-5.78,8.15,-3.13,4.95,-1.87,11744.45,12630.58,12300.59,12880.73,12662.07,-0.72,-0.16,-0.7,-0.47,-0.65,340000,340000,660000,660000,660000,20000,17,17,33,33,33
A227560,TIGER 200 생활소비재,20150923,,일반,코스피 200 생활소비재,2605.9,2769.8,4419,4537.8,4591.8,11845,12590,12275,12605,12755,-2.91,6.29,-2.5,2.69,1.19,11908.82,12537.25,12246.14,12553.6,12783.09,-0.54,0.42,0.24,0.41,-0.22,220000,220000,360000,360000,360000,20000,11,11,18,18,18
A227570,TIGER 우량가치,20150923,,일반,FnGuide 퀄리티 밸류 지수,6253.5,6537.3,9388.8,9580.8,9580.8,18950,19810,19560,19960,19960,-2.55,4.54,-1.26,2.04,0,18979.75,19983.1,19688.15,20038.25,20094.95,-0.16,-0.87,-0.65,-0.39,-0.67,330000,330000,480000,480000,480000,30000,11,11,16,16,16
A227830,PLUS 코스피,20150923,,일반,코스피지수,21847.5,21838.75,22102.5,21520,19725,87390,87355,88410,86080,78900,-6,-0.04,1.21,-2.64,-8.34,87055.87,86896.81,87750.04,85953.37,79158.92,0.38,0.53,0.75,0.15,-0.33,250000,250000,250000,250000,250000,50000,5,5,5,5,5
A228790,TIGER 화장품,20151007,,일반,WISE 화장품 지수,232765.2,252205.8,247901.85,262462.5,270685.8,3320,3605,3545,3750,3780,-1.34,8.58,-1.66,5.78,0.8,3334.27,3594.35,3539.15,3759.51,3780.25,-0.43,0.3,0.17,-0.25,-0.01,70110000,69960000,69930000,69990000,71610000,30000,2337,2332,2331,2333,2387
A228800,TIGER 여행레저,20151007,,일반,WISE 여행레저 지수,69854.4,73953.6,72070.8,73321.2,75108,2695,2840,2755,2790,2845,-3.41,5.38,-2.99,1.27,1.97,2685.98,2834.5,2738.85,2779.73,2825.73,0.34,0.19,0.59,0.37,0.68,25920000,26040000,26160000,26280000,26400000,30000,864,868,872,876,880
A228810,TIGER 미디어컨텐츠,20151007,,일반,WISE 미디어컨텐츠 지수,73511.1,81464.4,79851.45,81868.5,82845,3090,3420,3365,3450,3500,-3.29,10.68,-1.61,2.53,1.45,3106.93,3440.63,3344.54,3436.1,3482.15,-0.54,-0.6,0.61,0.4,0.51,23790000,23820000,23730000,23730000,23670000,30000,793,794,791,791,789
A228820,TIGER KTOP30,20151014,,일반,KTOP 30,21232.5,21166,27048,26370,24702,22350,22280,22540,21975,20585,-4.61,-0.31,1.17,-2.51,-6.33,22321.3,22227.15,22454.55,21928.26,20460.86,0.13,0.24,0.38,0.21,0.61,950000,950000,1200000,1200000,1200000,50000,19,19,24,24,24
A229200,KODEX 코스닥150,20151001,,일반,코스닥 150,4493307,4952008.5,4876736,4907700,4626972,15260,16710,16565,16625,15480,-3.84,9.5,-0.87,0.36,-6.89,15308.91,16627.23,16526.6,16640.04,15362.33,-0.32,0.5,0.23,-0.09,0.77,294450000,296350000,294400000,295200000,298900000,50000,5889,5927,5888,5904,5978
A229720,KODEX KTOP30,20151014,,일반,KTOP 30,26460,26664,26910,26250,24510,44100,44440,44850,43750,40850,-5.58,0.77,0.92,-2.45,-6.63,44396.82,44215.45,44686.51,43604.36,40629.97,-0.67,0.51,0.37,0.33,0.54,600000,600000,600000,600000,600000,100000,6,6,6,6,6
A232080,TIGER 코스닥150,20151112,,일반,코스닥 150,1338322,1461729.1,1440001,1454897.7,1348740.8,15580,16985,16850,16945,15760,-3.71,9.02,-0.79,0.56,-6.99,15596.45,16940.08,16836.71,16952.49,15652.26,-0.11,0.27,0.08,-0.04,0.69,85900000,86060000,85460000,85860000,85580000,20000,4295,4303,4273,4293,4279
A233160,TIGER 코스닥150 레버리지,20151217,,레버리지,코스닥 150 레버리지지수,169306.5,201684,199251.25,202293,175698,10230,12005,11825,11970,10215,-7.04,17.35,-1.5,1.23,-14.66,10171.91,11956.83,11701.71,11909.64,10108.82,0.57,0.4,1.05,0.51,1.05,16550000,16800000,16850000,16900000,17200000,50000,331,336,337,338,344
A233740,KODEX 코스닥150레버리지,20151217,,레버리지,코스닥 150 레버리지지수,3039439,3653832,3644532.5,3789905,3223788,9230,10920,10735,10850,9320,-7.98,18.31,-1.69,1.07,-14.1,9267.49,10911.34,10671.5,10855.65,9216.12,-0.4,0.08,0.6,-0.05,1.13,329300000,334600000,339500000,349300000,345900000,100000,3293,3346,3395,3493,3459
A234310,RISE V&S셀렉트밸류,20160202,,일반,FnGuide 셀렉트밸류 지수,14895,15262.5,15352.5,15175,14642.5,29790,30525,30705,30350,29285,-4.47,2.47,0.59,-1.16,-3.51,29979.08,30498.6,30630.32,30365.74,29330.06,-0.63,0.09,0.24,-0.05,-0.15,500000,500000,500000,500000,500000,100000,5,5,5,5,5
A237350,KODEX 코스피100,20160127,,일반,코스피 100,1192266,1184760,1204200,1176465.5,1077893.25,110395,109700,111500,108430,99345,-6.64,-0.63,1.64,-2.75,-8.38,110856.26,109708.2,111168.08,108256.56,98596.58,-0.42,-0.01,0.3,0.16,0.76,10800000,10800000,10800000,10850000,10850000,50000,216,216,216,217,217
A243880,TIGER 200IT레버리지,20160513,,레버리지,코스피 200 정보기술 레버리지지수,1110641,1111500,1164189.38,1138404,884800,793315,780000,816975,798880,632000,-12.56,-1.68,4.74,-2.21,-20.89,791181.21,773424.31,809982.47,798584.57,615781.41,0.27,0.85,0.86,0.04,2.63,1400000,1425000,1425000,1425000,1400000,25000,56,57,57,57,56
A243890,TIGER 200에너지화학레버리지,20160513,,레버리지,코스피 200 에너지/화학 레버리지지수,5725,6246.88,6250,6184.38,5606.25,9160,9995,10000,9895,8970,-10.59,9.12,0.05,-1.05,-9.35,8973.35,9996.03,10015.55,9821.69,8812.48,2.08,-0.01,-0.16,0.75,1.79,625000,625000,625000,625000,625000,25000,25,25,25,25,25
A244580,KODEX 바이오,20160513,,일반,FnGuide 바이오 지수,212689.6,242457.6,230260.8,233727.6,229795.2,8660,9840,9345,9455,9090,-4.63,13.63,-5.03,1.18,-3.86,8624.56,9777.31,9335.85,9450.81,9131.96,0.41,0.64,0.1,0.04,-0.46,24560000,24640000,24640000,24720000,25280000,80000,307,308,308,309,316
A244620,KODEX 모멘텀Plus,20160513,,일반,FnGuide 모멘텀PLUS 지수,16737,17146.5,18109,18557,16975,23910,24495,25870,26510,24250,-3.26,2.45,5.61,2.47,-8.53,24072.21,24462.05,25773.5,26633.12,24161.73,-0.67,0.13,0.37,-0.46,0.37,700000,700000,700000,700000,700000,100000,7,7,7,7,7
A244660,KODEX 퀄리티Plus,20160513,,일반,FnGuide 퀄리티PLUS 지수,4255,4515,4537.5,4555,4687.5,8510,9030,9075,9110,9375,-3.3,6.11,0.5,0.39,2.91,8570.36,9150.81,8967.06,9183.32,9323.73,-0.7,-1.32,1.2,-0.8,0.55,500000,500000,500000,500000,500000,100000,5,5,5,5,5
A244670,KODEX 밸류Plus,20160513,,일반,FnGuide 밸류PLUS 지수,6483,6897,6819,6981,7062,10805,11495,11365,11635,11770,-2.66,6.39,-1.13,2.38,1.16,10910.9,11514.43,11401.36,11724.53,11697.6,-0.97,-0.17,-0.32,-0.76,0.62,600000,600000,600000,600000,600000,100000,6,6,6,6,6
A250780,TIGER 코스닥150선물인버스,20160810,,인버스 1X ,F-코스닥150 인버스지수,9451.75,8604.75,8775,8736,9360,2455,2235,2250,2240,2400,4.03,-8.96,0.67,-0.44,7.14,2449.77,2230.23,2263.69,2237.82,2409.32,0.21,0.21,-0.6,0.1,-0.39,3850000,3850000,3900000,3900000,3900000,50000,77,77,78,78,78
A251340,KODEX 코스닥150선물인버스,20160810,,인버스 1X ,F-코스닥150 인버스지수,183388.5,169608,167926,163013,177682.5,2455,2220,2245,2230,2385,4.69,-9.57,1.13,-0.67,6.95,2458.93,2238.2,2271.89,2245.98,2417.72,-0.16,-0.81,-1.18,-0.71,-1.35,74700000,76400000,74800000,73100000,74500000,100000,747,764,748,731,745
A251590,PLUS 고배당저변동50,20160811,,일반,FnGuide 고배당저변동50 지수,11109,11518.5,11438,11532.5,11742.5,15870,16455,16340,16475,16775,-0.94,3.69,-0.7,0.83,1.82,15796.95,16385.21,16264.91,16558.4,16699.41,0.46,0.43,0.46,-0.5,0.45,700000,700000,700000,700000,700000,50000,14,14,14,14,14
A252000,TIGER 200동일가중,20160920,,일반,코스피 200 동일가중지수,14680,15760,15572,15712,11727,18350,19700,19465,19640,19545,-4.95,7.36,-1.19,0.9,-0.48,18566.12,19745.23,19380.28,19769.23,19601.86,-1.16,-0.23,0.44,-0.65,-0.29,800000,800000,800000,800000,600000,50000,16,16,16,16,12
A252400,RISE 200선물레버리지,20160912,,레버리지,코스피 200 선물레버리지지수,129150,127176,131022.5,123231.5,104083,184500,181680,187175,176045,148690,-11.87,-1.53,3.02,-5.95,-15.54,186862.42,182063.53,187058.38,175931.29,148819.96,-1.26,-0.21,0.06,0.06,-0.09,700000,700000,700000,700000,700000,100000,7,7,7,7,7
A252410,RISE 200선물인버스,20160912,,인버스 1X ,코스피 200 선물인버스 지수,2318,2326,2300,2362,2492,1159,1163,1150,1181,1246,4.23,0.35,-1.12,2.7,5.5,1154.34,1170.24,1154.84,1190.4,1280.02,0.4,-0.62,-0.42,-0.79,-2.66,2000000,2000000,2000000,2000000,2000000,100000,20,20,20,20,20
A252420,RISE 200선물인버스2X,20160922,,인버스 2X ,코스피 200 선물인버스 -2X 지수,3592.8,3642.7,3542.9,3742.5,4341.3,72,73,71,75,87,14.29,1.39,-2.74,5.63,16,71.04,72.91,70.96,75.42,86.05,1.35,0.12,0.06,-0.56,1.1,49900000,49900000,49900000,49900000,49900000,100000,499,499,499,499,499
A252650,KODEX 200동일가중,20160920,,일반,코스피 200 동일가중지수,17700,18870,18620,18845,15112,17700,18870,18620,18845,18890,-4.3,6.61,-1.32,1.21,0.24,17784.78,18915.96,18565.71,18939.97,18779.89,-0.48,-0.24,0.29,-0.5,0.59,1000000,1000000,1000000,1000000,800000,100000,10,10,10,10,8
A252670,KODEX 200선물인버스2X,20160922,,인버스 2X ,코스피 200 선물인버스 -2X 지수,917196.3,933678.4,912835.5,938750.4,1048185.6,69,71,69,72,84,11.29,2.9,-2.82,4.35,16.67,68.99,70.82,68.94,73.06,84.23,0.01,0.25,0.09,-1.45,-0.27,13292700000,13150400000,13229500000,13038200000,12478400000,100000,132927,131504,132295,130382,124784
A252710,TIGER 200선물인버스2X,20160922,,인버스 2X ,코스피 200 선물인버스 -2X 지수,30455.6,30982.5,29743.2,30999.6,33255.2,73,75,72,79,88,10.61,2.74,-4,9.72,11.39,73.61,75.67,73.59,77.96,90.04,-0.83,-0.89,-2.16,1.33,-2.27,417200000,413100000,413100000,392400000,377900000,100000,4172,4131,4131,3924,3779
A253150,PLUS 200선물레버리지,20160929,,레버리지,코스피 200 선물레버리지지수,92153.75,90728.75,94045,88176.25,74070,368615,362915,376180,352705,296280,-12.62,-1.55,3.66,-6.24,-16,373333.91,364220.67,373827.64,351675.36,297096.79,-1.26,-0.36,0.63,0.29,-0.27,250000,250000,250000,250000,250000,50000,5,5,5,5,5
A253160,PLUS 200선물인버스2X,20160922,,인버스 2X ,코스피 200 선물인버스 -2X 지수,1688.85,1737.45,1688.85,1675.8,1983.6,139,143,139,147,174,13.01,2.88,-2.8,5.76,18.37,139.88,143.8,139.83,148.35,170.65,-0.63,-0.56,-0.59,-0.91,1.96,12150000,12150000,12150000,11400000,11400000,50000,243,243,243,228,228
A253230,KIWOOM 200선물인버스2X,20160922,,인버스 2X ,코스피 200 선물인버스 -2X 지수,2580.6,2580.6,2505.8,2543.2,3029.4,69,69,67,68,81,13.11,0,-2.9,1.49,19.12,67.57,69.46,67.58,71.54,82.48,2.12,-0.66,-0.86,-4.95,-1.79,37400000,37400000,37400000,37400000,37400000,10000,3740,3740,3740,3740,3740
A253240,KIWOOM 200선물인버스,20160912,,인버스 1X ,코스피 200 선물인버스 지수,1424.96,1420.08,1396.9,1437.16,1550.62,1168,1164,1145,1178,1271,7.35,-0.34,-1.63,2.88,7.89,1157.6,1173.73,1158,1192.82,1283.69,0.9,-0.83,-1.12,-1.24,-0.99,1220000,1220000,1220000,1220000,1220000,10000,122,122,122,122,122
A253250,KIWOOM 200선물레버리지,20160912,,레버리지,코스피 200 선물레버리지지수,90517.5,89075,91542.5,86277.5,69174.6,181035,178150,183085,172555,147180,-11.44,-1.59,2.77,-5.75,-14.71,183187.15,178323.27,183124.97,172093,145786.08,-1.17,-0.1,-0.02,0.27,0.96,500000,500000,500000,500000,470000,10000,50,50,50,50,47
A253280,RISE 헬스케어,20160923,,일반,FnGuide 헬스케어 지수,8479.25,9366.5,9041.5,8313,8193,13045,14410,13910,13855,13655,-5.51,10.46,-3.47,-0.4,-1.44,13063.73,14458.81,13887.08,13913.33,13692.55,-0.14,-0.34,0.17,-0.42,-0.27,650000,650000,650000,600000,600000,50000,13,13,13,12,12
A261060,TIGER 코스닥150IT,20161215,,일반,코스닥 150 정보기술,34983,35711,37056.5,38187.5,33832.5,26910,27470,28505,29375,26025,-0.63,2.08,3.77,3.05,-11.4,26798.03,27427.42,28671.04,29448.45,25869.28,0.42,0.16,-0.58,-0.25,0.6,1300000,1300000,1300000,1300000,1300000,20000,65,65,65,65,65
A261070,TIGER 코스닥150바이오테크,20161215,,일반,코스닥 150 생명기술,59708,68176.2,65423.4,65349.7,63181.2,13570,15355,14735,14785,14230,-6.57,13.15,-4.04,0.34,-3.75,13580.57,15288.49,14666.31,14722.54,14173.27,-0.08,0.44,0.47,0.42,0.4,4400000,4440000,4440000,4420000,4440000,20000,220,222,222,221,222
A261140,TIGER 우선주,20170106,,일반,코스피 우선주 지수,39168,39520.8,39808.8,38815.7,36891.6,27200,27445,27645,27335,25980,-4.36,0.9,0.73,-1.12,-4.96,27227.41,27459.86,27522.81,27399.18,25879.32,-0.1,-0.05,0.44,-0.23,0.39,1440000,1440000,1440000,1420000,1420000,20000,72,72,72,71,71
A266160,RISE 고배당,20170414,,일반,FnGuide 고배당포커스 지수,245133,245227.5,247495.5,242203.5,229235,38910,38925,39285,38445,36100,-5.82,0.04,0.92,-2.14,-6.1,39028.07,38841.79,39239.56,38340.92,35921.28,-0.3,0.21,0.12,0.27,0.5,6300000,6300000,6300000,6300000,6350000,50000,126,126,126,126,127
A266360,KODEX K콘텐츠,20170328,,일반,KRX K콘텐츠,30739.5,33412.5,33148.5,33808.5,34303.5,9315,10125,10045,10245,10395,-3.47,8.7,-0.79,1.99,1.46,9378.52,10101.69,9991.08,10185.41,10353.72,-0.68,0.23,0.54,0.59,0.4,3300000,3300000,3300000,3300000,3300000,100000,33,33,33,33,33
A266370,KODEX IT,20170328,,일반,KRX 정보기술,135045,144320,147936,144984,129440,90030,90200,92460,90615,80900,-5.86,0.19,2.51,-2,-10.72,90400.36,90021.9,92394.69,90382.94,80045.39,-0.41,0.2,0.07,0.26,1.07,1500000,1600000,1600000,1600000,1600000,100000,15,16,16,16,16
A266390,KODEX 경기소비재,20170328,,일반,KRX 경기소비재,14161.5,14517,14490,14805,14931,15735,16130,16100,16450,16590,-2.39,2.51,-0.19,2.17,0.85,15677.21,16162.41,16143.74,16480.46,16600.24,0.37,-0.2,-0.27,-0.18,-0.06,900000,900000,900000,900000,900000,100000,9,9,9,9,9
A266410,KODEX 필수소비재,20170328,,일반,KRX 필수소비재,11774,12586,12411,12642,13020,8410,8990,8865,9030,9300,-2.55,6.9,-1.39,1.86,2.99,8469.71,9026.89,8827.54,9081.2,9267.56,-0.7,-0.41,0.42,-0.56,0.35,1400000,1400000,1400000,1400000,1400000,200000,7,7,7,7,7
A266420,KODEX 헬스케어,20170328,,일반,KRX 헬스케어,69085,77141.5,73861.5,73943.5,72816,16850,18815,18015,18035,17760,-5.6,11.66,-4.25,0.11,-1.52,16900.19,18744.19,17980.77,18084.17,17803.37,-0.3,0.38,0.19,-0.27,-0.24,4100000,4100000,4100000,4100000,4100000,100000,41,41,41,41,41
A266550,PLUS 중형주저변동50,20170328,,일반,FnGuide 중형주저변동50지수,4350,4577.5,4600,9192.5,9372.5,17400,18310,18400,18385,18745,-3.2,5.23,0.49,-0.08,1.96,17522.04,18440.51,18180.85,18517.84,18664.66,-0.7,-0.71,1.21,-0.72,0.43,250000,250000,250000,500000,500000,50000,5,5,5,10,10
A267770,TIGER 200선물레버리지,20170425,,레버리지,코스피 200 선물레버리지지수,336424,332387,340747,320947,270325,152920,151085,154885,145885,122875,-11.85,-1.2,2.52,-5.81,-15.77,154584.78,150725.21,154829.12,145510.8,123115.92,-1.08,0.24,0.04,0.26,-0.2,2200000,2200000,2200000,2200000,2200000,100000,22,22,22,22,22
A270800,RISE KQ고배당,20170707,,일반,FnGuide KQ고배당포커스지수,8200.5,8794.5,8841.25,9091.5,8602,14910,15990,16075,16530,15640,-2.55,7.24,0.53,2.83,-5.38,14961.57,16106.51,16200.04,16455.88,15755.67,-0.34,-0.72,-0.77,0.45,-0.73,550000,550000,550000,550000,550000,50000,11,11,11,11,11
A270810,RISE 코스닥150,20170616,,일반,코스닥 150,347432.8,379350.4,376376,380001.1,351899.6,15185,16580,16450,16565,15340,-3.86,9.19,-0.78,0.7,-7.4,15221.35,16529.8,16428.79,16541.91,15273.04,-0.24,0.3,0.13,0.14,0.44,22880000,22880000,22880000,22940000,22940000,20000,1144,1144,1144,1147,1147
A275280,KODEX 모멘텀주,20170711,,일반,MSCI Korea IMI Momentum Capped,43436,43344,44196,43164,39620,54295,54180,55245,53955,49525,-6.4,-0.21,1.97,-2.34,-8.21,54333.04,54006.54,55031.79,54292.06,49289.43,-0.07,0.32,0.39,-0.62,0.48,800000,800000,800000,800000,800000,100000,8,8,8,8,8
A275290,KODEX 가치주,20170711,,일반,MSCI Korea IMI Enhanced Value Capped,37890,37345.5,37894.5,36994.5,34830,42100,41495,42105,41105,38700,-6.1,-1.44,1.47,-2.38,-5.85,41946.32,41469.09,41943.15,41354.8,38207.09,0.37,0.06,0.39,-0.6,1.29,900000,900000,900000,900000,900000,100000,9,9,9,9,9
A275300,KODEX 우량주,20170711,,일반,MSCI Korea IMI Quality Capped,64226,63750,64889,63971,60146,37780,37500,38170,37630,35380,-5.61,-0.74,1.79,-1.41,-5.98,37637.31,37404.44,38011.09,37543.09,34318.48,0.38,0.26,0.42,0.23,3.09,1700000,1700000,1700000,1700000,1700000,100000,17,17,17,17,17
A275750,RISE 코스닥150선물인버스,20170801,,인버스 1X ,F-코스닥150 인버스지수,2227.5,2038.5,2056.5,2034,2182.5,2475,2265,2285,2260,2425,2.91,-8.48,0.88,-1.09,7.3,2482.91,2261.18,2295.36,2268.97,2442.12,-0.32,0.17,-0.45,-0.4,-0.7,900000,900000,900000,900000,900000,50000,18,18,18,18,18
A277630,TIGER 코스피,20170831,,일반,코스피지수,541661.25,539693.25,545689.5,529876.5,490074,88075,87755,88730,86865,80340,-5.54,-0.36,1.11,-2.1,-7.51,87740.92,87587.35,88444.37,86634.01,79803.41,0.38,0.19,0.32,0.27,0.67,6150000,6150000,6150000,6100000,6100000,50000,123,123,123,122,122
A277640,TIGER 코스피대형주,20170831,,일반,코스피 대형주 지수,86441.25,86746.5,87653,85534.75,78856.25,46725,46890,47380,46235,42625,-6.52,0.35,1.04,-2.42,-7.81,46952.95,46685.92,47193.63,46071.07,42249.15,-0.49,0.44,0.39,0.36,0.89,1850000,1850000,1850000,1850000,1850000,50000,37,37,37,37,37
A277650,TIGER 코스피중형주,20170831,,일반,코스피 중형주 지수,4056,4300,8520,8858,8660,20280,21500,21300,22145,21650,-4.11,6.02,-0.93,3.97,-2.24,20396.22,21574.73,21439.67,22048.46,21545.6,-0.57,-0.35,-0.65,0.44,0.48,200000,200000,400000,400000,400000,50000,4,4,8,8,8
A278240,RISE 코스닥150선물레버리지,20170831,,레버리지,F-코스닥150 레버리지지수,69293,81595.5,81303.75,82451.25,70942.5,10420,12270,12045,12215,10510,-7.62,17.75,-1.83,1.41,-13.96,10432.94,12309.14,11980.46,12235.01,10379.75,-0.12,-0.32,0.54,-0.16,1.25,6650000,6650000,6750000,6750000,6750000,10000,665,665,675,675,675
A278530,KODEX 200TR,20171121,,일반,코스피 200 TR지수,9356966.25,9312612,9316822.5,9126141,8380690.5,49705,49430,49650,48595,44590,-5.7,-0.55,0.45,-2.12,-8.24,49691.55,49208.91,49865.4,48575,44383.09,0.03,0.45,-0.43,0.04,0.47,188250000,188400000,187650000,187800000,187950000,150000,1255,1256,1251,1252,1253
A278540,KODEX MSCI Korea TR,20171109,,일반,MSCI Korea TR Index,3248875,3209659.5,3261391,3161552.5,2893669,49375,48705,49490,47975,43910,-6.15,-1.36,1.61,-3.06,-8.47,49299.93,48611.52,49299.25,47857.32,43539.6,0.15,0.19,0.39,0.25,0.85,65800000,65900000,65900000,65900000,65900000,100000,658,659,659,659,659
A279530,KODEX 고배당주,20171017,,일반,FnGuide 고배당 Plus 지수,312000,324967.5,324870,327307.5,330336,16000,16665,16660,16785,17205,-1.96,4.65,-0.03,0.75,2.5,15974.73,16626.97,16629.28,16849.13,17176.25,0.16,0.23,0.18,-0.38,0.17,19500000,19500000,19500000,19500000,19200000,100000,195,195,195,195,192
A279540,KODEX 최소변동성,20171017,,일반,KRX 최소변동성 지수,13998,14424,14670,14586,13827,23330,24040,24450,24310,23045,-5.36,3.04,1.71,-0.57,-5.2,23517.89,24241.99,24371.78,24219.29,22930.57,-0.8,-0.83,0.32,0.37,0.5,600000,600000,600000,600000,600000,100000,6,6,6,6,6
A280920,PLUS 주도업종,20171017,,일반,FnGuide 주도업종 지수,15023.25,15287.25,15554,15259.75,14421,27315,27795,28280,27745,26220,-4.83,1.76,1.74,-1.89,-5.5,27453.23,27792.25,28153.66,27914.77,26394.51,-0.5,0.01,0.45,-0.61,-0.66,550000,550000,550000,550000,550000,50000,11,11,11,11,11
A281990,RISE 중소형고배당,20171102,,일반,FnGuide 중소형고배당포커스지수(시장가격지수),9006.25,9413.25,9289.5,9427,9655.25,16375,17115,16890,17140,17555,-1.89,4.52,-1.31,1.48,2.42,16406.91,17176.24,16941.68,17278.07,17466.11,-0.19,-0.36,-0.31,-0.8,0.51,550000,550000,550000,550000,550000,50000,11,11,11,11,11
A284980,RISE 200금융,20171208,,일반,코스피 200 금융,19174.5,19759.5,19764,19741.5,20074.5,21305,21955,21960,21935,22305,-3.58,3.05,0.02,-0.11,1.69,21271.39,21863.14,21897.34,21964.92,22300.86,0.16,0.42,0.29,-0.14,0.02,900000,900000,900000,900000,900000,20000,45,45,45,45,45
A285690,FOCUS ESG리더스,20171213,,일반,KRX ESG Leaders 150,7880.25,8190,8244.25,8317.75,7995.75,22515,23400,23555,23765,22845,-4.7,3.93,0.66,0.89,-3.87,22555.25,23394.11,23451.13,23688.59,22780.99,-0.18,0.03,0.44,0.32,0.28,350000,350000,350000,350000,350000,50000,7,7,7,7,7
A289040,KODEX MSCI KOREA ESG유니버설,20180207,,일반,MSCI Korea ESG Universal Capped Index,24117,24705,24912,24180,23109,40195,41175,41520,40300,38515,-7.62,2.44,0.84,-2.94,-4.43,40837.44,40745.35,41277.08,40324.67,37149.54,-1.57,1.05,0.59,-0.06,3.68,600000,600000,600000,600000,600000,100000,6,6,6,6,6
A289250,TIGER MSCI KOREA ESG유니버설,20180207,,일반,MSCI Korea ESG Universal Index,28386.6,28373.4,28713.3,27766.2,25796.1,43010,42990,43505,42070,39085,-4.83,-0.05,1.2,-3.3,-7.1,42850.2,42778.01,43315.01,42338.23,38910.68,0.37,0.5,0.44,-0.63,0.45,660000,660000,660000,660000,660000,30000,22,22,22,22,22
A289260,TIGER MSCI KOREA ESG리더스,20180207,,일반,MSCI Korea Country ESG Leaders Capped Index,20835,21144,21405,21114,19656,34725,35240,35675,35190,32760,-6.33,1.48,1.23,-1.36,-6.91,34758.91,35191.75,35513.79,35280.6,32535.26,-0.1,0.14,0.45,-0.26,0.69,600000,600000,600000,600000,600000,30000,20,20,20,20,20
A289480,TIGER 200커버드콜,20180209,,일반,코스피 200 커버드콜 ATM 지수,28290,27611.5,28416.5,29060.5,27266.5,12300,12005,12355,12635,11855,-1.24,-1.72,2.92,2.27,-6.17,12275.93,12672.27,12690.57,12325.44,12331.8,0.2,-5.27,-2.64,2.51,-3.87,2300000,2300000,2300000,2300000,2300000,100000,23,23,23,23,23
A290080,RISE 200고배당커버드콜ATM,20180227,,일반,코스피 200 고배당커버드콜 ATM 지수(시장가격지수),9843.75,9975,10263.75,10307.5,10850,5625,5700,5865,5890,6200,1.26,2.15,2.89,0.43,5.26,5588.32,6013.89,5860.65,5951.48,6530.48,0.66,-5.22,0.07,-1.03,-5.06,1750000,1750000,1750000,1750000,1750000,50000,35,35,35,35,35
A290130,RISE ESG사회책임투자,20180227,,일반,KRX ESG 사회책임경영(S)지수,546576.5,666252.75,626559.5,662091.75,632902.5,61070,60845,61730,60465,55035,-6.72,-0.37,1.45,-2.05,-8.98,61259.79,60548.88,61662.42,60186.19,54410.03,-0.31,0.49,0.11,0.46,1.15,8950000,10950000,10150000,10950000,11500000,50000,179,219,203,219,230
A291620,KIWOOM 코스닥150선물인버스,20180316,,인버스 1X ,F-코스닥150 인버스지수,2628,2394,2406,2400,2574,4380,3990,4010,4000,4290,3.55,-8.9,0.5,-0.25,7.25,4373.07,3981.88,4041.95,3996.21,4306.1,0.16,0.2,-0.79,0.09,-0.37,600000,600000,600000,600000,600000,10000,60,60,60,60,60
A291630,KIWOOM 코스닥150선물레버리지,20180316,,레버리지,F-코스닥150 레버리지지수,4944.9,5840.6,5729.3,5792.9,5088,4665,5510,5405,5465,4800,-9.59,18.11,-1.91,1.11,-12.17,4671.15,5505.2,5351.02,5466.62,4644,-0.13,0.09,1.01,-0.03,3.36,1060000,1060000,1060000,1060000,1060000,10000,106,106,106,106,106
A292050,RISE KRX300,20180326,,일반,KRX 300,21766.5,21642.25,21978.25,21374.5,19509,62190,61835,62795,61070,55740,-5.7,-0.57,1.55,-2.75,-8.73,61960.89,61543.16,62341.19,60813.38,55543.05,0.37,0.47,0.73,0.42,0.35,350000,350000,350000,350000,350000,50000,7,7,7,7,7
A292150,TIGER 코리아TOP10,20180330,,일반,FnGuide TOP10 지수,2422356.75,2418031,2407839.75,2380570,2209060,48015,47740,48205,47140,43400,-6.81,-0.57,0.97,-2.21,-7.93,47937.08,47494.27,48018.32,46700.55,42889.74,0.16,0.52,0.39,0.94,1.19,50450000,50650000,49950000,50500000,50900000,50000,1009,1013,999,1010,1018
A292160,TIGER KRX300,20180326,,일반,KRX 300,30345,30030,30540,29812.5,27035,60690,60060,61080,59625,54070,-5.91,-1.04,1.7,-2.38,-9.32,60467.36,60074.58,60842.7,59363.22,54248.22,0.37,-0.02,0.39,0.44,-0.33,500000,500000,500000,500000,500000,100000,5,5,5,5,5
A292190,KODEX KRX300,20180326,,일반,KRX 300,102943.5,102467.5,103598,101124.5,92539.5,60555,60275,60940,59485,54435,-5.91,-0.46,1.1,-2.39,-8.49,60345.01,59941.31,60712.28,59228.03,54103.74,0.35,0.56,0.38,0.43,0.61,1700000,1700000,1700000,1700000,1700000,100000,17,17,17,17,17
A292500,SOL KRX300,20180326,,일반,KRX 300,30382.5,30672.5,31275,30367.5,27537.5,60765,61345,62550,60735,55075,-7.21,0.95,1.96,-2.9,-9.32,61630.06,61240.82,62022.22,60505,55286.86,-1.4,0.17,0.85,0.38,-0.38,500000,500000,500000,500000,500000,100000,5,5,5,5,5
A293180,HANARO 200,20180330,,일반,코스피 200,653125,644205.5,637629,620080,570285,137500,137065,138615,134800,123975,-5.9,-0.32,1.13,-2.75,-8.03,137738.44,136376.27,138206.79,134636.23,123017.62,-0.17,0.51,0.3,0.12,0.78,4750000,4700000,4600000,4600000,4600000,50000,95,94,92,92,92
A294400,KIWOOM 200TR,20180423,,일반,코스피 200 TR지수,2307712,2283712,2322240,2264427,2083049.25,180290,178415,181425,176220,162105,-5.46,-1.04,1.69,-2.87,-8.01,180000.19,178289.83,180681.63,175979.3,160799.68,0.16,0.07,0.41,0.14,0.81,12800000,12800000,12800000,12850000,12850000,50000,256,256,256,257,257
A295040,SOL 200TR,20180423,,일반,코스피 200 TR지수,918739.5,921060,932580,937068,902070,51470,51170,51810,50380,46260,-5.62,-0.58,1.25,-2.76,-8.18,51445.98,50931.78,51617.17,50277.92,45965.39,0.05,0.47,0.37,0.2,0.64,17850000,18000000,18000000,18600000,19500000,150000,119,120,120,124,130
A300610,TIGER K게임,20180724,,일반,WISE K게임 테마 지수,12120,13188,13428,14076,13740,5050,5495,5595,5865,5725,-3.26,8.81,1.82,4.83,-2.39,5066.77,5537.37,5579.1,5841.24,5783.08,-0.33,-0.77,0.28,0.41,-1,2400000,2400000,2400000,2400000,2400000,50000,48,48,48,48,48
A300640,RISE 게임테마,20180724,,일반,WISE 게임 테마 지수 (시장가격지수),20842.5,22697.5,23012.5,23943,23546.25,5955,6485,6575,6940,6825,-3.41,8.9,1.39,5.55,-1.66,5989.2,6534.4,6587.44,6907.26,6848.19,-0.57,-0.76,-0.19,0.47,-0.34,3500000,3500000,3500000,3450000,3450000,50000,70,70,70,69,69
A300950,KODEX 게임산업,20180724,,일반,FnGuide 게임 산업 지수,24380,26565,26933,27692,27692,5300,5775,5855,6020,6020,-2.12,8.96,1.39,2.82,0,5284.65,5752.78,5816.98,6021.13,6024.93,0.29,0.39,0.65,-0.02,-0.08,4600000,4600000,4600000,4600000,4600000,100000,46,46,46,46,46
A301400,PLUS 코스닥150,20180705,,일반,코스닥 150,10829,11816,11704,11739,10888.5,15470,16880,16720,16770,15555,-3.46,9.11,-0.95,0.3,-7.25,15467.57,16800.1,16697.98,16812.6,15520.19,0.02,0.48,0.13,-0.25,0.22,700000,700000,700000,700000,700000,50000,14,14,14,14,14
A302450,RISE 코스피,20180724,,일반,코스피지수,262710,262440,264825,259560,242357.25,87570,87480,88275,86520,82155,-5.82,-0.1,0.91,-1.99,-5.05,87264.93,87078.58,87942.79,86128.63,79302.41,0.35,0.46,0.38,0.45,3.6,3000000,3000000,3000000,3000000,2950000,50000,60,60,60,60,59
A304760,HANARO KRX300,20180814,,일반,KRX 300,23534,23672,23962,23136,22100,58835,59180,59905,57840,55250,-6.1,0.59,1.23,-3.45,-4.48,59279.95,58904.52,59655.82,58208.03,53199.87,-0.75,0.47,0.42,-0.63,3.85,400000,400000,400000,400000,400000,50000,8,8,8,8,8
A304770,HANARO 코스닥150,20180814,,일반,코스닥 150,21683.4,24040.8,23774.4,23882.4,22403.7,15270,16695,16510,16585,15345,-3.81,9.33,-1.11,0.45,-7.48,15325.57,16637.78,16536.57,16649.72,15377.09,-0.36,0.34,-0.16,-0.39,-0.21,1420000,1440000,1440000,1440000,1460000,20000,71,72,72,72,73
A304780,HANARO 200선물레버리지,20180814,,레버리지,코스피 200 선물레버리지지수,97096.5,99321.75,103482,96282,81148.5,215770,220715,229960,213960,180330,-15.1,2.29,4.19,-6.96,-15.72,226364.1,221072.22,226972.78,213377.08,180493.51,-4.68,-0.16,1.32,0.27,-0.09,450000,450000,450000,450000,450000,50000,9,9,9,9,9
A305050,ACE 코스피,20181005,,일반,코스피지수,52560,52431,53013,51795,47940,87600,87385,88355,86325,79900,-5.81,-0.25,1.11,-2.3,-7.44,87290.07,87129.99,87986.35,86188.11,79388.99,0.36,0.29,0.42,0.16,0.64,600000,600000,600000,600000,600000,50000,12,12,12,12,12
A305540,TIGER 2차전지테마,20180912,,일반,WISE 2차전지 테마 지수,867888.5,993261.25,930632.5,908747,883671.5,17410,19925,18725,18340,17870,-5.97,14.45,-6.02,-2.06,-2.56,17421.25,19936.51,18630.2,18249.47,17849.36,-0.06,-0.06,0.51,0.5,0.12,49850000,49850000,49700000,49550000,49450000,50000,997,997,994,991,989
A305720,KODEX 2차전지산업,20180912,,일반,FnGuide 2차전지 산업 지수,1578072,1789575,1701215,1623726.5,1580460,13990,16050,15055,14615,14200,-5.6,14.72,-6.2,-2.92,-2.84,13944.89,16064.63,14975.72,14591.82,14257.09,0.32,-0.09,0.53,0.16,-0.4,112800000,111500000,113000000,111100000,111300000,100000,1128,1115,1130,1111,1113
A306520,HANARO 200선물인버스,20180918,,인버스 1X ,코스피 200 선물인버스 지수,1245,1251,1236,1278,1377,2075,2085,2060,2130,2295,5.92,0.48,-1.2,3.4,7.75,2061.62,2094.01,2063.23,2132.87,2303.51,0.65,-0.43,-0.16,-0.13,-0.37,600000,600000,600000,600000,600000,50000,12,12,12,12,12
A306530,HANARO 코스닥150선물레버리지,20180918,,레버리지,F-코스닥150 레버리지지수,3524.5,4187.6,4090.7,4145.8,3545.4,9275,11020,10765,10910,9330,-7.39,18.81,-2.31,1.35,-14.48,9325.2,10993.23,10675.52,10904.96,9249.41,-0.54,0.24,0.84,0.05,0.87,380000,380000,380000,380000,380000,20000,19,19,19,19,19
A306950,KODEX KRX300레버리지,20181016,,레버리지,KRX300레버리지,110776,110776,113400,107200,90860,138470,138470,141750,134000,113575,-12.75,0,2.37,-5.47,-15.24,141015.69,139672.79,142257.79,135731.71,110101.17,-1.81,-0.86,-0.36,-1.28,3.16,800000,800000,800000,800000,800000,100000,8,8,8,8,8
A307510,TIGER 의료기기,20181108,,일반,FnGuide 의료기기 지수,4592,5162.5,7265,7320,7000,13120,14750,14530,14640,14000,-4.96,12.42,-1.49,0.76,-4.37,13243.13,14732.4,14452.08,14576.3,14147.5,-0.93,0.12,0.54,0.44,-1.04,350000,350000,500000,500000,500000,50000,7,7,10,10,10
A307520,TIGER 지주회사,20181108,,일반,FnGuide 지주회사 지수,329258.75,339471.25,339587,343249.5,326714.5,22475,23015,23180,23430,22610,-4.79,2.4,0.72,1.08,-3.5,22535.42,23115.82,23129.19,23438.13,22645.21,-0.27,-0.44,0.22,-0.03,-0.16,14650000,14750000,14650000,14650000,14450000,50000,293,295,293,293,289
A310960,TIGER 200TR,20181120,,일반,코스피 200 TR지수,407337,407031,411519,410072,375102,79870,79810,80690,78860,72135,-5.8,-0.08,1.1,-2.27,-8.53,80191.83,79361.66,80436.94,78333.35,71571.65,-0.4,0.56,0.31,0.67,0.79,5100000,5100000,5100000,5200000,5200000,100000,51,51,51,52,52
A310970,TIGER MSCI Korea TR,20181120,,일반,MSCI Korea TR Index,5935792.5,5868324,5797337,5477373,4995756,62025,61320,62270,60390,55080,-6.23,-1.14,1.55,-3.02,-8.79,61915.21,61048.63,61911.09,60102.88,54678.25,0.18,0.44,0.58,0.48,0.73,95700000,95700000,93100000,90700000,90700000,100000,957,957,931,907,907
A314700,HANARO 농업융복합산업,20181221,,일반,FnGuide 농업융복합산업지수(시장가격),3601.5,3888.5,5920.75,6063.75,6099.5,10290,11110,10765,11025,11090,-4.37,7.97,-3.11,2.42,0.59,10359.88,11178.87,10770.56,10988.92,11103.01,-0.67,-0.62,-0.05,0.33,-0.12,350000,350000,550000,550000,550000,50000,7,7,11,11,11
A315270,TIGER 200커뮤니케이션서비스,20190115,,일반,코스피 200 커뮤니케이션서비스,4508.4,4749.6,5102.5,5110.3,5189.6,18785,19790,19625,19655,19960,-2.03,5.35,-0.83,0.15,1.55,19023.36,19842.18,19576.97,19769.52,19976.01,-1.25,-0.26,0.25,-0.58,-0.08,240000,240000,260000,260000,260000,20000,12,12,13,13,13
A315930,KODEX Top5PlusTR,20190122,,일반,FnGuide TOP 5 Plus Total Return 지수,1746745,1747018,1713360,1669641,1580610,95975,95990,96800,94330,89300,-5.54,0.02,0.84,-2.55,-5.33,95847.69,95748.6,96665.39,94076.04,88542.03,0.13,0.25,0.14,0.27,0.86,18200000,18200000,17700000,17700000,17700000,100000,182,182,177,177,177
A315960,RISE 대형고배당10TR,20190122,,일반,WISE 대형고배당10 TR 지수,660518,653616,658240,638928,599216,97135,96120,96800,93960,88120,-5.51,-1.04,0.71,-2.93,-6.22,96751.11,95693.44,96621.92,93762.59,87425.22,0.4,0.45,0.18,0.21,0.79,6800000,6800000,6800000,6800000,6800000,50000,136,136,136,136,136
A316670,KIWOOM 코스닥150,20190122,,일반,코스닥 150,39267.6,44402.1,44438.8,44654,41761.1,7610,8315,8260,8300,7705,-3.91,9.26,-0.66,0.48,-7.17,7629.83,8285.48,8236.59,8293.56,7658.33,-0.26,0.36,0.28,0.08,0.61,5160000,5340000,5380000,5380000,5420000,20000,258,267,269,269,271
A322400,HANARO e커머스,20190423,,일반,FnGuide E커머스 지수(시장가격),35735,37642.5,36732.5,36604.5,36345.75,10210,10755,10495,10610,10535,-2.34,5.34,-2.42,1.1,-0.71,10167.94,10710.26,10449.29,10567.52,10559.99,0.41,0.42,0.44,0.4,-0.24,3500000,3500000,3500000,3450000,3450000,50000,70,70,70,69,69
A322410,HANARO K고배당,20190423,,일반,FnGuide 고배당 알파 지수 (시장가격),40365.5,41581.5,41211,41486.5,42579,21245,21885,21690,21835,22410,-1.6,3.35,-0.89,0.67,2.63,21133.91,21879.84,21662.97,21945.44,22317.72,0.53,0.02,0.12,-0.5,0.41,1900000,1900000,1900000,1900000,1900000,50000,38,38,38,38,38
A325010,KODEX 성장주,20190531,,일반,FnGuide 성장 지수(PR),178893,168810.5,170856.5,168810.5,164272,54210,54455,55115,54455,51335,-5.65,0.45,1.21,-1.2,-5.73,54127.21,54335.67,55019.07,54387.21,49399.59,0.15,0.22,0.17,0.12,3.92,3300000,3100000,3100000,3100000,3200000,100000,33,31,31,31,32
A325020,KODEX 배당가치,20190531,,일반,FnGuide SLV 배당가치 지수,125370,127407,127764,127113,125496,29850,30335,30420,30265,29880,-3.35,1.62,0.28,-0.51,-1.27,29755.64,30367.45,30428.17,30247.02,29891.02,0.32,-0.11,-0.03,0.06,-0.04,4200000,4200000,4200000,4200000,4200000,100000,42,42,42,42,42
A326230,RISE 내수주플러스,20190620,,일반,FnGuide 내수주플러스 지수,7033.6,7440,7305.6,7395.2,7443.2,10990,11625,11415,11555,11630,-3.04,5.78,-1.81,1.23,0.65,11036.68,11633.09,11381.54,11552.99,11611.58,-0.42,-0.07,0.29,0.02,0.16,640000,640000,640000,640000,640000,20000,32,32,32,32,32
A326240,RISE IT플러스,20190620,,일반,FnGuide IT플러스 지수,142174.3,143628.4,146209.1,143982.1,130790.4,54265,54820,55805,54955,49920,-5.08,1.02,1.8,-1.52,-9.16,54363.79,54597.29,55717.97,54893.66,49687.28,-0.18,0.41,0.16,0.11,0.47,2620000,2620000,2620000,2620000,2620000,20000,131,131,131,131,131
A328370,PLUS 코스피TR,20190625,,일반,코스피 TR,149296,149908.5,150916.5,147514.5,140553,46655,47590,47910,46830,44620,-7.45,2,0.67,-2.25,-4.72,47399.09,47276.35,47751.03,46733.41,43007.29,-1.57,0.66,0.33,0.21,3.75,3200000,3150000,3150000,3150000,3150000,50000,64,63,63,63,63
A332500,ACE 200TR,20190828,,일반,코스피 200 TR지수,221892,220524,223284,217020,182930,92455,91885,93035,90425,83150,-5.65,-0.62,1.25,-2.81,-8.05,92398.55,91443.6,92686.71,90283.36,82436,0.06,0.48,0.38,0.16,0.87,2400000,2400000,2400000,2400000,2200000,100000,24,24,24,24,22
A332930,HANARO 200TR,20190828,,일반,코스피 200 TR지수,260782.5,259499.25,263211.25,254598.25,234022.75,179850,178965,181525,175585,161395,-5.55,-0.49,1.43,-3.27,-8.08,180098.44,178298.93,180692.93,176006.58,160859.57,-0.14,0.37,0.46,-0.24,0.33,1450000,1450000,1450000,1450000,1450000,50000,29,29,29,29,29
A332940,HANARO MSCI Korea TR,20190828,,일반,MSCI Korea TR Index,147276,146652,148668,142872,136080,61365,61105,61945,59530,56700,-6.05,-0.42,1.37,-3.9,-4.75,61703.02,60836.84,61696.95,59894.11,54487.23,-0.55,0.44,0.4,-0.61,4.06,2400000,2400000,2400000,2400000,2400000,100000,24,24,24,24,24
A337120,KODEX 멀티팩터,20191114,,일반,FnGuide 멀티팩터 지수,25449,25773,26175,25548,23424,42415,42955,43625,42580,39040,-7.42,1.27,1.56,-2.4,-8.31,43087.8,42817.82,43335.36,42423.21,38954.35,-1.56,0.32,0.67,0.37,0.22,600000,600000,600000,600000,600000,100000,6,6,6,6,6
A337140,KODEX 코스피대형주,20191114,,일반,코스피 대형주 지수,95802,95287.5,96327,94048.5,86467.5,45620,45375,45870,44785,41175,-5.55,-0.54,1.09,-2.37,-8.06,45452.24,45192.28,45687.15,44596.61,40887.69,0.37,0.4,0.4,0.42,0.7,2100000,2100000,2100000,2100000,2100000,100000,21,21,21,21,21
A337150,KODEX 200exTOP,20191114,,일반,코스피 200 초대형제외 지수,18550,19572,19652.5,19726,19393.5,26500,27960,28075,28180,27705,-5.64,5.51,0.41,0.37,-1.69,27011.96,27983.77,27942.79,28329.29,27456.39,-1.9,-0.08,0.47,-0.53,0.91,700000,700000,700000,700000,700000,100000,7,7,7,7,7
A337160,KODEX 200ESG,20191114,,일반,코스피 200 ESG 지수,229102,235429,229881,224352,205105,60290,61955,60495,59040,53975,-6.22,2.76,-2.36,-2.41,-8.58,60130.54,59521.72,60370.09,58849.1,53851.31,0.27,4.09,0.21,0.32,0.23,3800000,3800000,3800000,3800000,3800000,100000,38,38,38,38,38
A354500,ACE 코스닥150,20200507,,일반,코스닥 150,140686,153517,152061,154422,145359,15460,16870,16710,16785,15630,-3.65,9.12,-0.95,0.45,-6.88,15461.86,16789.15,16686.19,16800.86,15513.96,-0.01,0.48,0.14,-0.09,0.75,9100000,9100000,9100000,9200000,9300000,100000,91,91,91,92,93
A359210,KODEX 코스피TR,20200721,,일반,코스피 TR,100682.5,100556,101568,99176,83832,43775,43720,44160,43120,39920,-4.9,-0.13,1.01,-2.36,-7.42,43603.84,43530.68,43957.54,43057.79,39655.04,0.39,0.43,0.46,0.14,0.67,2300000,2300000,2300000,2300000,2100000,100000,23,23,23,23,21
A360140,KODEX 200롱코스닥150숏선물,20200821,,일반,코스피 200 롱 100% 코스닥 150 숏 100% 선물지수,59433,53493,54835,52987,52404,27015,24315,24925,24085,23820,-2.37,-9.99,2.51,-3.37,-1.1,27012.17,24295.7,24999.68,24035.22,23876.73,0.01,0.08,-0.3,0.21,-0.24,2200000,2200000,2200000,2200000,2200000,100000,22,22,22,22,22
A360150,KODEX 코스닥150롱코스피200숏선물,20200821,,일반,코스닥 150 롱 100% 코스피 200 숏 100% 선물지수,13207,14311.5,14123.5,14758,14664,2810,3045,3005,3140,3120,2.93,8.36,-1.31,4.49,-0.64,2774.79,3062.88,2980.69,3100.23,3103.74,1.27,-0.58,0.82,1.28,0.52,4700000,4700000,4700000,4700000,4700000,100000,47,47,47,47,47
A361580,RISE 200TR,20200821,,일반,코스피 200 TR지수,582664.5,585313.75,588750,581172,534736,78210,77525,78500,76470,70360,-5.59,-0.88,1.26,-2.59,-7.99,78116.39,77281.19,78350.03,76303.21,69735.45,0.12,0.32,0.19,0.22,0.9,7450000,7550000,7500000,7600000,7600000,50000,149,151,150,152,152
A363580,KODEX 200IT TR,20200925,,일반,코스피 200 정보기술 TR,339750,336735,344790,342022.5,307350,75500,74830,76620,76005,68300,-6.31,-0.89,2.39,-0.8,-10.14,75514.66,74524.01,76610.97,75856.98,67490.14,-0.02,0.41,0.01,0.2,1.2,4500000,4500000,4500000,4500000,4500000,100000,45,45,45,45,45
A364690,KODEX 혁신기술테마액티브,20200929,,일반,코스피지수,29580,29469,29799,29463,27000,49300,49115,49665,49105,45000,-5.63,-0.38,1.12,-1.13,-8.36,49250.95,49053.33,49898.06,49024.01,45064.34,0.1,0.13,-0.47,0.17,-0.14,600000,600000,600000,600000,600000,100000,6,6,6,6,6
A364960,TIGER BBIG,20201007,,일반,KRX BBIG 지수,75767.25,83300.75,81077.75,81241.5,81057,6135,6745,6565,6605,6590,-4.51,9.94,-2.67,0.61,-0.23,6157.23,6748.37,6555.63,6588.4,6577.71,-0.36,-0.05,0.14,0.25,0.19,12350000,12350000,12350000,12300000,12300000,50000,247,247,247,246,246
A364970,TIGER 바이오TOP10,20201007,,일반,KRX 바이오 TOP 10 지수,274076.25,295855,287428,284328,282782.5,6895,7490,7240,7180,7150,-5.03,8.63,-3.34,-0.83,-0.42,6861.36,7489.04,7205.88,7194.71,7145.66,0.49,0.01,0.47,-0.2,0.06,39750000,39500000,39700000,39600000,39550000,50000,795,790,794,792,791
A364980,TIGER 2차전지TOP10,20201007,,일반,KRX 2차전지 TOP 10 지수,584640,686183.5,635587.5,622239,612960,9280,10730,9970,9830,9600,-6.07,15.63,-7.08,-1.4,-2.34,9337.72,10685.3,9980.69,9811.38,9670.67,-0.62,0.42,-0.11,0.19,-0.73,63000000,63950000,63750000,63300000,63850000,50000,1260,1279,1275,1266,1277
A364990,TIGER 게임TOP10,20201007,,일반,KRX 게임 TOP 10 지수,22140.25,23789.25,24475.5,25319.25,25641,4565,4905,4995,5115,5180,-1.3,7.45,1.83,2.4,1.27,4546.69,4943.51,5001.4,5114.45,5172.93,0.4,-0.78,-0.13,0.01,0.14,4850000,4850000,4900000,4950000,4950000,50000,97,97,98,99,99
A365000,TIGER 인터넷TOP10,20201007,,일반,KRX 인터넷 TOP 10,37000,39750,39000,39451.75,38854.75,3700,3975,3900,3965,3905,-4.76,7.43,-1.89,1.67,-1.51,3713.67,3980.08,3888.86,3959.31,3888.11,-0.37,-0.13,0.29,0.14,0.43,10000000,10000000,10000000,9950000,9950000,50000,200,200,200,199,199
A365040,TIGER AI코리아그로스액티브,20200929,,일반,코스피지수,87940,88070,88680,87030,82000,43970,44035,44340,43515,41000,-5.69,0.15,0.69,-1.86,-5.78,43806.89,43847.92,44157.31,43316.43,39963.94,0.37,0.43,0.41,0.46,2.59,2000000,2000000,2000000,2000000,2000000,100000,20,20,20,20,20
A367740,HANARO Fn5G산업,20201029,,일반,FnGuide 5G 산업 지수,26510,26713.5,26889.5,26919.75,24937,48200,48570,48890,48945,45340,-1.64,0.77,0.66,0.11,-7.37,47997.89,48642.52,49197,49086.15,45497.99,0.42,-0.15,-0.62,-0.29,-0.35,550000,550000,550000,550000,550000,50000,11,11,11,11,11
A367760,RISE 네트워크인프라,20201029,,일반,FnGuide 네트워크 인프라 지수,959100,953878,978953.5,973278.5,874527.5,79925,79160,82265,80770,72275,-4.45,-0.96,3.92,-1.82,-10.52,79581.04,78915.67,81943.3,80371.27,71843.8,0.43,0.31,0.39,0.5,0.6,12000000,12050000,11900000,12050000,12100000,50000,240,241,238,241,242
A367770,RISE 수소경제테마,20201029,,일반,FnGuide 수소경제테마 지수,126576.25,134097.25,133034.5,137803.25,128388.75,23225,24605,24410,25285,24455,-5.2,5.94,-0.79,3.58,-3.28,23162.08,24501.07,24368.68,25236.52,24577.05,0.27,0.42,0.17,0.19,-0.5,5450000,5450000,5450000,5450000,5250000,50000,109,109,109,109,105
A368190,HANARO Fn K-뉴딜디지털플러스,20201110,,일반,FnGuide K-뉴딜 디지털 플러스 지수,23692.5,26130,25431.25,24496,24880,7290,8040,7825,7655,7775,-5.57,10.29,-2.67,-2.17,1.57,7339.61,8086.77,7725.42,7707.56,7690.17,-0.68,-0.58,1.29,-0.68,1.1,3250000,3250000,3250000,3200000,3200000,50000,65,65,65,64,64
A368680,KODEX K-뉴딜디지털플러스,20201110,,일반,FnGuide K-뉴딜 디지털 플러스 지수,6597,7321.5,7024.5,6952.5,6867,7330,8135,7805,7725,7630,-4.87,10.98,-4.06,-1.03,-1.23,7397.57,8153.96,7788.16,7770.07,7752.57,-0.91,-0.23,0.22,-0.58,-1.58,900000,900000,900000,900000,900000,100000,9,9,9,9,9
A373490,KODEX 코리아혁신성장액티브,20201224,,일반,FnGuide K-이노베이션 지수,14190,15000,15117.5,15570,14200,28380,30000,30235,31140,28400,-6.34,5.71,0.78,2.99,-8.8,28697.43,29921.58,30219.85,31080.83,28528.2,-1.11,0.26,0.05,0.19,-0.45,500000,500000,500000,500000,500000,50000,10,10,10,10,10
A375760,HANARO 탄소효율그린뉴딜,20210205,,일반,KRX/S&P 탄소효율 그린뉴딜지수,26424,26748,26986.5,26262,24534,29360,29720,29985,29180,27260,-6.78,1.23,0.89,-2.68,-6.58,29554.24,29583.79,29868.04,29360.75,27077.02,-0.66,0.46,0.39,-0.62,0.68,900000,900000,900000,900000,900000,100000,9,9,9,9,9
A375770,KODEX 탄소효율그린뉴딜,20210205,,일반,KRX/S&P 탄소효율 그린뉴딜지수,53325,54081,54630,53514,49680,29625,30045,30350,29730,27600,-6.9,1.42,1.02,-2.04,-7.16,29885.56,29955.23,30231.1,29738.1,27430.95,-0.87,0.3,0.39,-0.03,0.62,1800000,1800000,1800000,1800000,1800000,100000,18,18,18,18,18
A376410,TIGER 탄소효율그린뉴딜,20210205,,일반,KRX/S&P 탄소효율 그린뉴딜지수,26635.5,26721,26973,26460,24169.5,29595,29690,29970,29400,26855,-4.82,0.32,0.94,-1.9,-8.66,29478.06,29583.24,29843.74,29369.7,27120.15,0.4,0.36,0.42,0.1,-0.98,900000,900000,900000,900000,900000,100000,9,9,9,9,9
A377990,TIGER Fn신재생에너지,20210305,,일반,FnGuide 신재생에너지 지수,124900,135135,137832.75,145015,134902.75,24980,27300,27845,29900,27815,-7.84,9.29,2,7.38,-6.97,25079.29,27198.4,27710.76,29863.02,27804.08,-0.4,0.37,0.48,0.12,0.04,5000000,4950000,4950000,4850000,4850000,50000,100,99,99,97,97
A380340,ACE 코리아AI테크핵심산업,20210402,,일반,FnGuide 코리아AI테크핵심산업지수 (Price Return),39738,40320,41772,41040,38112,33115,33600,34810,34200,31760,-3.3,1.46,3.6,-1.75,-7.13,33293.06,33735.92,34730.59,34203.07,31981.06,-0.53,-0.4,0.23,-0.01,-0.69,1200000,1200000,1200000,1200000,1200000,100000,12,12,12,12,12
A381560,HANARO Fn전기&수소차,20210402,,일반,FnGuide 전기&수소차 지수 (시장가격),25529,27384,27216,27195,26187,18235,19560,19440,19425,18705,-4.63,7.27,-0.61,-0.08,-3.71,18345.96,19681.83,19492.8,19436.88,18833.93,-0.6,-0.62,-0.27,-0.06,-0.68,1400000,1400000,1400000,1400000,1400000,50000,28,28,28,28,28
A381570,HANARO Fn친환경에너지,20210402,,일반,FnGuide 친환경에너지 지수 (시장가격),8121.75,9163,8899.5,9205.5,8831.5,9555,10780,10470,10830,10390,-8.7,12.82,-2.88,3.44,-4.06,9653.78,10735.12,10422.57,10782.44,10381.16,-1.02,0.42,0.46,0.44,0.09,850000,850000,850000,850000,850000,50000,17,17,17,17,17
A385510,KODEX 신재생에너지액티브,20210525,,일반,FnGuide K-신재생에너지플러스 지수,314635.5,329722,328656,356003,324348.75,36165,40210,40080,43415,39315,-7.6,11.18,-0.32,8.32,-9.44,36149.49,40030.15,39991.86,42976.66,39704.06,0.04,0.45,0.22,1.02,-0.98,8700000,8200000,8200000,8200000,8250000,50000,174,164,164,164,165
A385520,KODEX 자율주행액티브,20210525,,일반,FnGuide K-미래차 지수,32051.25,34627.5,38629.5,38220,36445.5,17325,18225,18395,18200,17355,-4.02,5.19,0.93,-1.06,-4.64,17427.71,18198.88,18327.66,18245.52,17313.02,-0.59,0.14,0.37,-0.25,0.24,1850000,1900000,2100000,2100000,2100000,50000,37,38,42,42,42
A385590,ACE ESG액티브,20210525,,일반,MSCI Korea Country ESG Leaders Custom Capped Price return Index,65469.5,66079,67194.5,65504,60432.5,28465,28730,29215,28480,26275,-6.67,0.93,1.69,-2.52,-7.74,28765.98,28698.57,29184.75,28586.54,26448.13,-1.05,0.11,0.1,-0.37,-0.65,2300000,2300000,2300000,2300000,2300000,100000,23,23,23,23,23
A385600,ACE 2차전지&친환경차액티브,20210525,,일반,FnGuide 친환경자동차밸류체인 지수,20731.5,19852.5,19357.5,19132.5,18810,12195,13235,12905,12755,12540,-4.35,8.53,-2.49,-1.16,-1.69,12237.83,13231.01,12900.37,12809.06,12486.35,-0.35,0.03,0.04,-0.42,0.43,1700000,1500000,1500000,1500000,1500000,100000,17,15,15,15,15
A385710,TIME K이노베이션액티브,20210525,,일반,KRX BBIG 지수,12290,12900,13075,12965,12100,12290,12900,13075,12965,12100,-3.53,4.96,1.36,-0.84,-6.67,12264.88,12885.74,13048.96,13039.84,12126.54,0.2,0.11,0.2,-0.57,-0.22,1000000,1000000,1000000,1000000,1000000,100000,10,10,10,10,10
A385720,TIME 코스피액티브,20210525,,일반,코스피지수,483975,483075,484330,479224,439015.5,32265,32205,32725,32380,29865,-5.85,-0.19,1.61,-1.05,-7.77,32134.45,32201.67,32591.11,32236.94,29602.73,0.41,0.01,0.41,0.44,0.89,15000000,15000000,14800000,14800000,14700000,100000,150,150,148,148,147
A387280,TIGER 퓨처모빌리티액티브,20210525,,일반,FnGuide 퓨처모빌리티 지수,17682,18396,18480,18144,17213,12630,13140,13200,12960,12295,-4.43,4.04,0.46,-1.82,-5.13,12700.88,13210.7,13135.57,13045.4,12388.47,-0.56,-0.54,0.49,-0.65,-0.75,1400000,1400000,1400000,1400000,1400000,10000,140,140,140,140,140
A388280,RISE K엔터&여행레저,20210610,,일반,FnGuide K엔터&여행레저 지수,27189,28608.3,27924.3,28830.6,29172.6,7950,8365,8165,8430,8530,-2.03,5.22,-2.39,3.25,1.19,8002.59,8327.33,8181.72,8389.43,8492.09,-0.66,0.45,-0.2,0.48,0.45,3420000,3420000,3420000,3420000,3420000,20000,171,171,171,171,171
A388420,RISE 비메모리반도체액티브,20210610,,일반,iSelect 비메모리반도체 지수(시장가격지수),321246.8,327204,336603,332400.6,297036,37010,36600,38425,38295,33300,-3.64,-1.11,4.99,-0.34,-13.04,37132.36,36753.85,38430.58,38255.6,33235.1,-0.33,-0.42,-0.01,0.1,0.2,8680000,8940000,8760000,8680000,8920000,20000,434,447,438,434,446
A391670,HK 베스트일레븐액티브,20210706,,일반,코스피 200,24293.75,24326.25,24508.25,23916.75,21745.75,37375,37425,37705,36795,33455,-7.19,0.13,0.75,-2.41,-9.08,37668.95,37242.27,37948.11,37020.41,33448.57,-0.78,0.49,-0.64,-0.61,0.02,650000,650000,650000,650000,650000,50000,13,13,13,13,13
A395150,KODEX 웹툰&드라마,20210730,,일반,FnGuide 웹툰&드라마 지수,8450.7,9250.8,9152,9224.8,9209.2,1657,1779,1760,1774,1771,-2.53,7.36,-1.07,0.8,-0.17,1649.34,1787.45,1757.3,1776.75,1776.08,0.46,-0.47,0.15,-0.15,-0.29,5100000,5200000,5200000,5200000,5200000,100000,51,52,52,52,52
A395160,KODEX AI반도체TOP2플러스,20210730,,일반,FnGuide AI반도체 TOP2+ 지수,4827900,4865574,5115219,5234436,4686400,57000,56055,57930,57020,50500,-6.76,-1.66,3.34,-1.57,-11.43,57163.92,55793.86,57639.57,56958.16,49956.52,-0.29,0.47,0.5,0.11,1.09,84700000,86800000,88300000,91800000,92800000,100000,847,868,883,918,928
A395170,KODEX Top10동일가중,20210730,,일반,FnGuide TOP10 동일가중 지수,40820,41010,41140,40400,37170,20410,20505,20570,20200,18585,-5.05,0.47,0.32,-1.8,-8,20339.42,20405.08,20485.43,20114.93,18660.33,0.35,0.49,0.41,0.42,-0.4,2000000,2000000,2000000,2000000,2000000,100000,20,20,20,20,20
A395270,HANARO Fn K-반도체,20210730,,일반,FnGuide K-반도체 지수 (시장가격),5395178.25,5441189.25,5609209.5,5603531.5,4968600,80465,78915,81470,80395,70980,-6.2,-1.93,3.24,-1.32,-11.71,80407.51,78515.94,81165.07,80272.31,70396.1,0.07,0.51,0.38,0.15,0.83,67050000,68950000,68850000,69700000,70000000,50000,1341,1379,1377,1394,1400
A395280,HANARO Fn K-게임,20210730,,일반,FnGuide K-게임 지수 (시장가격),8109.5,8844.5,8954.75,9060,9108,3310,3610,3655,3775,3795,-3.22,9.06,1.25,3.28,0.53,3344.37,3640.48,3679.87,3795.16,3803.44,-1.03,-0.84,-0.68,-0.53,-0.22,2450000,2450000,2450000,2400000,2400000,50000,49,49,49,48,48
A395290,HANARO Fn K-POP&미디어,20210730,,일반,FnGuide K-POP&미디어 지수 (시장가격),30625,33843.75,33093.75,34500,35750,4900,5415,5295,5520,5720,-4.11,10.51,-2.22,4.25,3.62,4915.82,5437.92,5275.98,5493.66,5686.79,-0.32,-0.42,0.36,0.48,0.58,6250000,6250000,6250000,6250000,6250000,50000,125,125,125,125,125
A395750,PLUS ESG가치주액티브,20210730,,일반,FnGuide 한화 ESG Value 지수,9936,10038,10172,12447.5,11585,24840,25095,25430,24895,23170,-6.21,1.03,1.33,-2.1,-6.93,25053.99,25034.94,25401.67,24863.94,23012.92,-0.85,0.24,0.11,0.12,0.68,400000,400000,400000,500000,500000,50000,8,8,8,10,10
A395760,PLUS ESG성장주액티브,20210730,,일반,FnGuide 한화 ESG Growth 지수,15327,15600,15756,15423,14310,25545,26000,26260,25705,23850,-6.31,1.78,1,-2.11,-7.22,25749.35,25846.87,26117.21,25665.75,23745.84,-0.79,0.59,0.55,0.15,0.44,600000,600000,600000,600000,600000,50000,12,12,12,12,12
A396500,TIGER 반도체TOP10,20210810,,일반,FnGuide 반도체TOP10 지수,12907500,12658960,12851837.5,12346309.5,11180475,51630,50075,51050,48790,43845,-4.51,-3.01,1.95,-4.43,-10.14,51473.33,49935.06,50934.18,49253.78,43220.35,0.3,0.28,0.23,-0.94,1.45,250000000,252800000,251750000,253050000,255000000,50000,5000,5056,5035,5061,5100
A400970,TIGER Fn메타버스,20211013,,일반,FnGuide 메타버스테마 지수,40766.25,43627.5,43732.5,43942.5,43836,7765,8310,8330,8370,8430,-3.12,7.02,0.24,0.48,0.72,7793.4,8365.12,8318.57,8403.52,8446.45,-0.36,-0.66,0.14,-0.4,-0.19,5250000,5250000,5250000,5250000,5200000,50000,105,105,105,105,104
A401170,RISE 메타버스,20211013,,일반,iSelect 메타버스 지수(시장가격지수),49476,51750,52143.3,52097.4,51557.5,11780,12500,12595,12645,12575,-2.08,6.11,0.76,0.4,-0.55,11732.72,12501.09,12517.32,12594.19,12528.06,0.4,-0.01,0.62,0.4,0.37,4200000,4140000,4140000,4120000,4100000,20000,210,207,207,206,205
A401470,KODEX 메타버스액티브,20211013,,일반,FnGuide K-메타버스 지수,60786.5,63470.5,63684,63745,60695,9965,10405,10440,10450,9950,-3.3,4.42,0.34,0.1,-4.78,9995.58,10423.92,10479.92,10497.61,10194.41,-0.31,-0.18,-0.38,-0.45,-2.4,6100000,6100000,6100000,6100000,6100000,50000,122,122,122,122,122
A402460,HANARO Fn K-메타버스MZ,20211013,,일반,FnGuide K-메타버스 MZ 지수(시장가격),8519.5,8756,8871.5,8912.75,8690,15490,15920,16130,16205,15800,-1.84,2.78,1.32,0.46,-2.5,15431.95,15917.69,16228.61,16266.88,15841.83,0.38,0.01,-0.61,-0.38,-0.26,550000,550000,550000,550000,550000,50000,11,11,11,11,11
A403790,MIDAS 코스피액티브,20211013,,일반,코스피지수,206314.88,205817.63,207572.63,202629.38,188121.38,70535,70365,70965,69275,64315,-4.61,-0.24,0.85,-2.38,-7.16,70229.17,69984.73,70643.35,69025.12,63840.51,0.44,0.54,0.46,0.36,0.74,2925000,2925000,2925000,2925000,2925000,75000,39,39,39,39,39
A404120,TIME K신재생에너지액티브,20211029,,일반,KRX 기후변화 솔루션지수,22344,20279,20359.5,20370,19225.5,27930,28970,29085,29100,27465,-5.67,3.72,0.4,0.05,-5.62,27831.64,28845.97,28959.49,29054.33,27238,0.35,0.43,0.43,0.16,0.83,800000,700000,700000,700000,700000,100000,8,7,7,7,7
A404260,KODEX 기후변화솔루션,20211029,,일반,KRX 기후변화 솔루션지수,22833,24201,24246,24363,23656.5,25370,26890,26940,27070,26285,-7.51,5.99,0.19,0.48,-2.9,25681.75,27043.26,26840.68,27238.43,25939.19,-1.21,-0.57,0.37,-0.62,1.33,900000,900000,900000,900000,900000,100000,9,9,9,9,9
A404540,TIGER KRX기후변화솔루션,20211029,,일반,KRX 기후변화 솔루션지수,10268,10806,14905,15078.25,14363.25,25670,27015,27100,27415,26115,-6.57,5.24,0.31,1.16,-4.74,25894.82,27270.95,27063.9,27468.45,26153.43,-0.87,-0.94,0.13,-0.19,-0.15,400000,400000,550000,550000,550000,50000,8,8,11,11,11
A404650,SOL KRX기후변화솔루션,20211029,,일반,KRX 기후변화 솔루션지수,15282,16254,16080,16356,15840,25470,27090,26800,27260,26400,-7.31,6.36,-1.07,1.72,-3.15,25681.58,27049.35,26844.29,27242.57,25941.64,-0.82,0.15,-0.16,0.06,1.77,600000,600000,600000,600000,600000,100000,6,6,6,6,6
A407300,HANARO Fn골프테마,20211124,,일반,FnGuide 골프 테마 지수(시장가격),4786,4960,6663.25,6652.25,6523,11965,12400,12115,12095,11860,-3.97,3.64,-2.3,-0.17,-1.94,12050.67,12357.34,12193.56,12180.55,11954.36,-0.71,0.35,-0.64,-0.7,-0.79,400000,400000,550000,550000,550000,50000,8,8,11,11,11
A407310,HANARO 200 TOP10,20211124,,일반,KOSPI 200 Top 10 지수(시장가격),23022,23874,23622,23628,22734,19185,19895,19685,19690,18945,-5.89,3.7,-1.06,0.03,-3.78,19263.41,19851.51,19646.4,19773.89,18892.96,-0.41,0.22,0.2,-0.42,0.28,1200000,1200000,1200000,1200000,1200000,50000,24,24,24,24,24
A407820,에셋플러스 코리아플랫폼액티브,20211116,,일반,FnGuide 플랫폼 지수(Price Return),12681,13149,13338,13491,12726,7045,7305,7410,7495,7070,-4.54,3.69,1.44,1.15,-5.67,7017.19,7281.08,7380.92,7468.26,7109.24,0.4,0.33,0.39,0.36,-0.55,1800000,1800000,1800000,1800000,1800000,100000,18,18,18,18,18
A410870,TIME K컬처액티브,20211215,,일반,FnGuide K-컬처 지수,13182,14007.5,13812.5,14293.5,12039.5,10140,10775,10625,10995,10945,-1.98,6.26,-1.39,3.48,-0.45,10112.91,10804.45,10582.68,11010.32,10898.62,0.27,-0.27,0.4,-0.14,0.43,1300000,1300000,1300000,1300000,1100000,100000,13,13,13,13,11
A411540,SOL 200 Top10,20211209,,일반,KOSPI 200 Top 10 지수(시장가격),27601,28539,28182,28336,27139,19715,20385,20130,20240,19385,-5.96,3.4,-1.25,0.55,-4.22,19687.53,20297.08,20085.81,20216.75,19315.79,0.14,0.43,0.22,0.12,0.36,1400000,1400000,1400000,1400000,1400000,100000,14,14,14,14,14
A412560,TIGER BBIG레버리지,20211215,,레버리지,KRX BBIG 레버리지 지수,1059.5,1245.4,1202.5,1199.25,1193.4,1630,1916,1850,1845,1836,-10.64,17.55,-3.44,-0.27,-0.49,1607.41,1927.67,1833.77,1843.7,1839.2,1.41,-0.61,0.89,0.07,-0.17,650000,650000,650000,650000,650000,50000,13,13,13,13,13
A412570,TIGER 2차전지TOP10레버리지,20211215,,레버리지,KRX 2차전지 TOP 10 레버리지 지수,132036.55,174647.2,154753.2,155311.15,150300,1129,1456,1288,1241,1200,-13.15,28.96,-11.54,-3.65,-3.3,1112.54,1441.05,1271.45,1243.51,1185.55,1.48,1.04,1.3,-0.2,1.22,116950000,119950000,120150000,125150000,125250000,50000,2339,2399,2403,2503,2505
A413930,WON AI ESG액티브,20220105,,일반,MK-iSelect AI ESG 지수(시장가격지수),19294,19263.75,19679,19184,17641.25,35080,35025,35780,34880,32075,-5.42,-0.16,2.16,-2.52,-8.04,35200.05,34975.56,35632.22,35088.4,32053.35,-0.34,0.14,0.41,-0.59,0.07,550000,550000,550000,550000,550000,50000,11,11,11,11,11
A417630,TIGER KEDI혁신기업ESG30,20220208,,일반,KEDI 혁신기업ESG30 지수(시장가격 지수),21089.25,22071,22107.75,22470,22050,20085,21020,21055,21400,21000,-3.06,4.66,0.17,1.64,-1.87,20000.62,21056.24,21035.32,21463.84,20660.64,0.42,-0.17,0.09,-0.3,1.64,1050000,1050000,1050000,1050000,1050000,50000,21,21,21,21,21
A421320,PLUS 우주항공,20220329,,일반,iSelect 우주항공UAM지수,193410,208600,204930,212996.25,202365,27630,29800,29700,31555,29980,-5.26,7.85,-0.34,6.25,-4.99,27794.66,29678,29681.65,31658.57,29872.02,-0.59,0.41,0.06,-0.33,0.36,7000000,7000000,6900000,6750000,6750000,50000,140,140,138,135,135
A422420,RISE 2차전지액티브,20220408,,일반,iSelect 2차전지 지수 (시장가격지수),206587.2,236691,225689.3,220267.8,214486.4,6690,7650,7285,7110,6910,-5.84,14.35,-4.77,-2.4,-2.81,6713.99,7614.72,7254.24,7073.76,6771.03,-0.36,0.46,0.42,0.51,2.05,30880000,30940000,30980000,30980000,31040000,20000,1544,1547,1549,1549,1552
A427120,RISE AI플랫폼,20220517,,일반,FnGuide AI 플랫폼 지수,3059.1,3375.9,3290.1,3309.9,3296.7,4635,5115,4985,5015,4995,-3.03,10.36,-2.54,0.6,-0.4,4618.34,5081.64,4971.6,5028.46,4980.62,0.36,0.66,0.27,-0.27,0.29,660000,660000,660000,660000,660000,20000,33,33,33,33,33
A433250,UNICORN R&D 액티브,20220706,,일반,코스피 200,11230,11238,11380,11198,10518,28075,28095,28450,27995,26295,-5.47,0.07,1.26,-1.6,-6.07,27961.86,28282.51,28334.51,27890.08,26118.54,0.4,-0.66,0.41,0.38,0.68,400000,400000,400000,400000,400000,50000,8,8,8,8,8
A433500,ACE 원자력TOP10,20220628,,일반,DeepSearch 원자력 TOP 10 지수 (시장가격지수),253400.5,265140,260257.5,269977.5,251196,53915,58920,57835,59995,57090,-7.01,9.28,-1.84,3.73,-4.84,54182.45,58844.59,57732.31,59999.76,56999.69,-0.49,0.13,0.18,-0.01,0.16,4700000,4500000,4500000,4500000,4400000,100000,47,45,45,45,44
A434730,HANARO 원자력iSelect,20220628,,일반,iSelect 원자력지수 (시장가격),733131,794427.75,803115,833940,794040,60340,65385,66100,69495,66170,-7.53,8.36,1.09,5.14,-4.78,60616.21,65236.11,66133.67,69529.24,66023.46,-0.46,0.23,-0.05,-0.05,0.22,12150000,12150000,12150000,12000000,12000000,50000,243,243,243,240,240
A434960,DAISHIN343 K200,20220628,,일반,코스피 200,97356,96477.5,97681.5,95063.5,87216.5,139080,137825,139545,135805,124595,-5.46,-0.9,1.25,-2.68,-8.25,138692.54,137240.1,139100.61,135474.26,123629.71,0.28,0.43,0.32,0.24,0.78,700000,700000,700000,700000,700000,50000,14,14,14,14,14
A438740,MIDAS 중소형액티브,20220817,,일반,코스피 중형주 지수,8192.25,8581.5,8705.25,8931.38,8416.13,36410,38140,38690,39695,37405,-3.34,4.75,1.44,2.6,-5.77,36567.06,38337.07,38657.79,39705.91,37811.44,-0.43,-0.51,0.08,-0.03,-1.07,225000,225000,225000,225000,225000,75000,3,3,3,3,3
A438900,HANARO Fn K-푸드,20220817,,일반,FnGuide K-푸드 지수 (시장가격),12593.75,13350,12987.5,13206.25,13643.75,10075,10680,10390,10565,10915,-0.64,6,-2.72,1.68,3.31,10032.62,10669.34,10347.09,10585.94,10862.06,0.42,0.1,0.41,-0.2,0.49,1250000,1250000,1250000,1250000,1250000,50000,25,25,25,25,25
A441540,HANARO Fn조선해운,20220915,,일반,FnGuide 조선해운지수,76916,81424,79086,81382,79870,27470,29080,28245,29065,28525,-4.75,5.86,-2.87,2.9,-1.86,27400.86,29020.72,28234.27,29054.34,28632.83,0.25,0.2,0.04,0.04,-0.38,2800000,2800000,2800000,2800000,2800000,50000,56,56,56,56,56
A441800,TIME Korea플러스배당액티브,20220927,,일반,코스피 200,937761.3,950796,959714,948326.4,889930.8,34965,34650,34975,34560,32670,-5.09,0.14,0.94,-1.19,-5.47,34571.44,34558.41,35000.71,34579.68,32374.69,1.14,0.27,-0.07,-0.06,0.91,26820000,27440000,27440000,27440000,27240000,20000,1341,1372,1372,1372,1362
A442090,에셋플러스 코리아대장장이액티브,20220920,,일반,FnGuide 대장장이 지수(Price Return),46025,47488,51967.5,52957.5,48240,32875,33920,34645,35305,32160,-2.52,3.18,2.14,1.91,-8.91,32735.98,33827.5,34514.74,35325.37,32571.25,0.42,0.27,0.38,-0.06,-1.26,1400000,1400000,1500000,1500000,1500000,100000,14,14,15,15,15
A442260,마이티 다이나믹퀀트액티브,20221025,,일반,코스피 200,60264,59575.8,60617.4,58410.2,53735.4,48600,48045,48885,47105,43335,-6.31,-1.14,1.75,-3.64,-8,48513.2,47831.45,48665.74,47344.21,43082.11,0.18,0.45,0.45,-0.51,0.59,1240000,1240000,1240000,1240000,1240000,40000,31,31,31,31,31
A444200,SOL 코리아메가테크액티브,20221018,,일반,KEDI 메가테크지수(PR),648150,641355,653961,657234.75,614367,55875,55770,56620,56415,52510,-5.58,-0.19,1.52,-0.36,-6.92,55678.5,55894.79,56653.87,56150.29,52237.23,0.35,-0.22,-0.06,0.47,0.52,11600000,11500000,11550000,11650000,11700000,50000,232,230,231,233,234
A445150,KODEX 친환경조선해운액티브,20221115,,일반,FnGuide K-친환경선박 지수,54549,58615,57285,59261,57171,28710,30850,30150,31190,30090,-5.71,7.45,-2.27,3.45,-3.53,28835.94,30936.53,30007.33,31073.23,30216.71,-0.44,-0.28,0.48,0.38,-0.42,1900000,1900000,1900000,1900000,1900000,50000,38,38,38,38,38
A445290,KODEX 로봇액티브,20221115,,일반,iSelect K-로봇테마 지수,1195119,1251151.5,1243636.5,1217727,1153990.5,33060,34610,34690,34110,32370,-5.96,4.69,0.23,-1.67,-5.1,33206.03,34438.83,34621.57,34059.63,32290.66,-0.44,0.5,0.2,0.15,0.25,36150000,36150000,35850000,35700000,35650000,50000,723,723,717,714,713
A445690,BNK 주주가치액티브,20221027,,일반,FnGuide 주주가치 지수,22051.25,22990.5,22584.25,22379.5,21788,33925,35370,34745,34430,33520,-4.89,4.26,-1.77,-0.91,-2.64,33789.47,34416.16,34586.71,34277.28,32461.59,0.4,2.77,0.46,0.45,3.26,650000,650000,650000,650000,650000,50000,13,13,13,13,13
A445910,TIGER MKF배당귀족,20221018,,일반,MKF 배당귀족 지수(시장가격지수),19250,20325,19990,20255,20370,19250,20325,19990,20255,20370,-2.7,5.58,-1.65,1.33,0.57,19453.36,20335.62,19996.59,20350.55,20510.19,-1.05,-0.05,-0.03,-0.47,-0.68,1000000,1000000,1000000,1000000,1000000,50000,20,20,20,20,20
A446700,RISE 배터리 리사이클링,20221101,,일반,iSelect 배터리 리사이클링 지수,11097.9,12502.1,11888.5,11864.9,11581.7,9405,10595,10075,10055,9815,-6,12.65,-4.91,-0.2,-2.39,9448.12,10619.68,10116.94,10078.12,9847.8,-0.46,-0.23,-0.41,-0.23,-0.33,1180000,1180000,1180000,1180000,1180000,20000,59,59,59,59,59
A447430,ACE 주주환원가치주액티브,20221115,,일반,FnGuide 올라운드 가치주 시장가격지수,43906,46023,45095,46110,46110,15140,15870,15550,15900,15900,-1.27,4.82,-2.02,2.25,0,15113.71,15796.33,15566.9,15932.8,15873.76,0.17,0.47,-0.11,-0.21,0.17,2900000,2900000,2900000,2900000,2900000,50000,58,58,58,58,58
A448100,WON 200,20221216,,일반,코스피 200,138362.25,137138.63,138952.13,135174,123976.13,141910,140655,142515,138640,127155,-5.53,-0.84,1.32,-2.72,-8.28,141725.76,140244.32,142154.21,138462.81,126404.1,0.13,0.29,0.25,0.13,0.59,975000,975000,975000,975000,975000,25000,39,39,39,39,39
A448570,FOCUS AI코리아액티브,20221115,,일반,코스피지수,46361,47117,47306,46774,45052,33115,33655,33790,33410,32180,-5.39,1.63,0.4,-1.12,-3.68,33249.41,33637.71,33693.99,33437.35,32285.71,-0.4,0.05,0.28,-0.08,-0.33,1400000,1400000,1400000,1400000,1400000,50000,28,28,28,28,28
A449450,PLUS K방산,20230105,,일반,FnGuide K-방위산업 지수,1145457.7,1213278.75,1170589.9,1239516.1,1251690.1,56510,59915,57410,61090,61690,-6.29,6.03,-4.18,6.41,0.98,56727.97,59664.73,57134.86,61002.13,61604.42,-0.38,0.42,0.48,0.14,0.14,20270000,20250000,20390000,20290000,20290000,50000,405.4,405,407.8,405.8,405.8
A450910,SOL 코스닥150,20230131,,일반,코스닥 150,35234.8,38515.2,38196.6,38397.2,35718.6,14930,16320,16185,16270,15135,-3.89,9.31,-0.83,0.53,-6.98,14989.19,16276.74,16176.48,16288.17,15040.09,-0.39,0.27,0.05,-0.11,0.63,2360000,2360000,2360000,2360000,2360000,20000,118,118,118,118,118
A451060,1Q 200액티브,20230131,,일반,코스피 200,490675.5,493762.5,500287.5,493164,450585,44205,43890,44470,43260,39525,-5.72,-0.71,1.32,-2.72,-8.63,44219.22,43745.99,44385.28,43213.11,39407.9,-0.03,0.33,0.19,0.11,0.3,11100000,11250000,11250000,11400000,11400000,150000,74,75,75,76,76
A454320,HANARO CAPEX설비투자iSelect,20230418,,일반,iSelect CAPEX 설비투자 지수(시장가격),102712.5,111600,113537.5,120187.5,113187.5,41085,44640,45415,48075,45275,-7.12,8.65,1.74,5.86,-5.82,41272.72,44455.54,45328.75,48065.41,45476.81,-0.45,0.41,0.19,0.02,-0.44,2500000,2500000,2500000,2500000,2500000,50000,50,50,50,50,50
A455850,SOL AI반도체소부장,20230425,,일반,FnGuide AI 반도체 소부장 지수,1134135,1156667.75,1229045,1284950,1148385.5,27900,28315,30050,31000,27310,-0.96,1.49,6.13,3.16,-11.9,28020.9,28226.6,29935.97,30967.69,27134.39,-0.43,0.31,0.38,0.1,0.65,40650000,40850000,40900000,41450000,42050000,50000,813,817,818,829,841
A455860,SOL 2차전지소부장Fn,20230425,,일반,FnGuide 2차전지 소부장 지수(PR),108852.75,124758,116977,113160,106481,4545,5220,4915,4715,4570,-6.58,14.85,-5.84,-4.07,-3.08,4571.85,5241.54,4888.86,4707.66,4566.97,-0.59,-0.41,0.53,0.16,0.07,23950000,23900000,23800000,24000000,23300000,50000,479,478,476,480,466
A457930,BNK 미래전략기술액티브,20230620,,일반,iSelect 미래전략기술 지수 (PR),9193.5,9601.5,9402,9357,8775,30645,32005,31340,31190,29250,-5.36,4.44,-2.08,-0.48,-6.22,30531.94,31597.68,31292.22,31064.95,29422.19,0.37,1.29,0.15,0.4,-0.59,300000,300000,300000,300000,300000,50000,6,6,6,6,6
A457990,PLUS 태양광&ESS,20230620,,일반,FnGuide 태양광&ESS 지수,112258.5,123873.75,121550,126832,118624,33510,38115,37400,39635,37070,-6.81,13.74,-1.88,5.98,-6.47,33354.24,37976.89,37286.86,39482.12,36915.84,0.47,0.36,0.3,0.39,0.42,3350000,3250000,3250000,3200000,3200000,50000,67,65,65,64,64
A461450,KODEX 코스닥글로벌,20230629,,일반,코스닥 글로벌 지수,24975,27442.5,27067.5,27015,25252.5,16650,18295,18045,18010,16835,-3.62,9.88,-1.37,-0.19,-6.52,16574.86,18227.22,17965.13,17941.49,16767.79,0.45,0.37,0.44,0.38,0.4,1500000,1500000,1500000,1500000,1500000,100000,15,15,15,15,15
A461580,TIGER 코스닥글로벌,20230629,,일반,코스닥 글로벌 지수,11777.5,13065.5,12869.5,12729.5,12026,16825,18665,18385,18185,17180,-4.08,10.94,-1.5,-1.09,-5.53,16916.27,18593.96,18328.31,18304.79,17112.8,-0.54,0.38,0.31,-0.65,0.39,700000,700000,700000,700000,700000,50000,14,14,14,14,14
A461950,KODEX 2차전지핵심소재10,20230704,,일반,FnGuide 2차전지핵심소재10 지수,162758.75,189477,175324.5,169663.5,164002.5,4895,5690,5265,5095,4925,-6.58,16.24,-7.47,-3.23,-3.34,4900.44,5667.2,5276.76,5074.84,4916.44,-0.11,0.4,-0.22,0.4,0.17,33250000,33300000,33300000,33300000,33300000,50000,665,666,666,666,666
A462010,TIGER 2차전지소재Fn,20230713,,일반,FnGuide 2차전지소재 (Price Return) 지수,519375.5,604515,562294,533400,516108,4930,5730,5345,5080,4920,-6.54,16.23,-6.72,-4.96,-3.15,4949.71,5718.98,5315.91,5070.67,4903.57,-0.4,0.19,0.55,0.18,0.34,105350000,105500000,105200000,105000000,104900000,50000,2107,2110,2104,2100,2098
A462330,KODEX 2차전지산업레버리지,20230704,,레버리지,FnGuide 2차전지 산업 레버리지(2x) 지수,528465,695085.6,629188.2,608643.9,581473.2,1050,1356,1193,1129,1078,-11.62,29.14,-12.02,-5.36,-4.52,1043.44,1355.57,1178.22,1115.2,1069.55,0.63,0.03,1.25,1.24,0.79,503300000,512600000,527400000,539100000,539400000,100000,5033,5126,5274,5391,5394
A462900,KoAct 바이오헬스케어액티브,20230803,,일반,iSelect 바이오헬스케어 PR 지수,432040,500550,478694.5,487202,482227.75,15430,17750,16915,17155,16715,-5.94,15.04,-4.7,1.42,-2.56,15520.63,17741.43,16845.45,17173.08,16638.45,-0.58,0.05,0.41,-0.11,0.46,28000000,28200000,28300000,28400000,28850000,50000,560,564,566,568,577
A463050,TIME K바이오액티브,20230817,,일반,KRX 헬스케어,262052,294450,281324.5,284550.25,283873.5,13370,15100,14390,14555,14265,-5.24,12.94,-4.7,1.15,-1.99,13320.34,15036.95,14326.6,14560.64,14223.22,0.37,0.42,0.44,-0.04,0.29,19600000,19500000,19550000,19550000,19900000,50000,392,390,391,391,398
A463250,TIGER K방산&우주,20230725,,일반,iSelect K방산&우주,612234,642105,612318.75,657151.5,654270,35595,37550,36125,38770,38600,-5.56,5.49,-3.79,7.32,-0.44,35761.21,37489.49,35995.87,38647.21,38845,-0.46,0.16,0.36,0.32,-0.63,17200000,17100000,16950000,16950000,16950000,50000,344,342,339,339,339
A464600,SOL 자동차소부장Fn,20230822,,일반,FnGuide 자동차소부장지수(PR),28616.5,28581,29169,28806.75,27221.25,26015,27220,27780,27435,25925,-4.46,4.63,2.06,-1.24,-5.5,26154.98,27291.56,27767.85,27447.79,25916.46,-0.54,-0.26,0.04,-0.05,0.03,1100000,1050000,1050000,1050000,1050000,50000,22,21,21,21,21
A464610,SOL 의료기기소부장Fn,20230822,,일반,FnGuide 의료기기소부장지수(PR),14707.5,15873,15484.5,15715.75,15521.5,7950,8580,8370,8495,8390,-3.87,7.92,-2.45,1.49,-1.24,7908.35,8632.37,8328.57,8527.87,8377.84,0.53,-0.61,0.5,-0.39,0.15,1850000,1850000,1850000,1850000,1850000,50000,37,37,37,37,37
A465330,RISE 2차전지TOP10,20230912,,일반,iSelect 2차전지 TOP10 지수(PR),60926.25,67396,65007.38,63005.25,59067.13,10550,12035,11355,10910,10595,-5.85,14.08,-5.65,-3.92,-2.89,10500.71,12105.13,11295.07,10921.25,10626.31,0.47,-0.58,0.53,-0.1,-0.29,5775000,5600000,5725000,5775000,5575000,25000,231,224,229,231,223
A465350,RISE 2차전지TOP10인버스(합성),20230912,,인버스 1X ,iSelect 2차전지 TOP10 인버스 지수(PR),51064,42809,38993.13,40773.13,41752.13,19640,16465,17525,18325,18765,6.74,-16.17,6.44,4.56,2.4,19701.89,16629.91,17763.38,18363.82,18871.65,-0.31,-0.99,-1.34,-0.21,-0.57,2600000,2600000,2225000,2225000,2225000,25000,104,104,89,89,89
A466810,BNK 2차전지양극재,20231019,,일반,iSelect 2차전지양극재 지수,7938.75,9135,8591.25,8315.75,7791,5475,6300,5925,5735,5565,-5.68,15.07,-5.95,-3.21,-2.96,5446.04,6276.3,5895.95,5751.95,5571.13,0.53,0.38,0.49,-0.29,-0.11,1450000,1450000,1450000,1450000,1400000,50000,29,29,29,29,28
A466920,SOL 조선TOP3플러스,20231005,,일반,FnGuide 조선TOP3플러스지수(PR),1572347,1707250.5,1661175.75,1695330,1663298,30770,32895,31915,32760,32110,-5.21,6.91,-2.98,2.65,-1.98,30763.75,32748.41,31728.33,32725.84,32116.31,0.02,0.45,0.59,0.1,-0.02,51100000,51900000,52050000,51750000,51800000,50000,1022,1038,1041,1035,1036
A466930,SOL 자동차TOP3플러스,20231005,,일반,FnGuide 자동차TOP3플러스지수(PR),341053.75,344587.75,348652.5,341542.5,333689,29275,30095,30450,30225,29530,-3.98,2.8,1.18,-0.74,-2.3,29390.42,30155.97,30392.31,30171.55,29534.07,-0.39,-0.2,0.19,0.18,-0.01,11650000,11450000,11450000,11300000,11300000,50000,233,229,229,226,226
A466940,TIGER 은행고배당플러스TOP10,20231017,,일반,FnGuide 은행고배당플러스TOP10 지수(시장가격 지수),714400,742212.25,750155.25,758910,786962.25,23500,24295,24555,24600,25345,-3.57,3.76,1.07,0.18,3.03,23451.49,24392.8,24461.45,24692.72,25496.64,0.21,-0.4,0.38,-0.38,-0.59,30400000,30550000,30550000,30850000,31050000,50000,608,611,611,617,621
A469070,RISE AI&로봇,20231024,,일반,iSelect AI&로봇 지수(시장가격),347115.5,378367,378950,376512.5,358475,10730,11660,11660,11585,11030,-6.41,8.67,0,-0.64,-4.79,10773.12,11623.6,11668.79,11562.37,10989.19,-0.4,0.31,-0.08,0.2,0.37,32350000,32450000,32500000,32500000,32500000,50000,647,649,650,650,650
A469150,ACE AI반도체TOP3+,20231017,,일반,FnGuide AI 반도체 TOP3+ 지수,1228080,1363020.5,1383532.5,1449925.75,1291236.5,76755,75305,76650,74165,65545,-5.23,-1.89,1.79,-3.24,-11.62,76423.32,74977.24,76497.25,73874.5,65032.85,0.43,0.44,0.2,0.39,0.79,16000000,18100000,18050000,19550000,19700000,50000,320,362,361,391,394
A469170,ACE 포스코그룹포커스,20231017,,일반,FnGuide 포스코그룹포커스 지수(시장가격),94762.5,106790,104525,105745.5,104253.5,5250,5900,5650,5670,5590,-6.17,12.38,-4.24,0.35,-1.41,5250.44,5909.34,5625.56,5673.97,5598.52,-0.01,-0.16,0.43,-0.07,-0.15,18050000,18100000,18500000,18650000,18650000,50000,361,362,370,373,373
A469790,KIWOOM 코리아테크TOP10,20231031,,일반,Solactive K-TechTOP10 Index(PR),49423.5,43728,44768,43468,49465,54915,54660,55960,54335,49465,-4.88,-0.46,2.38,-2.9,-8.96,54701.95,54432.67,55743.06,54215.22,49275.72,0.39,0.42,0.39,0.22,0.38,900000,800000,800000,800000,1000000,100000,9,8,8,8,10
A470310,UNICORN 생성형AI강소기업액티브,20231121,,일반,iSelect AI 지수,4255,6146,6266.75,6457.5,5043,17020,17560,17905,18450,16810,-2.8,3.17,1.96,3.04,-8.89,17097.66,17580.44,17900.56,18305.92,17102.63,-0.45,-0.12,0.02,0.79,-1.71,250000,350000,350000,350000,300000,50000,5,7,7,7,6
A471760,TIGER AI반도체핵심공정,20231121,,일반,iSelect AI반도체핵심공정지수,160818.5,158862.5,161335.5,161778,143112,17770,17750,18230,18280,16080,-2.28,-0.11,2.7,0.27,-12.04,17746.98,17767.16,18244.83,18235.7,16193.43,0.13,-0.1,-0.08,0.24,-0.7,9050000,8950000,8850000,8850000,8900000,50000,181,179,177,177,178
A471780,TIGER 코리아테크액티브,20231128,,일반,KRX 정보기술,330010.2,328318.5,345273,340800,302457.6,47010,46570,48630,48000,42480,-3.07,-0.94,4.42,-1.3,-11.5,46782.24,46537.27,48449.94,47861.48,42126.83,0.49,0.07,0.37,0.29,0.84,7020000,7050000,7100000,7100000,7120000,10000,702,705,710,710,712
A471990,KODEX AI반도체핵심장비,20231121,,일반,iSelect AI 반도체핵심장비 지수,424099,430397.5,453600,469556.25,423280,26260,26650,28350,29625,26455,-1.94,1.49,6.38,4.5,-10.7,26331.44,26545.2,28278.08,29695.9,26327.16,-0.27,0.39,0.25,-0.24,0.49,16150000,16150000,16000000,15850000,16000000,50000,323,323,320,317,320
A472150,TIGER 배당커버드콜액티브,20231212,,일반,코스피 200 커버드콜 5% OTM 지수(PR 지수),2391207,2524806.85,2554892.5,2497586.5,2288612.7,27300,26435,26750,26150,24035,-5.85,-1.07,1.19,-2.24,-8.09,26671.22,26378.55,26793.69,26142.34,23815.39,2.36,0.21,-0.16,0.03,0.92,87590000,95510000,95510000,95510000,95220000,10000,8759,9551,9551,9551,9522
A472720,TRUSTON 주주가치액티브,20231214,,일반,코스피 200,14734.2,15457,15459.6,15532.4,14557.4,28335,29725,29730,29870,27995,-6.55,4.91,0.02,0.47,-6.28,28678.72,29360.21,29632.03,29749,28070.8,-1.2,1.24,0.33,0.41,-0.27,520000,520000,520000,520000,520000,20000,26,26,26,26,26
A472840,IBK 200,20231221,,일반,코스피 200,50820,51095.63,51667.5,50161.88,45903.75,135520,136255,137780,133765,122410,-6.84,0.54,1.12,-2.91,-8.49,136721.74,135368.78,137184.84,133630.21,122080.76,-0.88,0.65,0.43,0.1,0.27,375000,375000,375000,375000,375000,25000,15,15,15,15,15
A474590,WON 반도체밸류체인액티브,20240116,,일반,FnGuide 반도체 밸류체인 (Price Return) 지수,405545,429557.25,453264.25,461345.5,413498.75,57935,56895,60035,59915,52675,-2.82,-1.8,5.52,-0.2,-12.08,57722.58,56683.14,59844.49,59658.9,52330.35,0.37,0.37,0.32,0.43,0.66,7000000,7550000,7550000,7700000,7850000,50000,140,151,151,154,157
A475050,ACE KPOP포커스,20240130,,일반,iSelect K-POP 포커스지수(시장가격),96303,106368.75,102602.25,106996.5,110661.5,6830,7625,7355,7670,7990,-4.27,11.64,-3.54,4.28,4.17,6853.86,7628.84,7347.69,7682.61,7979.55,-0.35,-0.05,0.1,-0.16,0.13,14100000,13950000,13950000,13950000,13850000,50000,282,279,279,279,277
A475300,SOL 반도체전공정,20240214,,일반,FnGuide 반도체 전공정 지수(PR),215200.75,222826.5,242435.25,289008,290234.5,26405,26370,28355,30105,26030,4.49,-0.13,7.53,6.17,-13.54,26260.06,26343.29,28388.94,29953.51,25998.34,0.55,0.1,-0.12,0.51,0.12,8150000,8450000,8550000,9600000,11150000,50000,163,169,171,192,223
A475310,SOL 반도체후공정,20240214,,일반,FnGuide 반도체 후공정 지수(PR),78624,81513,84901.5,85065,79422,30240,30190,31445,32100,28365,-1.18,-0.17,4.16,2.08,-11.64,30159,30075.79,31483,32125.75,28262.19,0.27,0.38,-0.12,-0.08,0.36,2600000,2700000,2700000,2650000,2800000,50000,52,54,54,53,56
A475720,RISE 200위클리커버드콜,20240305,,일반,코스피 200 위클리 커버드콜 ATM 지수,967642.5,973492,979481.75,968448,890625,15850,15440,15535,15360,14250,-3.94,-0.83,0.62,-1.13,-7.23,15470.81,15351.69,15528.82,15271.37,14203.25,2.45,0.58,0.04,0.58,0.33,61050000,63050000,63050000,63050000,62500000,50000,1221,1261,1261,1261,1250
A476000,UNICORN 포스트IPO액티브,20240227,,일반,iSelect 포스트 IPO 지수,2794.5,3147.75,3745.5,3863.75,3627.25,6210,6995,6810,7025,6595,-4.31,12.64,-2.64,3.16,-6.12,6167.87,7056.41,6774.31,6957.77,6680.25,0.68,-0.87,0.53,0.97,-1.28,450000,450000,550000,550000,550000,50000,9,9,11,11,11
A476260,HANARO 반도체핵심공정주도주,20240227,,일반,FnGuide 반도체 핵심공정 주도주 지수,50660.5,51196.5,53192,55335,51673.75,16610,16515,17440,17850,15425,3.49,-0.57,5.6,2.35,-13.59,16527.79,16497.84,17369.21,17888.51,15386.87,0.5,0.1,0.41,-0.22,0.25,3050000,3100000,3050000,3100000,3350000,50000,61,62,61,62,67
A476850,KoAct 배당성장액티브,20240227,,일반,코스피지수,119644.5,122976,123432,122616,111181.5,25730,25620,25715,25545,23910,-5.21,0.1,0.37,-0.66,-6.4,25474.31,25509.24,25699.59,25505.37,23753.7,1,0.43,0.06,0.16,0.66,4650000,4800000,4800000,4800000,4650000,50000,93,96,96,96,93
A479850,HANARO K-뷰티,20240416,,일반,FnGuide K-뷰티 지수,23312,25424,25064,26320,26592,14570,15890,15665,16450,16620,-2.15,9.06,-1.42,5.01,1.03,14666.82,15884.06,15601.64,16477.51,16600.65,-0.66,0.04,0.41,-0.17,0.12,1600000,1600000,1600000,1600000,1600000,50000,32,32,32,32,32
A482030,KoAct 반도체&2차전지핵심소재액티브,20240514,,일반,iSelect 반도체&2차전지핵심소재 지수,10069.5,11051.25,11025,10967.25,9954,9590,10525,10500,10445,9480,-4.43,9.75,-0.24,-0.52,-9.24,9547.06,10479.78,10455.71,10399.92,9548.26,0.45,0.43,0.42,0.43,-0.71,1050000,1050000,1050000,1050000,1050000,50000,21,21,21,21,21
A483020,KIWOOM 의료AI,20240528,,일반,FnGuide 의료AI 지수,4545,6048,5844,5838,5808,9090,10080,9740,9730,9680,-4.57,10.89,-3.37,-0.1,-0.51,9098.6,10062.57,9709.49,9756.17,9705.71,-0.09,0.17,0.31,-0.27,-0.26,500000,600000,600000,600000,600000,50000,10,12,12,12,12
A484880,SOL 금융지주플러스고배당,20240625,,일반,FnGuide 금융지주플러스고배당 지수(PR),304227,317420.25,320124,321669,333780.75,19755,20545,20720,20820,21465,-3.23,4.4,0.85,0.48,3.1,19639,20542.26,20693.57,20872.53,21603.26,0.59,0.01,0.13,-0.25,-0.64,15400000,15450000,15450000,15450000,15550000,50000,308,309,309,309,311
A486240,DAISHIN343 AI반도체&인프라액티브,20240618,,일반,FnGuide AI반도체&인프라 지수,114096,114832,118688,120000,105760,35655,35885,37090,37500,33050,-2.91,0.65,3.36,1.11,-11.87,35494.67,35747.56,36917.29,37346.48,33218.01,0.45,0.38,0.47,0.41,-0.51,3200000,3200000,3200000,3200000,3200000,100000,32,32,32,32,32
A487130,KoAct AI인프라액티브,20240709,,일반,Solactive AI인프라 지수,79269.5,79752.5,83777.5,85123,77326,34465,34675,36425,37010,33620,-3.13,0.61,5.05,1.61,-9.16,34275.68,34659.21,36281.33,36861.83,32646.8,0.55,0.05,0.4,0.4,2.98,2300000,2300000,2300000,2300000,2300000,50000,46,46,46,46,46
A487240,KODEX AI전력핵심설비,20240709,,일반,iSelect AI 전력핵심설비 지수(Price Return),3158422,3394635,3531420,3835041,3572662.5,37690,40850,42650,46655,43305,-6.74,8.38,4.41,9.39,-7.18,37835.84,40675.49,42536.88,46424.67,43127.75,-0.39,0.43,0.27,0.5,0.41,83800000,83100000,82800000,82200000,82500000,100000,838,831,828,822,825
A487750,BNK 온디바이스AI,20240723,,일반,FnGuide 온디바이스AI 지수,15968,15934,16528,15948,14192,39920,39835,41320,39870,35480,-4.47,-0.21,3.73,-3.51,-11.01,39737.18,39668.97,41159.11,40130.93,35405.48,0.46,0.42,0.39,-0.65,0.21,400000,400000,400000,400000,400000,50000,8,8,8,8,8
A488080,TIGER 반도체TOP10레버리지,20240723,,레버리지,FnGuide 반도체TOP10레버리지(2x) 지수(PR),1076274.5,982143.75,948774.75,864870,676575,83110,80175,82145,76200,60140,-8.67,-3.53,2.46,-7.24,-21.08,84155.85,79557,82369.97,75763.54,59265.13,-1.24,0.78,-0.27,0.58,1.48,12950000,12250000,11550000,11350000,11250000,50000,259,245,231,227,225
A488200,KIWOOM K-2차전지북미공급망,20240723,,일반,Solactive K-Battery North America Supply Chain 지수,9952,11024,10648,10620,10232,12440,13780,13310,13275,12790,-5.79,10.77,-3.41,-0.26,-3.65,12494.99,13728.62,13389.48,13311.58,12898.97,-0.44,0.37,-0.59,-0.27,-0.84,800000,800000,800000,800000,800000,50000,16,16,16,16,16
A488210,KIWOOM K-반도체북미공급망,20240723,,일반,Solactive K-Semiconductor North America Supply Chain 지수,5592,5739,5920,5842,5128,27960,28695,29600,29210,25640,-4.51,2.63,3.15,-1.32,-12.22,27966.83,28622.58,29566.43,29158.64,25459.15,-0.02,0.25,0.11,0.18,0.71,200000,200000,200000,200000,200000,50000,4,4,4,4,4
A489030,PLUS 고배당주위클리커버드콜,20240813,,일반,코스피 고배당 위클리 콜매도 ATM 지수,269563.25,273233.75,273914,280263,282555,5905,6025,6040,6180,6300,-1.25,3.61,0.25,2.32,1.94,5823.99,6048.83,6012.71,6207.24,6325.48,1.39,-0.39,0.45,-0.44,-0.4,45650000,45350000,45350000,45350000,44850000,50000,913,907,907,907,897
A490480,SOL K방산,20241002,,일반,KEDI K방산 지수(PR),87667,91872,89523,95091,94192,30230,31680,30870,32790,32480,-5.06,4.8,-2.56,6.22,-0.95,30345.49,31720.22,30787.14,32666.46,32537.56,-0.38,-0.13,0.27,0.38,-0.18,2900000,2900000,2900000,2900000,2900000,50000,58,58,58,58,58
A491220,PLUS 200TR,20240910,,일반,코스피 200 TR지수,72963,72947.25,73716.75,63868,58098,162140,162105,163815,159670,145245,-6.34,-0.02,1.05,-2.53,-9.03,163225.08,161451.15,163692.03,159393.65,145466.55,-0.66,0.4,0.08,0.17,-0.15,450000,450000,450000,400000,400000,50000,9,9,9,8,8
A491510,파워 K-주주가치액티브,20240924,,일반,FnGuide K-주주가치 지수,15187.5,16038,15682.5,15835.5,15880.5,16875,17820,17425,17595,17645,-2.57,5.6,-2.22,0.98,0.28,17002.75,17711.25,17532.43,17728.58,17780.93,-0.75,0.61,-0.61,-0.75,-0.76,900000,900000,900000,900000,900000,50000,18,18,18,18,18
A491700,HK 200,20240910,,일반,코스피 200,81336,82902,83370,81333,74952,135560,138170,138950,135555,124920,-7.57,1.93,0.56,-2.44,-7.85,138395.65,137021.88,138866.34,135272.79,123565.08,-2.05,0.84,0.06,0.21,1.1,600000,600000,600000,600000,600000,50000,12,12,12,12,12
A491820,HANARO 전력설비투자,20240924,,일반,iSelect 전력설비투자 지수,162576,178466.75,186150,200862,186354,45160,48895,51000,55795,51765,-6.33,8.27,4.31,9.4,-7.22,45303.56,48711.35,50899.15,55505.08,51564,-0.32,0.38,0.2,0.52,0.39,3600000,3650000,3650000,3600000,3600000,50000,72,73,73,72,72
A494220,UNICORN SK하이닉스밸류체인액티브,20241107,,일반,FnGuide SK하이닉스밸류체인 지수,242550,242541,254982,245310,212269,63000,62190,65380,66300,57370,-3.89,-1.29,5.13,1.41,-13.47,62909.82,62021.55,65118.72,66420.57,57285.78,0.14,0.27,0.4,-0.18,0.15,3850000,3900000,3900000,3700000,3700000,50000,77,78,78,74,74
A494310,KODEX 반도체레버리지,20241022,,레버리지,KRX 반도체 레버리지 지수,1958343.75,1921356,1983037.5,1880928,1416688,174075,168540,176270,167940,126490,-9.9,-3.18,4.59,-4.73,-24.68,173849.32,167018.74,176171.99,167641.56,126708.34,0.13,0.91,0.06,0.18,-0.17,11250000,11400000,11250000,11200000,11200000,50000,225,228,225,224,224
A494330,ACE 라이프자산주주가치액티브,20241015,,일반,FnGuide 기업가치 지수(시장가격),143871,142716,149102.5,144781,139449,34255,33980,34675,33670,32430,-4.73,-0.8,2.05,-2.9,-3.68,34490.04,33940.91,34543.11,33863.25,32257.86,-0.68,0.12,0.38,-0.57,0.53,4200000,4200000,4300000,4300000,4300000,50000,84,84,86,86,86
A494670,TIGER 조선TOP10,20241022,,일반,iSelect 조선TOP10 Index(PR),608907,645664.5,633068.75,648186,636158.25,24020,25470,24875,25620,25095,-5.13,6.04,-2.34,2.99,-2.05,24017.16,25453.74,24744.29,25520.79,25062.71,0.01,0.06,0.53,0.39,0.13,25350000,25350000,25450000,25300000,25350000,50000,507,507,509,506,507
A494890,KODEX 200액티브,20241029,,일반,코스피 200,1321692,1300043.5,1300325,1269125,1162687.5,39810,39515,40010,39050,35775,-5.84,-0.74,1.25,-2.4,-8.39,39817.35,39393.58,39974.62,38915.14,35504.16,-0.02,0.31,0.09,0.35,0.76,33200000,32900000,32500000,32500000,32500000,100000,332,329,325,325,325
A495040,PLUS 코리아밸류업,20241104,,일반,코리아 밸류업 지수,107100,106918,107604,107296,99820,38250,38185,38430,38320,35650,-5.81,-0.17,0.64,-0.29,-6.97,38190.11,38168.44,38578.84,38309.59,35768.48,0.16,0.04,-0.39,0.03,-0.33,2800000,2800000,2800000,2800000,2800000,50000,56,56,56,56,56
A495050,RISE 코리아밸류업,20241104,,일반,코리아 밸류업 지수,1102815,1112976,1118403,1113129.5,1050861.25,38900,38645,39105,38785,36425,-5.58,-0.66,1.19,-0.82,-6.08,38753.19,38731.21,39148.31,38874.55,36290.5,0.38,-0.22,-0.11,-0.23,0.37,28350000,28800000,28600000,28700000,28850000,50000,567,576,572,574,577
A495060,TIME 코리아밸류업액티브,20241104,,일반,코리아 밸류업 지수,299072.5,294965,304512,300885,272618.5,38590,38060,39040,38575,35405,-5.92,-1.37,2.57,-1.19,-8.22,38650.31,37994.52,38995.48,38745.82,35069.25,-0.16,0.17,0.11,-0.44,0.96,7750000,7750000,7800000,7800000,7700000,50000,155,155,156,156,154
A495230,KoAct 코리아밸류업액티브,20241104,,일반,코리아 밸류업 지수,336090,340953,348565.5,344215.5,311348.25,39540,39190,40065,39565,36415,-5.04,-0.68,2.23,-1.25,-7.96,39293.11,39098.93,40066.73,39449.48,35992.05,0.63,0.23,0,0.29,1.18,8500000,8700000,8700000,8700000,8550000,50000,170,174,174,174,171
A495330,1Q 코리아밸류업,20241104,,일반,코리아 밸류업 지수,165356.5,165206,166754,165743.5,155036.5,38455,38420,38780,38545,36055,-5.83,0.04,0.94,-0.61,-6.46,38350.24,38299.93,38725.68,38443.79,35865.15,0.27,0.31,0.14,0.26,0.53,4300000,4300000,4300000,4300000,4300000,100000,43,43,43,43,43
A495550,SOL 코리아밸류업TR,20241104,,일반,코리아 밸류업 TR 지수,237674.25,235890,238200,237210,220620,39285,39315,39700,39535,36770,-5.44,0.08,0.98,-0.42,-6.99,39236.97,39228.26,39641.27,39371.17,36772.29,0.12,0.22,0.15,0.42,-0.01,6050000,6000000,6000000,6000000,6000000,50000,121,120,120,120,120
A495750,HANARO 코리아밸류업,20241104,,일반,코리아 밸류업 지수,91908,92424,93372,92172,89100,38295,38510,38905,38405,37125,-5.72,0.56,1.03,-1.29,-3.33,38444.05,38423.5,38834.72,38564.98,36011.08,-0.39,0.23,0.18,-0.41,3.09,2400000,2400000,2400000,2400000,2400000,50000,48,48,48,48,48
A495850,KODEX 코리아밸류업,20241104,,일반,코리아 밸류업 지수,860111,849255.75,858516.75,852673.5,798651,38570,38515,38935,38670,36220,-5.78,-0.07,1.09,-0.68,-6.34,38471.4,38455.46,38864,38596.32,36031.38,0.26,0.15,0.18,0.19,0.52,22300000,22050000,22050000,22050000,22050000,50000,446,441,441,441,441
A496080,TIGER 코리아밸류업,20241104,,일반,코리아 밸류업 지수,617676.5,591557.5,603105,598765,570538,38365,38165,38910,38630,36340,-6.14,-0.46,1.95,-0.72,-5.93,38447.62,38432.6,38836.9,38575.62,36038.91,-0.21,-0.7,0.19,0.14,0.84,16100000,15500000,15500000,15500000,15700000,50000,322,310,310,310,314
A496090,KIWOOM 코리아밸류업,20241104,,일반,코리아 밸류업 지수,125612.5,125271.25,126945,124767.5,117975,38650,38545,39060,38390,36300,-4.9,-0.27,1.34,-1.72,-5.44,38500.88,38486.12,38887.43,38623.13,36068.51,0.39,0.15,0.44,-0.6,0.64,3250000,3250000,3250000,3250000,3250000,50000,65,65,65,65,65
A496120,ACE 코리아밸류업,20241104,,일반,코리아 밸류업 지수,32044,32124,32368,32168,30088,40055,40155,40460,40210,37610,-6.28,0.25,0.76,-0.62,-6.47,39994.89,39962.23,40400.7,40111.36,37443.56,0.15,0.48,0.15,0.25,0.44,800000,800000,800000,800000,800000,50000,16,16,16,16,16
A496130,TRUSTON 코리아밸류업액티브,20241104,,일반,코리아 밸류업 지수,15472.5,15355,15562.5,15140,14192.5,30945,30710,31125,30280,28385,-4.93,-0.76,1.35,-2.71,-6.26,30791.89,30697.05,30993.71,30477.59,28543.09,0.5,0.04,0.42,-0.65,-0.55,500000,500000,500000,500000,500000,20000,25,25,25,25,25
A498050,HANARO 바이오코리아액티브,20241126,,일반,iSelect K-바이오헬스케어,12437.25,14028,13371.75,12890,12595,11845,13360,12735,12890,12595,-5.32,12.79,-4.68,1.22,-2.29,11826.96,13392.29,12697.31,12918.33,12649.83,0.15,-0.24,0.3,-0.22,-0.43,1050000,1050000,1050000,1000000,1000000,50000,21,21,21,20,20
A498400,KODEX 200타겟위클리커버드콜,20241203,,일반,코스피 200 타겟 15% 위클리 커버드콜 지수,6692560,6670312,6578673,6484852.5,6055276.5,26600,26480,26710,26075,24115,-5.72,-0.45,0.87,-2.38,-7.52,26580.99,26336.38,26695.96,26029.4,23817.29,0.07,0.55,0.05,0.18,1.25,251600000,251900000,246300000,248700000,251100000,100000,2516,2519,2463,2487,2511
A498410,KODEX 금융고배당TOP10타겟위클리커버드콜,20241217,,일반,코스피 200 금융 고배당 TOP 10 타겟 15% 분배 위클리 커버드콜 지수,751295,817656,827700,838860,836352,10810,10990,11125,11275,11520,-2.83,3,1.23,1.35,2.17,10663.58,11039.52,11096.04,11299.3,11522.95,1.37,-0.45,0.26,-0.22,-0.03,69500000,74400000,74400000,74400000,72600000,100000,695,744,744,744,726
A498860,RISE 코리아금융고배당,20241210,,일반,iSelect 코리아 금융 고배당 지수,35475,36947.75,37066,39285,39240,16500,17185,17240,17460,17440,-4.29,4.15,0.32,1.28,-0.11,16449.44,17240.07,17284.31,17531.36,17431.48,0.31,-0.32,-0.26,-0.41,0.05,2150000,2150000,2150000,2250000,2250000,50000,43,43,43,45,45
,,20241217,,일반,코스피 200 금융 고배당 TOP 10 타겟 15% 분배 위클리 커버드콜 지수,855384,854274,,,,12290,12345,,,,5.22,0.45,,,,12317.84,12465.7,,,,-0.23,-0.97,,,,69600000,69200000,,,,100000,696,692,0,0,0
,,20241210,,일반,iSelect 코리아 금융 고배당 지수,40950,40297.5,,,,18200,17910,,,,5.72,-1.59,,,,18228.22,17954.43,,,,-0.15,-0.25,,,,2250000,2250000,,,,50000,45,45,0,0,0
